YPBBN	DoH	He3oH	Li7oH	Neff	YPCMB	He3oHe4	n	p	H2	H3	He3	He4	Li7	Be7	He6	Li8	Li6	B8
2.4717804331e-01	2.4052610337e-05	1.0440778005e-05	5.4925883784e-10	3.0439772986e+00	2.4585108747e-01	1.2718642055e-04	3.9640525413e-16	7.5276216374e-01	1.8105895001e-05	5.8560751638e-08	7.8008618901e-06	6.1794510828e-02	2.1477774493e-11	3.9198349673e-10	0.0000000000e+00	0.0000000000e+00	0.0000000000e+00	0.0000000000e+00
2.4705015099e-01	2.4117166149e-05	1.0386442365e-05	5.4816576029e-10	3.0439772986e+00	2.4572365763e-01	1.2661152892e-04	3.9108343636e-16	7.5289007142e-01	1.8157574944e-05	5.7203741077e-08	7.7626455929e-06	6.1762537748e-02	2.2695910672e-11	3.9001264775e-10	0.0000000000e+00	0.0000000000e+00	0.0000000000e+00	0.0000000000e+00
2.4714951680e-01	2.4495638217e-05	1.0279012983e-05	5.8308629347e-10	3.0439772986e+00	2.4582266410e-01	1.2523499544e-04	4.0476401441e-16	7.5279038614e-01	1.8440080952e-05	5.8439053507e-08	7.6795030990e-06	6.1787379201e-02	2.2482915882e-11	4.1645884013e-10	0.0000000000e+00	0.0000000000e+00	0.0000000000e+00	0.0000000000e+00
2.4683904299e-01	2.4446799491e-05	1.0261257196e-05	5.5371007714e-10	3.0439772986e+00	2.4551331354e-01	1.2522755619e-04	4.0636865948e-16	7.5310094899e-01	1.8410907896e-05	5.9177447108e-08	7.6685850847e-06	6.1709760748e-02	2.0985743592e-11	3.9601384097e-10	0.0000000000e+00	0.0000000000e+00	0.0000000000e+00	0.0000000000e+00
2.4708570137e-01	2.3884057647e-05	1.0482335012e-05	5.8631780322e-10	3.0439772986e+00	2.4575907943e-01	1.2775607325e-04	3.8815877433e-16	7.5285465807e-01	1.7981224053e-05	5.8822193591e-08	7.8328525473e-06	6.1771425343e-02	2.2652091589e-11	4.1875999767e-10	0.0000000000e+00	0.0000000000e+00	0.0000000000e+00	0.0000000000e+00
2.4698612951e-01	2.4090241479e-05	1.0302336603e-05	5.6724464032e-10	3.0439772986e+00	2.4565986775e-01	1.2562954606e-04	3.9611960684e-16	7.5295431823e-01	1.8138851349e-05	5.7681037510e-08	7.6995077956e-06	6.1746532378e-02	2.1974409758e-11	4.0513489166e-10	0.0000000000e+00	0.0000000000e+00	0.0000000000e+00	0.0000000000e+00
2.4699043430e-01	2.4174909194e-05	1.0164213267e-05	5.4120007482e-10	3.0439772986e+00	2.4566415696e-01	1.2394239344e-04	3.9595716423e-16	7.5295019841e-01	1.8202502674e-05	5.8644292767e-08	7.5945021034e-06	6.1747608574e-02	1.9703066084e-11	3.8779363763e-10	0.0000000000e+00	0.0000000000e+00	0.0000000000e+00	0.0000000000e+00
2.4696455098e-01	2.4322230783e-05	1.0540433701e-05	5.6476252852e-10	3.0439772986e+00	2.4563836729e-01	1.2854773072e-04	4.0172109970e-16	7.5297500793e-01	1.8314031916e-05	5.8576929117e-08	7.8781062203e-06	6.1741137746e-02	2.3292845078e-11	4.0195922431e-10	0.0000000000e+00	0.0000000000e+00	0.0000000000e+00	0.0000000000e+00
2.4696366526e-01	2.4076996037e-05	1.0325156440e-05	5.3827086272e-10	3.0439772986e+00	2.4563748478e-01	1.2592302148e-04	3.9131039745e-16	7.5297674926e-01	1.8129418208e-05	5.9022947463e-08	7.7155797840e-06	6.1740916316e-02	2.1321559098e-11	3.8398388534e-10	0.0000000000e+00	0.0000000000e+00	0.0000000000e+00	0.0000000000e+00
2.4716899529e-01	2.3940912356e-05	1.0597718177e-05	5.5806334015e-10	3.0439772986e+00	2.4584207217e-01	1.2910446414e-04	3.9212541872e-16	7.5277102475e-01	1.8022025127e-05	5.8609269459e-08	7.9190459028e-06	6.1792248823e-02	2.2396837976e-11	3.9769707447e-10	0.0000000000e+00	0.0000000000e+00	0.0000000000e+00	0.0000000000e+00
2.4711239969e-01	2.4715481827e-05	1.0490442222e-05	5.5908848479e-10	3.0439772986e+00	2.4578568120e-01	1.2783631942e-04	4.0412619527e-16	7.5282669196e-01	1.8606474424e-05	5.7888367049e-08	7.8395965479e-06	6.1778099923e-02	2.1255803150e-11	3.9964093137e-10	0.0000000000e+00	0.0000000000e+00	0.0000000000e+00	0.0000000000e+00
2.4714169397e-01	2.4304056181e-05	1.0473561088e-05	5.7889710515e-10	3.0439772986e+00	2.4581486955e-01	1.2761062394e-04	3.9906626407e-16	7.5279805746e-01	1.8296046281e-05	5.8038713609e-08	7.8264377285e-06	6.1785423492e-02	2.1303820343e-11	4.1448879588e-10	0.0000000000e+00	0.0000000000e+00	0.0000000000e+00	0.0000000000e+00
2.4689798369e-01	2.4437943814e-05	1.0388961427e-05	5.8367310438e-10	3.0439772986e+00	2.4557204089e-01	1.2674581540e-04	4.0126510733e-16	7.5304173769e-01	1.8402791675e-05	5.8645678110e-08	7.7646758877e-06	6.1724495922e-02	2.1293810231e-11	4.1823639853e-10	0.0000000000e+00	0.0000000000e+00	0.0000000000e+00	0.0000000000e+00
2.4693649393e-01	2.4313260715e-05	1.0343988461e-05	5.4745998106e-10	3.0439772986e+00	2.4561041177e-01	1.2617105878e-04	4.0097468292e-16	7.5300352006e-01	1.8307970903e-05	5.8642394470e-08	7.7304173282e-06	6.1734123483e-02	2.2755441977e-11	3.8948385085e-10	0.0000000000e+00	0.0000000000e+00	0.0000000000e+00	0.0000000000e+00
2.4701652363e-01	2.4393996764e-05	1.0340719211e-05	5.4509922852e-10	3.0439772986e+00	2.4569015191e-01	1.2607689837e-04	4.0488685324e-16	7.5292338257e-01	1.8366810558e-05	5.8114853231e-08	7.7276544329e-06	6.1754130908e-02	2.1036724181e-11	3.8938123079e-10	0.0000000000e+00	0.0000000000e+00	0.0000000000e+00	0.0000000000e+00
2.4706893705e-01	2.4186413776e-05	1.0437355511e-05	5.4120890143e-10	3.0439772986e+00	2.4574237574e-01	1.2721927865e-04	3.9713399837e-16	7.5287106765e-01	1.8209251162e-05	5.9757493695e-08	7.7982254936e-06	6.1767234262e-02	2.2529709935e-11	3.8493081350e-10	0.0000000000e+00	0.0000000000e+00	0.0000000000e+00	0.0000000000e+00
2.4702838006e-01	2.4446117531e-05	1.0513240172e-05	5.5176376780e-10	3.0439772986e+00	2.4570196545e-01	1.2817207139e-04	4.0675487371e-16	7.5291105893e-01	1.8405752237e-05	5.8759170253e-08	7.8567756205e-06	6.1757095015e-02	2.0991100017e-11	3.9443794267e-10	0.0000000000e+00	0.0000000000e+00	0.0000000000e+00	0.0000000000e+00
2.4700672105e-01	2.3955870289e-05	1.0578422521e-05	5.6815525859e-10	3.0439772986e+00	2.4568038479e-01	1.2898186120e-04	3.9394601884e-16	7.5293330707e-01	1.8037172640e-05	5.8638428360e-08	7.9062082242e-06	6.1751680263e-02	2.1939504622e-11	4.0584351315e-10	0.0000000000e+00	0.0000000000e+00	0.0000000000e+00	0.0000000000e+00
2.4683557044e-01	2.4892375433e-05	1.0318420522e-05	5.2953208109e-10	3.0439772986e+00	2.4550985356e-01	1.2592739120e-04	4.1369748812e-16	7.5310362117e-01	1.8746538079e-05	5.9541220369e-08	7.7112986397e-06	6.1708892610e-02	2.0299311082e-11	3.7849321672e-10	0.0000000000e+00	0.0000000000e+00	0.0000000000e+00	0.0000000000e+00
2.4682766242e-01	2.4361865202e-05	1.0625579087e-05	5.4348568703e-10	3.0439772986e+00	2.4550197416e-01	1.2968152994e-04	3.9904620465e-16	7.5311163357e-01	1.8347204099e-05	5.7422193061e-08	7.9448250305e-06	6.1706915605e-02	2.1316224932e-11	3.8798916865e-10	0.0000000000e+00	0.0000000000e+00	0.0000000000e+00	0.0000000000e+00
2.4694827850e-01	2.4262605906e-05	1.0395392236e-05	5.7134214204e-10	3.0439772986e+00	2.4562215369e-01	1.2679001584e-04	3.9639083077e-16	7.5299169648e-01	1.8269540782e-05	5.9167003076e-08	7.7684770324e-06	6.1737069625e-02	2.0451268259e-11	4.0976462055e-10	0.0000000000e+00	0.0000000000e+00	0.0000000000e+00	0.0000000000e+00
2.4709452349e-01	2.3945989359e-05	1.0591520297e-05	5.7211189747e-10	3.0439772986e+00	2.4576786964e-01	1.2908061658e-04	3.9016000860e-16	7.5284549690e-01	1.8027630258e-05	5.8484245117e-08	7.9152941162e-06	6.1773630872e-02	2.1039493807e-11	4.0967237193e-10	0.0000000000e+00	0.0000000000e+00	0.0000000000e+00	0.0000000000e+00
2.4696713384e-01	2.3899127417e-05	1.0376785415e-05	5.5372543170e-10	3.0439772986e+00	2.4564094081e-01	1.2655034063e-04	3.8523162286e-16	7.5297343210e-01	1.7995407995e-05	5.8462948034e-08	7.7549807798e-06	6.1741783460e-02	2.0871067885e-11	3.9606947086e-10	0.0000000000e+00	0.0000000000e+00	0.0000000000e+00	0.0000000000e+00
2.4694226985e-01	2.4444940700e-05	1.0288970028e-05	5.5721404330e-10	3.0439772986e+00	2.4561616678e-01	1.2549605976e-04	4.0488814038e-16	7.5299767054e-01	1.8406983403e-05	5.9311034056e-08	7.6882594294e-06	6.1735567462e-02	2.2536250904e-11	3.9704462570e-10	0.0000000000e+00	0.0000000000e+00	0.0000000000e+00	0.0000000000e+00
2.4696926592e-01	2.4234083503e-05	1.0609791876e-05	5.8452584707e-10	3.0439772986e+00	2.4564306517e-01	1.2939031611e-04	3.9335180912e-16	7.5297026934e-01	1.8247544383e-05	5.7038216393e-08	7.9318196302e-06	6.1742316479e-02	2.0905347449e-11	4.1922523706e-10	0.0000000000e+00	0.0000000000e+00	0.0000000000e+00	0.0000000000e+00
2.4692737386e-01	2.4696762502e-05	1.0477716530e-05	5.4591944311e-10	3.0439772986e+00	2.4560132470e-01	1.2780832906e-04	4.0707199881e-16	7.5301175983e-01	1.8596952594e-05	5.8018535410e-08	7.8318252280e-06	6.1731843465e-02	2.1716739949e-11	3.8936702063e-10	0.0000000000e+00	0.0000000000e+00	0.0000000000e+00	0.0000000000e+00
2.4687324886e-01	2.4314175604e-05	1.0258100252e-05	5.2900424696e-10	3.0439772986e+00	2.4554739558e-01	1.2516603292e-04	3.9852442782e-16	7.5306695284e-01	1.8310202133e-05	5.8480651521e-08	7.6665556470e-06	6.1718312215e-02	2.0725777938e-11	3.7764983836e-10	0.0000000000e+00	0.0000000000e+00	0.0000000000e+00	0.0000000000e+00
2.4692276555e-01	2.4500001537e-05	1.0171790422e-05	5.1399173063e-10	3.0439772986e+00	2.4559673306e-01	1.2407984667e-04	4.0413740383e-16	7.5301735529e-01	1.8448926362e-05	5.8490562821e-08	7.6010441594e-06	6.1730691388e-02	2.0207297817e-11	3.6683739582e-10	0.0000000000e+00	0.0000000000e+00	0.0000000000e+00	0.0000000000e+00
2.4702329057e-01	2.4352679659e-05	1.0355880704e-05	5.2013430428e-10	3.0439772986e+00	2.4569689437e-01	1.2625716272e-04	3.9928951023e-16	7.5291664427e-01	1.8335537848e-05	5.8744923228e-08	7.7383700248e-06	6.1755822642e-02	2.1689224386e-11	3.6992855056e-10	0.0000000000e+00	0.0000000000e+00	0.0000000000e+00	0.0000000000e+00
2.4722979316e-01	2.4365439104e-05	1.0284538890e-05	5.3001548787e-10	3.0439772986e+00	2.4590265026e-01	1.2524830853e-04	4.0251249734e-16	7.5271029998e-01	1.8340116977e-05	5.9081665429e-08	7.6821966877e-06	6.1807448291e-02	2.1538411663e-11	3.7740970520e-10	0.0000000000e+00	0.0000000000e+00	0.0000000000e+00	0.0000000000e+00
2.4720184129e-01	2.4450986183e-05	1.0540806309e-05	5.7873938022e-10	3.0439772986e+00	2.4587479942e-01	1.2838837429e-04	4.0098940948e-16	7.5273754193e-01	1.8405175237e-05	5.8754762116e-08	7.8757058690e-06	6.1800460322e-02	2.2923748425e-11	4.1271511006e-10	0.0000000000e+00	0.0000000000e+00	0.0000000000e+00	0.0000000000e+00
2.4694494849e-01	2.4584919546e-05	1.0283672575e-05	5.7496825184e-10	3.0439772986e+00	2.4561883573e-01	1.2542960610e-04	4.0440641758e-16	7.5299479320e-01	1.8512316409e-05	5.8684549068e-08	7.6848673552e-06	6.1736237122e-02	2.3077373138e-11	4.0987072675e-10	0.0000000000e+00	0.0000000000e+00	0.0000000000e+00	0.0000000000e+00
2.4706616657e-01	2.4371242777e-05	1.0442470962e-05	5.4388161657e-10	3.0439772986e+00	2.4573961528e-01	1.2728347669e-04	4.0003581901e-16	7.5287354805e-01	1.8348464020e-05	5.9168844766e-08	7.8026913189e-06	6.1766541643e-02	2.3175076804e-11	3.8629900559e-10	0.0000000000e+00	0.0000000000e+00	0.0000000000e+00	0.0000000000e+00
2.4717774734e-01	2.4555637389e-05	1.0155326572e-05	5.3137139845e-10	3.0439772986e+00	2.4585079257e-01	1.2370931523e-04	4.0718016899e-16	7.5276234710e-01	1.8484559235e-05	5.9399906339e-08	7.5851475597e-06	6.1794436834e-02	2.1926341484e-11	3.7807003960e-10	0.0000000000e+00	0.0000000000e+00	0.0000000000e+00	0.0000000000e+00
2.4716503305e-01	2.4522724414e-05	1.0484859603e-05	5.5891947969e-10	3.0439772986e+00	2.4583812425e-01	1.2773220288e-04	4.0440620273e-16	7.5277436565e-01	1.8460078315e-05	5.8461273558e-08	7.8342722632e-06	6.1791258262e-02	2.2685504350e-11	3.9805475242e-10	0.0000000000e+00	0.0000000000e+00	0.0000000000e+00	0.0000000000e+00
2.4715497525e-01	2.4273805943e-05	1.0401444979e-05	5.7705299599e-10	3.0439772986e+00	2.4582810281e-01	1.2672294541e-04	4.0257224802e-16	7.5278498564e-01	1.8272956658e-05	5.8457501398e-08	7.7715941081e-06	6.1788743813e-02	2.2581036542e-11	4.1181579476e-10	0.0000000000e+00	0.0000000000e+00	0.0000000000e+00	0.0000000000e+00
2.4688146401e-01	2.4254605550e-05	1.0334961812e-05	5.8397761532e-10	3.0439772986e+00	2.4555558100e-01	1.2609828711e-04	3.9832187335e-16	7.5305865413e-01	1.8265140612e-05	5.9245707716e-08	7.7235867253e-06	6.1720366003e-02	2.2487425357e-11	4.1728197168e-10	0.0000000000e+00	0.0000000000e+00	0.0000000000e+00	0.0000000000e+00
2.4701127335e-01	2.4599027180e-05	1.0053125705e-05	5.3779140179e-10	3.0439772986e+00	2.4568492063e-01	1.2257399450e-04	4.0795599118e-16	7.5292897330e-01	1.8521320279e-05	5.8524108050e-08	7.5107655075e-06	6.1752818339e-02	2.1082053785e-11	3.8383667422e-10	0.0000000000e+00	0.0000000000e+00	0.0000000000e+00	0.0000000000e+00
2.4720795367e-01	2.4064877439e-05	1.0584490300e-05	5.9901549425e-10	3.0439772986e+00	2.4588088971e-01	1.2891629914e-04	3.9519340446e-16	7.5273191252e-01	1.8114401219e-05	5.8059696188e-08	7.9092239300e-06	6.1801988419e-02	2.1332213487e-11	4.2956586513e-10	0.0000000000e+00	0.0000000000e+00	0.0000000000e+00	0.0000000000e+00
2.4699631824e-01	2.4196068213e-05	1.0137944386e-05	5.4436521734e-10	3.0439772986e+00	2.4567001962e-01	1.2361816440e-04	3.9976374359e-16	7.5294434238e-01	1.8218292669e-05	5.9448530740e-08	7.5738593379e-06	6.1749079560e-02	2.2439059542e-11	3.8743765104e-10	0.0000000000e+00	0.0000000000e+00	0.0000000000e+00	0.0000000000e+00
2.4697180176e-01	2.4326155287e-05	1.0587105292e-05	5.7534128636e-10	3.0439772986e+00	2.4564559184e-01	1.2911186940e-04	3.9786209594e-16	7.5296764635e-01	1.8316807891e-05	5.8870765074e-08	7.9128769885e-06	6.1742950441e-02	2.1384789637e-11	4.1182858460e-10	0.0000000000e+00	0.0000000000e+00	0.0000000000e+00	0.0000000000e+00
2.4702946376e-01	2.3835894888e-05	1.0654228152e-05	5.8044207853e-10	3.0439772986e+00	2.4570304523e-01	1.2989027184e-04	3.9226128938e-16	7.5291057554e-01	1.7946297338e-05	5.8781473640e-08	7.9628995763e-06	6.1757365941e-02	2.3178139233e-11	4.1384284018e-10	0.0000000000e+00	0.0000000000e+00	0.0000000000e+00	0.0000000000e+00
2.4688620287e-01	2.4222090242e-05	1.0407311376e-05	5.4227427035e-10	3.0439772986e+00	2.4556030271e-01	1.2697777848e-04	4.0049404208e-16	7.5305380140e-01	1.8240537135e-05	5.9488362320e-08	7.7777770320e-06	6.1721550719e-02	2.1577022927e-11	3.8678467776e-10	0.0000000000e+00	0.0000000000e+00	0.0000000000e+00	0.0000000000e+00
2.4712753149e-01	2.4144087744e-05	1.0606843256e-05	5.7848793583e-10	3.0439772986e+00	2.4580075828e-01	1.2924437063e-04	3.9903646861e-16	7.5281215866e-01	1.8175962814e-05	5.9705162298e-08	7.9252554061e-06	6.1781882873e-02	2.1683806777e-11	4.1380894495e-10	0.0000000000e+00	0.0000000000e+00	0.0000000000e+00	0.0000000000e+00
2.4694816623e-01	2.4536406679e-05	1.0208091638e-05	5.3880707964e-10	3.0439772986e+00	2.4562204182e-01	1.2450563396e-04	4.0627201958e-16	7.5299181968e-01	1.8475713514e-05	5.9842498684e-08	7.6267669994e-06	6.1737041556e-02	2.1076545901e-11	3.8464077745e-10	0.0000000000e+00	0.0000000000e+00	0.0000000000e+00	0.0000000000e+00
2.4682238000e-01	2.4270394913e-05	1.0412130978e-05	5.8369624816e-10	3.0439772986e+00	2.4549671086e-01	1.2708018487e-04	3.9407716443e-16	7.5311753533e-01	1.8278459998e-05	5.9459731195e-08	7.7820986887e-06	6.1705594999e-02	2.2734943823e-11	4.1685693598e-10	0.0000000000e+00	0.0000000000e+00	0.0000000000e+00	0.0000000000e+00
2.4697127575e-01	2.3954019628e-05	1.0416457482e-05	5.4538056555e-10	3.0439772986e+00	2.4564506773e-01	1.2703130406e-04	3.9284799407e-16	7.5296911829e-01	1.8036637039e-05	5.7684940329e-08	7.7855858655e-06	6.1742818937e-02	2.1347693318e-11	3.8930703026e-10	0.0000000000e+00	0.0000000000e+00	0.0000000000e+00	0.0000000000e+00
2.4699288634e-01	2.4476673140e-05	1.0465372714e-05	5.5781225468e-10	3.0439772986e+00	2.4566660013e-01	1.2761285629e-04	3.9833232518e-16	7.5294661186e-01	1.8429628111e-05	5.8636642459e-08	7.8212302847e-06	6.1748221586e-02	2.1025869417e-11	3.9897697780e-10	0.0000000000e+00	0.0000000000e+00	0.0000000000e+00	0.0000000000e+00
2.4697903145e-01	2.4855542730e-05	1.0216596379e-05	5.2728329200e-10	3.0439772986e+00	2.4565279537e-01	1.2458860229e-04	4.0891582719e-16	7.5296045721e-01	1.8715240818e-05	5.9240651294e-08	7.6334524296e-06	6.1744757862e-02	2.1796372360e-11	3.7522709626e-10	0.0000000000e+00	0.0000000000e+00	0.0000000000e+00	0.0000000000e+00
2.4712715296e-01	2.4648776401e-05	1.0453369447e-05	5.5976128880e-10	3.0439772986e+00	2.4580038112e-01	1.2737448172e-04	4.0751858609e-16	7.5281212403e-01	1.8555897717e-05	5.8809053457e-08	7.8106142035e-06	6.1781788240e-02	2.2567196537e-11	3.9882788823e-10	0.0000000000e+00	0.0000000000e+00	0.0000000000e+00	0.0000000000e+00
2.4695967527e-01	2.4322270124e-05	1.0290074813e-05	5.5568733207e-10	3.0439772986e+00	2.4563350923e-01	1.2549781889e-04	4.0009287605e-16	7.5298044873e-01	1.8314193872e-05	5.8392822924e-08	7.6898323274e-06	6.1739918819e-02	2.1082842011e-11	3.9733885465e-10	0.0000000000e+00	0.0000000000e+00	0.0000000000e+00	0.0000000000e+00
2.4698491660e-01	2.4741055062e-05	1.0543304747e-05	5.6151912755e-10	3.0439772986e+00	2.4565865923e-01	1.2856855655e-04	4.1087468924e-16	7.5295400682e-01	1.8628876542e-05	5.8697582223e-08	7.8799259722e-06	6.1746229150e-02	2.1849569293e-11	4.0094850770e-10	0.0000000000e+00	0.0000000000e+00	0.0000000000e+00	0.0000000000e+00
2.4681825689e-01	2.3827816739e-05	1.0290430254e-05	5.6717138192e-10	3.0439772986e+00	2.4549260269e-01	1.2559776870e-04	3.9122960156e-16	7.5312259972e-01	1.7945267288e-05	5.9464405131e-08	7.6904911800e-06	6.1704564223e-02	2.2968549096e-11	4.0418103654e-10	0.0000000000e+00	0.0000000000e+00	0.0000000000e+00	0.0000000000e+00
2.4706544921e-01	2.4516726972e-05	1.0164876556e-05	5.5167089896e-10	3.0439772986e+00	2.4573890051e-01	1.2390041813e-04	4.0280926596e-16	7.5287467321e-01	1.8458022807e-05	5.9578485191e-08	7.5932996304e-06	6.1766362301e-02	2.1866937734e-11	3.9347211004e-10	0.0000000000e+00	0.0000000000e+00	0.0000000000e+00	0.0000000000e+00
2.4706522294e-01	2.4347011417e-05	1.0463646116e-05	5.6721223129e-10	3.0439772986e+00	2.4573867506e-01	1.2754222608e-04	3.9918169359e-16	7.5287448015e-01	1.8330243564e-05	5.7543485382e-08	7.8202686448e-06	6.1766305734e-02	2.2596296409e-11	4.0444331736e-10	0.0000000000e+00	0.0000000000e+00	0.0000000000e+00	0.0000000000e+00
2.4705649610e-01	2.4695586629e-05	1.0312908762e-05	5.6624885913e-10	3.0439772986e+00	2.4572997979e-01	1.2571074286e-04	4.0665112457e-16	7.5288302190e-01	1.8592887889e-05	5.9556917199e-08	7.7048569963e-06	6.1764124026e-02	2.1921657372e-11	4.0439749483e-10	0.0000000000e+00	0.0000000000e+00	0.0000000000e+00	0.0000000000e+00
2.4693459271e-01	2.4642805427e-05	1.0402711096e-05	5.2993429936e-10	3.0439772986e+00	2.4560851742e-01	1.2688852092e-04	4.0550568161e-16	7.5300479233e-01	1.8556150583e-05	5.9292268595e-08	7.7739990398e-06	6.1733648176e-02	2.1668662246e-11	3.7737440479e-10	0.0000000000e+00	0.0000000000e+00	0.0000000000e+00	0.0000000000e+00
2.4707003654e-01	2.4294073986e-05	1.0369030660e-05	5.4967554841e-10	3.0439772986e+00	2.4574347125e-01	1.2638572952e-04	3.9513039986e-16	7.5286996042e-01	1.8290278520e-05	5.8939782969e-08	7.7475919197e-06	6.1767509134e-02	2.2241636308e-11	3.9159257206e-10	0.0000000000e+00	0.0000000000e+00	0.0000000000e+00	0.0000000000e+00
2.4689188198e-01	2.4351127093e-05	1.0419803919e-05	5.6363950441e-10	3.0439772986e+00	2.4556596126e-01	1.2712627727e-04	3.9855400352e-16	7.5304790009e-01	1.8337565122e-05	5.8390626090e-08	7.7882208348e-06	6.1722970494e-02	2.2053587632e-11	4.0239395757e-10	0.0000000000e+00	0.0000000000e+00	0.0000000000e+00	0.0000000000e+00
2.4680169253e-01	2.4699547944e-05	1.0501163697e-05	5.3261180497e-10	3.0439772986e+00	2.4547609829e-01	1.2818094996e-04	4.0399789022e-16	7.5313737390e-01	1.8602152675e-05	5.8105273870e-08	7.8507135759e-06	6.1700423132e-02	2.1533386259e-11	3.7959646985e-10	0.0000000000e+00	0.0000000000e+00	0.0000000000e+00	0.0000000000e+00
2.4704072080e-01	2.4485393977e-05	1.0418071557e-05	5.9956409047e-10	3.0439772986e+00	2.4571426155e-01	1.2700342399e-04	4.0143121261e-16	7.5289887473e-01	1.8435025573e-05	5.8415133613e-08	7.7853392183e-06	6.1760180201e-02	2.3025056180e-11	4.2838607286e-10	0.0000000000e+00	0.0000000000e+00	0.0000000000e+00	0.0000000000e+00
2.4702034256e-01	2.4307184039e-05	1.0294741896e-05	5.4883447501e-10	3.0439772986e+00	2.4569395702e-01	1.2551379233e-04	3.9969505331e-16	7.5291979848e-01	1.8301360109e-05	5.8902729723e-08	7.6922122644e-06	6.1755085640e-02	2.1988320562e-11	3.9124002176e-10	0.0000000000e+00	0.0000000000e+00	0.0000000000e+00	0.0000000000e+00
2.4679675925e-01	2.4228887110e-05	1.0408801473e-05	5.5448832677e-10	3.0439772986e+00	2.4547118287e-01	1.2705707037e-04	3.9730566701e-16	7.5314322423e-01	1.8247822157e-05	5.7900133196e-08	7.7814181684e-06	6.1699189812e-02	2.2061827836e-11	3.9554729839e-10	0.0000000000e+00	0.0000000000e+00	0.0000000000e+00	0.0000000000e+00
2.4681060936e-01	2.4369667685e-05	1.0244815326e-05	5.1862347607e-10	3.0439772986e+00	2.4548498285e-01	1.2504605067e-04	3.9786530662e-16	7.5312953385e-01	1.8353516464e-05	5.8237487075e-08	7.6574355037e-06	6.1702652341e-02	2.0654197627e-11	3.6993645915e-10	0.0000000000e+00	0.0000000000e+00	0.0000000000e+00	0.0000000000e+00
2.4708307679e-01	2.4562477871e-05	1.0359086279e-05	5.5260317625e-10	3.0439772986e+00	2.4575646434e-01	1.2625560520e-04	4.0561721051e-16	7.5285653954e-01	1.8492022092e-05	5.8562469986e-08	7.7403433786e-06	6.1770769197e-02	2.2962066101e-11	3.9306884891e-10	0.0000000000e+00	0.0000000000e+00	0.0000000000e+00	0.0000000000e+00
2.4707016430e-01	2.4202426268e-05	1.0440309898e-05	5.5505096058e-10	3.0439772986e+00	2.4574359855e-01	1.2725444446e-04	3.9614257452e-16	7.5286980964e-01	1.8221276057e-05	5.8132878786e-08	7.8020612467e-06	6.1767541076e-02	2.0963039416e-11	3.9691807162e-10	0.0000000000e+00	0.0000000000e+00	0.0000000000e+00	0.0000000000e+00
2.4708299063e-01	2.4538087947e-05	1.0326988860e-05	5.5764858481e-10	3.0439772986e+00	2.4575637850e-01	1.2586448131e-04	4.0949219304e-16	7.5285673487e-01	1.8473664772e-05	5.9154976026e-08	7.7155881383e-06	6.1770747659e-02	2.1723924690e-11	3.9810556807e-10	0.0000000000e+00	0.0000000000e+00	0.0000000000e+00	0.0000000000e+00
2.4698993956e-01	2.4304363465e-05	1.0425802672e-05	5.4202744040e-10	3.0439772986e+00	2.4566366401e-01	1.2713241956e-04	3.9757290928e-16	7.5294990733e-01	1.8299968219e-05	5.9182059709e-08	7.7909250963e-06	6.1747484890e-02	2.1657467928e-11	3.8646204309e-10	0.0000000000e+00	0.0000000000e+00	0.0000000000e+00	0.0000000000e+00
2.4689495374e-01	2.4143019789e-05	1.0672006829e-05	5.5893694642e-10	3.0439772986e+00	2.4556902191e-01	1.3020107047e-04	3.9234080896e-16	7.5304457228e-01	1.8180770011e-05	5.6665734568e-08	7.9798310834e-06	6.1723738436e-02	2.1571511039e-11	3.9933292271e-10	0.0000000000e+00	0.0000000000e+00	0.0000000000e+00	0.0000000000e+00
2.4709095719e-01	2.4516371668e-05	1.0311308636e-05	5.5226608564e-10	3.0439772986e+00	2.4576431624e-01	1.2566800184e-04	4.0732135891e-16	7.5284883709e-01	1.8457121900e-05	5.9422985051e-08	7.7034337308e-06	6.1772739296e-02	2.2325187407e-11	3.9344769293e-10	0.0000000000e+00	0.0000000000e+00	0.0000000000e+00	0.0000000000e+00
2.4703658739e-01	2.4314758668e-05	1.0453508284e-05	5.6683290936e-10	3.0439772986e+00	2.4571014309e-01	1.2743828374e-04	3.9687256621e-16	7.5290318487e-01	1.8306659241e-05	5.7834082110e-08	7.8126455976e-06	6.1759146848e-02	2.2321091778e-11	4.0444921097e-10	0.0000000000e+00	0.0000000000e+00	0.0000000000e+00	0.0000000000e+00
2.4695264967e-01	2.4276775453e-05	1.0454371200e-05	5.3757158349e-10	3.0439772986e+00	2.4562650904e-01	1.2750634436e-04	3.9705874437e-16	7.5298717127e-01	1.8280100476e-05	5.7770039032e-08	7.8142373582e-06	6.1738162418e-02	2.0201772384e-11	3.8458273363e-10	0.0000000000e+00	0.0000000000e+00	0.0000000000e+00	0.0000000000e+00
2.4692551121e-01	2.4115041222e-05	1.0581945161e-05	5.5808729112e-10	3.0439772986e+00	2.4559946879e-01	1.2908112404e-04	3.9325478712e-16	7.5301426284e-01	1.8158969990e-05	5.8726706503e-08	7.9096289286e-06	6.1731377802e-02	2.1208513773e-11	3.9903917635e-10	0.0000000000e+00	0.0000000000e+00	0.0000000000e+00	0.0000000000e+00
2.4710490492e-01	2.4529452616e-05	1.0408447880e-05	5.6144276304e-10	3.0439772986e+00	2.4577821353e-01	1.2684232607e-04	4.0195037955e-16	7.5283465136e-01	1.8466621908e-05	5.7798340540e-08	7.7780418902e-06	6.1776226231e-02	2.2239059036e-11	4.0043450773e-10	0.0000000000e+00	0.0000000000e+00	0.0000000000e+00	0.0000000000e+00
2.4699951987e-01	2.4021506917e-05	1.0688392908e-05	5.7330109073e-10	3.0439772986e+00	2.4567320967e-01	1.3032770712e-04	3.9324942158e-16	7.5294016043e-01	1.8086757272e-05	5.7811244786e-08	7.9899090264e-06	6.1749879969e-02	2.2955118533e-11	4.0870629670e-10	0.0000000000e+00	0.0000000000e+00	0.0000000000e+00	0.0000000000e+00
2.4695179965e-01	2.4404339700e-05	1.0306785608e-05	5.5634158261e-10	3.0439772986e+00	2.4562566210e-01	1.2570692040e-04	4.0116319568e-16	7.5298816239e-01	1.8376178905e-05	5.8075918861e-08	7.7028116365e-06	6.1737949913e-02	2.3696096805e-11	3.9522252915e-10	0.0000000000e+00	0.0000000000e+00	0.0000000000e+00	0.0000000000e+00
2.4721791267e-01	2.4392698176e-05	1.0176960728e-05	5.6022613288e-10	3.0439772986e+00	2.4589081271e-01	1.2394613368e-04	3.9993941183e-16	7.5272238124e-01	1.8360929856e-05	5.8276710803e-08	7.6021494021e-06	6.1804478168e-02	2.0187909006e-11	4.0150683977e-10	0.0000000000e+00	0.0000000000e+00	0.0000000000e+00	0.0000000000e+00
2.4719145418e-01	2.4119161997e-05	1.0736382299e-05	5.9433363636e-10	3.0439772986e+00	2.4586444986e-01	1.3077782449e-04	3.9377621214e-16	7.5274798602e-01	1.8155650617e-05	5.7028377428e-08	8.0247617752e-06	6.1797863546e-02	2.1818249778e-11	4.2556519802e-10	0.0000000000e+00	0.0000000000e+00	0.0000000000e+00	0.0000000000e+00
2.4708733524e-01	2.4004268658e-05	1.0297056418e-05	5.6853058989e-10	3.0439772986e+00	2.4576070739e-01	1.2549688156e-04	3.9033022307e-16	7.5285326187e-01	1.8071691958e-05	5.8752098995e-08	7.6934204126e-06	6.1771833809e-02	2.1191984308e-11	4.0682812476e-10	0.0000000000e+00	0.0000000000e+00	0.0000000000e+00	0.0000000000e+00
2.4713835784e-01	2.4179233280e-05	1.0358485378e-05	5.3858992477e-10	3.0439772986e+00	2.4581154549e-01	1.2621087125e-04	3.9974134220e-16	7.5280184132e-01	1.8202171335e-05	5.8635539024e-08	7.7392513266e-06	6.1784589461e-02	2.1950462350e-11	3.8350102473e-10	0.0000000000e+00	0.0000000000e+00	0.0000000000e+00	0.0000000000e+00
2.4703453477e-01	2.4036256280e-05	1.0602476792e-05	5.7616614500e-10	3.0439772986e+00	2.4570809789e-01	1.2925579318e-04	3.8839656325e-16	7.5290532016e-01	1.8097025230e-05	5.8306282879e-08	7.9243549005e-06	6.1758633692e-02	2.1785302396e-11	4.1201325347e-10	0.0000000000e+00	0.0000000000e+00	0.0000000000e+00	0.0000000000e+00
2.4696236608e-01	2.4245674697e-05	1.0414685552e-05	5.5998227994e-10	3.0439772986e+00	2.4563619030e-01	1.2701570644e-04	4.0101764360e-16	7.5297759199e-01	1.8256449749e-05	5.8362646706e-08	7.7836622016e-06	6.1740591521e-02	2.2398520415e-11	3.9925558829e-10	0.0000000000e+00	0.0000000000e+00	0.0000000000e+00	0.0000000000e+00
2.4710957226e-01	2.4447371795e-05	1.0412418208e-05	5.6617137899e-10	3.0439772986e+00	2.4578286400e-01	1.2688754642e-04	4.0626073114e-16	7.5283009897e-01	1.8404717328e-05	5.8748529441e-08	7.7800333007e-06	6.1777393066e-02	2.3182002200e-11	4.0304885308e-10	0.0000000000e+00	0.0000000000e+00	0.0000000000e+00	0.0000000000e+00
2.4717034290e-01	2.4192948969e-05	1.0533222640e-05	5.6671452564e-10	3.0439772986e+00	2.4584341490e-01	1.2831779171e-04	3.9431508441e-16	7.5276944343e-01	1.8211712730e-05	5.7556218700e-08	7.8715319257e-06	6.1792585724e-02	2.3101363383e-11	4.0350401467e-10	0.0000000000e+00	0.0000000000e+00	0.0000000000e+00	0.0000000000e+00
2.4709831742e-01	2.4078141941e-05	1.0648379524e-05	5.6966058801e-10	3.0439772986e+00	2.4577164986e-01	1.2977086653e-04	3.9368667157e-16	7.5284137591e-01	1.8127021508e-05	5.8229332032e-08	7.9583113604e-06	6.1774579356e-02	2.0737640313e-11	4.0812642057e-10	0.0000000000e+00	0.0000000000e+00	0.0000000000e+00	0.0000000000e+00
2.4701169653e-01	2.4077656689e-05	1.0497127535e-05	5.6496734415e-10	3.0439772986e+00	2.4568534228e-01	1.2798721420e-04	3.9422198524e-16	7.5292833224e-01	1.8128749895e-05	5.8438704494e-08	7.8451460239e-06	6.1752924134e-02	2.4824189809e-11	4.0055573039e-10	0.0000000000e+00	0.0000000000e+00	0.0000000000e+00	0.0000000000e+00
2.4698234632e-01	2.4433063886e-05	1.0630898989e-05	5.5030398317e-10	3.0439772986e+00	2.4565609825e-01	1.2963854719e-04	4.0403134976e-16	7.5295684287e-01	1.8397042645e-05	5.8564502200e-08	7.9460436376e-06	6.1745586580e-02	2.3478763026e-11	3.9087638676e-10	0.0000000000e+00	0.0000000000e+00	0.0000000000e+00	0.0000000000e+00
2.4700973921e-01	2.4361695297e-05	1.0421568768e-05	5.7862261961e-10	3.0439772986e+00	2.4568339203e-01	1.2706725061e-04	4.0219911375e-16	7.5293003230e-01	1.8342652027e-05	5.8157135386e-08	7.7885549736e-06	6.1752434802e-02	2.1408576405e-11	4.1425377127e-10	0.0000000000e+00	0.0000000000e+00	0.0000000000e+00	0.0000000000e+00
2.4709890324e-01	2.4443642146e-05	1.0467532259e-05	5.9097088543e-10	3.0439772986e+00	2.4577223355e-01	1.2756647103e-04	4.0411410402e-16	7.5284064816e-01	1.8402167396e-05	5.8242039874e-08	7.8221417303e-06	6.1774725809e-02	2.4302507307e-11	4.2060439712e-10	0.0000000000e+00	0.0000000000e+00	0.0000000000e+00	0.0000000000e+00
2.4709558395e-01	2.4455137227e-05	1.0315054197e-05	5.6822251673e-10	3.0439772986e+00	2.4576892626e-01	1.2571053799e-04	4.0325408091e-16	7.5284429435e-01	1.8410910529e-05	5.8254758882e-08	7.7073749394e-06	6.1773895986e-02	2.2537649149e-11	4.0524543049e-10	0.0000000000e+00	0.0000000000e+00	0.0000000000e+00	0.0000000000e+00
2.4694040317e-01	2.4410676593e-05	1.0394365440e-05	5.7262885536e-10	3.0439772986e+00	2.4561430685e-01	1.2678282412e-04	4.0345122122e-16	7.5299935052e-01	1.8381223620e-05	5.8159265912e-08	7.7687911595e-06	6.1735100791e-02	2.2329022420e-11	4.0886013376e-10	0.0000000000e+00	0.0000000000e+00	0.0000000000e+00	0.0000000000e+00
2.4695423752e-01	2.4950459231e-05	1.0362941187e-05	5.5083470199e-10	3.0439772986e+00	2.4562809115e-01	1.2639000686e-04	4.0987224538e-16	7.5298477553e-01	1.8787315943e-05	5.9074250181e-08	7.7440626931e-06	6.1738559380e-02	2.1673337585e-11	3.9309680685e-10	0.0000000000e+00	0.0000000000e+00	0.0000000000e+00	0.0000000000e+00
2.4691323556e-01	2.4366361411e-05	1.0464259829e-05	5.5691140296e-10	3.0439772986e+00	2.4558723757e-01	1.2765397773e-04	4.0047380686e-16	7.5302642488e-01	1.8348514020e-05	5.8179682673e-08	7.8216844856e-06	6.1728308891e-02	2.1861403106e-11	3.9750759964e-10	0.0000000000e+00	0.0000000000e+00	0.0000000000e+00	0.0000000000e+00
2.4719418001e-01	2.4331189866e-05	1.0513516866e-05	5.7043754289e-10	3.0439772986e+00	2.4586716584e-01	1.2806129864e-04	3.9370914242e-16	7.5274544459e-01	1.8315192333e-05	5.8344309701e-08	7.8556576175e-06	6.1798545003e-02	2.1129900211e-11	4.0826436162e-10	0.0000000000e+00	0.0000000000e+00	0.0000000000e+00	0.0000000000e+00
2.4704959988e-01	2.4218040803e-05	1.0397088183e-05	5.6901151759e-10	3.0439772986e+00	2.4572310851e-01	1.2674164812e-04	4.0002069300e-16	7.5289044646e-01	1.8233531552e-05	5.8116263553e-08	7.7697521004e-06	6.1762399969e-02	2.0842700847e-11	4.0756063467e-10	0.0000000000e+00	0.0000000000e+00	0.0000000000e+00	0.0000000000e+00
2.4687561377e-01	2.4442619319e-05	1.0419351598e-05	5.3660555471e-10	3.0439772986e+00	2.4554975194e-01	1.2713185864e-04	3.9875942946e-16	7.5306403037e-01	1.8406857417e-05	5.8379960991e-08	7.7880589471e-06	6.1718903444e-02	2.2286794764e-11	3.8181154698e-10	0.0000000000e+00	0.0000000000e+00	0.0000000000e+00	0.0000000000e+00
2.4707624786e-01	2.3893741972e-05	1.0485089164e-05	5.7320927445e-10	3.0439772986e+00	2.4574966011e-01	1.2779613065e-04	3.8982327589e-16	7.5286409010e-01	1.7988740309e-05	5.8629954033e-08	7.8352171590e-06	6.1769061964e-02	2.2065736727e-11	4.0948294212e-10	0.0000000000e+00	0.0000000000e+00	0.0000000000e+00	0.0000000000e+00
2.4695357815e-01	2.4513694783e-05	1.0333966451e-05	5.4533402612e-10	3.0439772986e+00	2.4562743416e-01	1.2603718891e-04	4.0485910165e-16	7.5298615803e-01	1.8458472853e-05	6.0000349201e-08	7.7213333461e-06	6.1738394537e-02	2.1588673313e-11	3.8904029986e-10	0.0000000000e+00	0.0000000000e+00	0.0000000000e+00	0.0000000000e+00
2.4679577151e-01	2.4531569501e-05	1.0203526593e-05	5.6339195325e-10	3.0439772986e+00	2.4547019872e-01	1.2455200553e-04	4.0289552553e-16	7.5314421972e-01	1.8475809770e-05	5.8471857477e-08	7.6262552169e-06	6.1698942878e-02	2.2318516420e-11	4.0199687660e-10	0.0000000000e+00	0.0000000000e+00	0.0000000000e+00	0.0000000000e+00
2.4708074296e-01	2.3986439776e-05	1.0433106102e-05	5.5131041529e-10	3.0439772986e+00	2.4575413895e-01	1.2715946560e-04	3.9289876155e-16	7.5285957331e-01	1.8058420815e-05	5.8019173609e-08	7.7966446349e-06	6.1770185740e-02	2.1338904070e-11	3.9372041994e-10	0.0000000000e+00	0.0000000000e+00	0.0000000000e+00	0.0000000000e+00
2.4706076745e-01	2.4653159213e-05	1.0291018864e-05	5.4696637338e-10	3.0439772986e+00	2.4573423569e-01	1.2544105120e-04	4.0920350051e-16	7.5287886431e-01	1.8560842510e-05	5.8738488040e-08	7.6891521068e-06	6.1765191863e-02	2.0681132258e-11	3.9111828975e-10	0.0000000000e+00	0.0000000000e+00	0.0000000000e+00	0.0000000000e+00
2.4691045081e-01	2.4004802981e-05	1.0493273694e-05	5.7581335408e-10	3.0439772986e+00	2.4558446289e-01	1.2800991765e-04	3.9114305150e-16	7.5302968826e-01	1.8076329306e-05	5.7951318597e-08	7.8437953001e-06	6.1727612703e-02	2.2004798449e-11	4.1159975207e-10	0.0000000000e+00	0.0000000000e+00	0.0000000000e+00	0.0000000000e+00
2.4701256847e-01	2.4146590796e-05	1.0495763860e-05	5.6163034762e-10	3.0439772986e+00	2.4568621105e-01	1.2796997044e-04	3.9189216695e-16	7.5292735967e-01	1.8180628853e-05	5.8293818691e-08	7.8442539523e-06	6.1753142117e-02	2.1028604839e-11	4.0183824991e-10	0.0000000000e+00	0.0000000000e+00	0.0000000000e+00	0.0000000000e+00
2.4688494358e-01	2.4599015015e-05	1.0374832052e-05	5.3224654466e-10	3.0439772986e+00	2.4555904798e-01	1.2658227819e-04	4.0833989203e-16	7.5305456637e-01	1.8524400586e-05	5.9885183437e-08	7.7529294686e-06	6.1721235896e-02	2.1473265594e-11	3.7933742529e-10	0.0000000000e+00	0.0000000000e+00	0.0000000000e+00	0.0000000000e+00
2.4679876404e-01	2.4135790978e-05	1.0215229855e-05	5.6214197620e-10	3.0439772986e+00	2.4547318041e-01	1.2469295137e-04	3.9848719994e-16	7.5314179710e-01	1.8177672992e-05	5.9454953742e-08	7.6340616170e-06	6.1699691011e-02	2.0156159616e-11	4.0321645857e-10	0.0000000000e+00	0.0000000000e+00	0.0000000000e+00	0.0000000000e+00
2.4708563811e-01	2.4579321691e-05	1.0392021378e-05	5.2780624938e-10	3.0439772986e+00	2.4575901640e-01	1.2665525464e-04	4.0542321041e-16	7.5285387881e-01	1.8504637674e-05	5.8781942536e-08	7.7648916606e-06	6.1771409528e-02	2.2232998895e-11	3.7512798321e-10	0.0000000000e+00	0.0000000000e+00	0.0000000000e+00	0.0000000000e+00
2.4709801523e-01	2.3705382479e-05	1.0822332130e-05	5.7750639084e-10	3.0439772986e+00	2.4577134875e-01	1.3189105539e-04	3.8444632314e-16	7.5284184641e-01	1.7846403916e-05	5.7224696775e-08	8.0902798066e-06	6.1774503807e-02	2.1261625260e-11	4.1350935233e-10	0.0000000000e+00	0.0000000000e+00	0.0000000000e+00	0.0000000000e+00
2.4682123779e-01	2.4104165461e-05	1.0375181642e-05	5.5935527217e-10	3.0439772986e+00	2.4549557279e-01	1.2663005196e-04	3.9527331231e-16	7.5311901142e-01	1.8153305263e-05	5.8948442182e-08	7.7547980995e-06	6.1705309446e-02	2.2036202499e-11	3.9922488711e-10	0.0000000000e+00	0.0000000000e+00	0.0000000000e+00	0.0000000000e+00
2.4695185800e-01	2.4290226039e-05	1.0382873161e-05	5.5087610128e-10	3.0439772986e+00	2.4562572024e-01	1.2663488405e-04	3.9676414378e-16	7.5298810406e-01	1.8290251252e-05	5.8705421297e-08	7.7594745547e-06	6.1737964499e-02	2.1598702284e-11	3.9320444879e-10	0.0000000000e+00	0.0000000000e+00	0.0000000000e+00	0.0000000000e+00
2.4699867505e-01	2.3982917470e-05	1.0525935207e-05	5.7465186270e-10	3.0439772986e+00	2.4567236790e-01	1.2834745300e-04	3.9389603966e-16	7.5294143022e-01	1.8057732181e-05	5.7994703231e-08	7.8674180060e-06	6.1749668763e-02	2.1401078823e-11	4.1127811655e-10	0.0000000000e+00	0.0000000000e+00	0.0000000000e+00	0.0000000000e+00
2.4696585743e-01	2.4520606320e-05	1.0452527281e-05	5.8705650978e-10	3.0439772986e+00	2.4563966902e-01	1.2747473989e-04	3.9814110592e-16	7.5297360130e-01	1.8463369247e-05	5.7230976552e-08	7.8132461327e-06	6.1741464358e-02	2.1443048423e-11	4.2059500592e-10	0.0000000000e+00	0.0000000000e+00	0.0000000000e+00	0.0000000000e+00
2.4724858402e-01	2.4506140013e-05	1.0330687036e-05	5.7960638837e-10	3.0439772986e+00	2.4592137319e-01	1.2579756030e-04	4.0447839502e-16	7.5269119437e-01	1.8445555795e-05	5.9344010065e-08	7.7164731540e-06	6.1812146004e-02	2.1020315177e-11	4.1524430955e-10	0.0000000000e+00	0.0000000000e+00	0.0000000000e+00	0.0000000000e+00
2.4690550868e-01	2.4370779608e-05	1.0366667663e-05	5.5368989355e-10	3.0439772986e+00	2.4557953864e-01	1.2646873765e-04	4.0391428065e-16	7.5303436497e-01	1.8352034546e-05	5.8015415460e-08	7.7484415848e-06	6.1726377169e-02	2.1796257948e-11	3.9515125943e-10	0.0000000000e+00	0.0000000000e+00	0.0000000000e+00	0.0000000000e+00
2.4709805804e-01	2.4244970910e-05	1.0446694152e-05	5.4503581738e-10	3.0439772986e+00	2.4577139141e-01	1.2731315667e-04	3.9627580914e-16	7.5284183971e-01	1.8252628503e-05	5.9043434974e-08	7.8056650092e-06	6.1774514510e-02	2.1005915012e-11	3.8931985245e-10	0.0000000000e+00	0.0000000000e+00	0.0000000000e+00	0.0000000000e+00
2.4702735360e-01	2.4649562493e-05	1.0364769991e-05	5.6190836437e-10	3.0439772986e+00	2.4570094270e-01	1.2636270072e-04	4.0979565034e-16	7.5291211425e-01	1.8558954212e-05	5.8948303561e-08	7.7448125845e-06	6.1756838399e-02	2.3424760305e-11	3.9964285433e-10	0.0000000000e+00	0.0000000000e+00	0.0000000000e+00	0.0000000000e+00
2.4696272858e-01	2.4251273202e-05	1.0519432718e-05	5.5281446689e-10	3.0439772986e+00	2.4563655149e-01	1.2829289298e-04	3.9664869054e-16	7.5297698453e-01	1.8260650567e-05	5.8687907099e-08	7.8622028198e-06	6.1740682146e-02	2.1845718512e-11	3.9441085177e-10	0.0000000000e+00	0.0000000000e+00	0.0000000000e+00	0.0000000000e+00
2.4693164135e-01	2.4636015008e-05	1.0298433399e-05	5.5308682573e-10	3.0439772986e+00	2.4560557674e-01	1.2561861384e-04	4.0415298024e-16	7.5300798910e-01	1.8551116121e-05	5.8101357197e-08	7.6967012674e-06	6.1732910337e-02	2.0695330571e-11	3.9578346787e-10	0.0000000000e+00	0.0000000000e+00	0.0000000000e+00	0.0000000000e+00
2.4718589778e-01	2.3999289415e-05	1.0623258308e-05	5.5935595654e-10	3.0439772986e+00	2.4585891354e-01	1.2940382155e-04	3.9122833489e-16	7.5275397805e-01	1.8065560577e-05	5.7178332187e-08	7.9395216194e-06	6.1796474445e-02	2.0997433797e-11	4.0005998764e-10	0.0000000000e+00	0.0000000000e+00	0.0000000000e+00	0.0000000000e+00
2.4697588425e-01	2.4354466124e-05	1.0441745111e-05	5.6162081539e-10	3.0439772986e+00	2.4564965956e-01	1.2733642595e-04	3.9742618656e-16	7.5296384995e-01	1.8338032576e-05	5.8036455044e-08	7.8042201440e-06	6.1743971064e-02	2.1157832615e-11	4.0172233876e-10	0.0000000000e+00	0.0000000000e+00	0.0000000000e+00	0.0000000000e+00
2.4696642430e-01	2.3943266393e-05	1.0470483622e-05	5.7376144612e-10	3.0439772986e+00	2.4564023383e-01	1.2769347941e-04	3.9285650250e-16	7.5297386337e-01	1.8028653798e-05	5.8422740280e-08	7.8255777637e-06	6.1741606076e-02	2.3454254547e-11	4.0857311819e-10	0.0000000000e+00	0.0000000000e+00	0.0000000000e+00	0.0000000000e+00
2.4706840942e-01	2.4897642230e-05	1.0234526458e-05	5.4916406567e-10	3.0439772986e+00	2.4574185002e-01	1.2474727962e-04	4.0734594664e-16	7.5287098243e-01	1.8744712366e-05	5.8130794828e-08	7.6471471942e-06	6.1767102355e-02	2.2069473221e-11	3.9138021641e-10	0.0000000000e+00	0.0000000000e+00	0.0000000000e+00	0.0000000000e+00
2.4701375920e-01	2.4334053150e-05	1.0535854064e-05	5.5435699524e-10	3.0439772986e+00	2.4568739748e-01	1.2845788569e-04	3.9938277271e-16	7.5292579626e-01	1.8321736344e-05	5.8587439028e-08	7.8741288716e-06	6.1753439800e-02	2.1413192320e-11	3.9597648973e-10	0.0000000000e+00	0.0000000000e+00	0.0000000000e+00	0.0000000000e+00
2.4712430652e-01	2.4524397906e-05	1.0454607341e-05	5.5791675236e-10	3.0439772986e+00	2.4579754497e-01	1.2739154563e-04	4.0072403770e-16	7.5281515470e-01	1.8462338404e-05	5.9270810930e-08	7.8111160318e-06	6.1781076631e-02	2.1131098735e-11	3.9887708751e-10	0.0000000000e+00	0.0000000000e+00	0.0000000000e+00	0.0000000000e+00
2.4700411200e-01	2.4344971995e-05	1.0327678154e-05	5.2032328771e-10	3.0439772986e+00	2.4567778518e-01	1.2592631835e-04	4.0114690680e-16	7.5293589662e-01	1.8330203317e-05	5.6996815894e-08	7.7190827946e-06	6.1751027999e-02	2.1142202580e-11	3.7062787858e-10	0.0000000000e+00	0.0000000000e+00	0.0000000000e+00	0.0000000000e+00
2.4685491252e-01	2.4645987182e-05	1.0409287229e-05	5.5335640640e-10	3.0439772986e+00	2.4552912561e-01	1.2702315266e-04	4.0057829174e-16	7.5308444633e-01	1.8560509611e-05	5.8511404789e-08	7.7805609046e-06	6.1713728129e-02	2.2323002272e-11	3.9440110066e-10	0.0000000000e+00	0.0000000000e+00	0.0000000000e+00	0.0000000000e+00
2.4702926531e-01	2.4305053585e-05	1.0219733980e-05	5.6524326491e-10	3.0439772986e+00	2.4570284750e-01	1.2459334519e-04	3.9802259042e-16	7.5291104897e-01	1.8299543390e-05	5.8221337641e-08	7.6363292937e-06	6.1757316328e-02	2.1903306381e-11	4.0367459313e-10	0.0000000000e+00	0.0000000000e+00	0.0000000000e+00	0.0000000000e+00
2.4716973737e-01	2.4328527498e-05	1.0468280287e-05	5.4688835040e-10	3.0439772986e+00	2.4584281156e-01	1.2752705647e-04	4.0127945598e-16	7.5276999156e-01	1.8313785439e-05	5.8531280327e-08	7.8216759832e-06	6.1792434342e-02	2.1042656411e-11	3.9063848251e-10	0.0000000000e+00	0.0000000000e+00	0.0000000000e+00	0.0000000000e+00
2.4699015866e-01	2.4576169609e-05	1.0289575758e-05	5.2040682949e-10	3.0439772986e+00	2.4566388232e-01	1.2547110148e-04	4.0078528063e-16	7.5294958677e-01	1.8504616752e-05	5.8560423933e-08	7.6889713913e-06	6.1747539665e-02	2.0846555390e-11	3.7099355183e-10	0.0000000000e+00	0.0000000000e+00	0.0000000000e+00	0.0000000000e+00
2.4713000473e-01	2.4521014582e-05	1.0354785531e-05	5.6311431482e-10	3.0439772986e+00	2.4580322258e-01	1.2617137069e-04	3.9973331008e-16	7.5280968744e-01	1.8459657323e-05	5.8643943450e-08	7.7365389157e-06	6.1782501183e-02	2.1128953739e-11	4.0278895759e-10	0.0000000000e+00	0.0000000000e+00	0.0000000000e+00	0.0000000000e+00
2.4710990383e-01	2.4396225239e-05	1.0374032638e-05	5.6894919755e-10	3.0439772986e+00	2.4578319437e-01	1.2641957534e-04	4.0060930001e-16	7.5282993111e-01	1.8366208566e-05	5.9056026130e-08	7.7508262498e-06	6.1777475958e-02	2.2900343103e-11	4.0542164209e-10	0.0000000000e+00	0.0000000000e+00	0.0000000000e+00	0.0000000000e+00
2.4705811411e-01	2.4354705077e-05	1.0488722003e-05	5.6301546084e-10	3.0439772986e+00	2.4573159194e-01	1.2785275230e-04	4.0064234833e-16	7.5288152022e-01	1.8336207383e-05	5.9158664974e-08	7.8376063015e-06	6.1764528527e-02	2.1756387022e-11	4.0212754904e-10	0.0000000000e+00	0.0000000000e+00	0.0000000000e+00	0.0000000000e+00
2.4680504528e-01	2.4269638303e-05	1.0448582940e-05	5.6990839657e-10	3.0439772986e+00	2.4547943891e-01	1.2753695992e-04	3.9652469299e-16	7.5313478752e-01	1.8278308887e-05	5.8131584653e-08	7.8110597076e-06	6.1701261321e-02	2.1637221364e-11	4.0758061779e-10	0.0000000000e+00	0.0000000000e+00	0.0000000000e+00	0.0000000000e+00
2.4703993173e-01	2.4370867650e-05	1.0272437753e-05	5.4859011277e-10	3.0439772986e+00	2.4571347533e-01	1.2522866289e-04	3.9869847044e-16	7.5290016536e-01	1.8348830284e-05	5.8155749749e-08	7.6759643331e-06	6.1759982932e-02	2.1384878249e-11	3.9164870837e-10	0.0000000000e+00	0.0000000000e+00	0.0000000000e+00	0.0000000000e+00
2.4697793204e-01	2.4282432280e-05	1.0487419211e-05	5.8014805671e-10	3.0439772986e+00	2.4565169994e-01	1.2789201140e-04	3.9888250864e-16	7.5296180753e-01	1.8283744101e-05	5.8681147577e-08	7.8379449777e-06	6.1744483011e-02	2.0986304803e-11	4.1584302462e-10	0.0000000000e+00	0.0000000000e+00	0.0000000000e+00	0.0000000000e+00
2.4706832723e-01	2.4495839714e-05	1.0525896939e-05	5.5432031052e-10	3.0439772986e+00	2.4574176813e-01	1.2829880324e-04	3.9957530077e-16	7.5287101151e-01	1.8442207623e-05	5.8593907951e-08	7.8660487677e-06	6.1767081807e-02	2.1086070073e-11	3.9624562280e-10	0.0000000000e+00	0.0000000000e+00	0.0000000000e+00	0.0000000000e+00
2.4696142228e-01	2.4643205532e-05	1.0366087197e-05	5.4471934429e-10	3.0439772986e+00	2.4563524991e-01	1.2642356883e-04	4.0935521168e-16	7.5297804696e-01	1.8555792772e-05	5.7762970762e-08	7.7476731213e-06	6.1740355569e-02	2.1437121241e-11	3.8872458676e-10	0.0000000000e+00	0.0000000000e+00	0.0000000000e+00	0.0000000000e+00
2.4704072952e-01	2.4401875803e-05	1.0456064453e-05	5.5494357912e-10	3.0439772986e+00	2.4571427024e-01	1.2746658423e-04	3.9984110856e-16	7.5289890619e-01	1.8372145601e-05	5.8284549858e-08	7.8140749397e-06	6.1760182380e-02	2.1102869827e-11	3.9671354389e-10	0.0000000000e+00	0.0000000000e+00	0.0000000000e+00	0.0000000000e+00
2.4700413816e-01	2.4086113705e-05	1.0622212988e-05	5.7970175308e-10	3.0439772986e+00	2.4567781124e-01	1.2951754270e-04	3.8853540021e-16	7.5293559468e-01	1.8135292346e-05	5.8447188184e-08	7.9393950645e-06	6.1751034539e-02	2.1416784003e-11	4.1506130019e-10	0.0000000000e+00	0.0000000000e+00	0.0000000000e+00	0.0000000000e+00
2.4710516671e-01	2.4235705057e-05	1.0243955016e-05	5.5166484262e-10	3.0439772986e+00	2.4577847437e-01	1.2483769661e-04	3.9683822214e-16	7.5283520338e-01	1.8245491946e-05	5.9583132299e-08	7.6524268258e-06	6.1776291676e-02	2.2107586105e-11	3.9320512788e-10	0.0000000000e+00	0.0000000000e+00	0.0000000000e+00	0.0000000000e+00
2.4698641465e-01	2.4466014529e-05	1.0104919998e-05	5.2020310885e-10	3.0439772986e+00	2.4566015186e-01	1.2322198479e-04	4.0399470399e-16	7.5295391343e-01	1.8421781385e-05	5.9797238069e-08	7.5487418194e-06	6.1746603663e-02	2.2593656878e-11	3.6909530971e-10	0.0000000000e+00	0.0000000000e+00	0.0000000000e+00	0.0000000000e+00
2.4685125635e-01	2.4772548639e-05	1.0517577961e-05	5.5536626812e-10	3.0439772986e+00	2.4552548269e-01	1.2834705994e-04	4.0458017432e-16	7.5308766694e-01	1.8655900859e-05	5.8036442398e-08	7.8626218065e-06	6.1712814089e-02	2.3123839187e-11	3.9511564797e-10	0.0000000000e+00	0.0000000000e+00	0.0000000000e+00	0.0000000000e+00
2.4690554973e-01	2.3803646312e-05	1.0517924761e-05	5.5590372421e-10	3.0439772986e+00	2.4557957954e-01	1.2831406600e-04	3.8244171929e-16	7.5303483630e-01	1.7924974904e-05	5.8060639060e-08	7.8623031118e-06	6.1726387432e-02	2.0943374671e-11	3.9767149529e-10	0.0000000000e+00	0.0000000000e+00	0.0000000000e+00	0.0000000000e+00
2.4711329910e-01	2.4665996821e-05	1.0304402856e-05	5.6909987089e-10	3.0439772986e+00	2.4578657736e-01	1.2556872289e-04	4.0672129795e-16	7.5282628720e-01	1.8569210807e-05	5.9243612520e-08	7.6981817316e-06	6.1778324775e-02	2.2466134918e-11	4.0596720793e-10	0.0000000000e+00	0.0000000000e+00	0.0000000000e+00	0.0000000000e+00
2.4690805282e-01	2.5106101018e-05	1.0191026411e-05	5.3518614266e-10	3.0439772986e+00	2.4558207358e-01	1.2432417409e-04	4.1444492234e-16	7.5303111053e-01	1.8905675131e-05	5.8570474285e-08	7.6155894615e-06	6.1727013205e-02	2.1046140165e-11	3.8196567519e-10	0.0000000000e+00	0.0000000000e+00	0.0000000000e+00	0.0000000000e+00
2.4684380982e-01	2.4574838697e-05	1.0597139604e-05	5.6170410500e-10	3.0439772986e+00	2.4551806311e-01	1.2932315868e-04	4.0090398929e-16	7.5309523087e-01	1.8507193822e-05	5.8327793803e-08	7.9223275029e-06	6.1710952455e-02	2.2118768000e-11	4.0089791464e-10	0.0000000000e+00	0.0000000000e+00	0.0000000000e+00	0.0000000000e+00
2.4706839382e-01	2.4003022249e-05	1.0333391117e-05	5.7149469272e-10	3.0439772986e+00	2.4574183448e-01	1.2595252631e-04	3.9299913236e-16	7.5287212159e-01	1.8071206285e-05	5.8776381229e-08	7.7209457120e-06	6.1767098456e-02	2.2475528497e-11	4.0778689329e-10	0.0000000000e+00	0.0000000000e+00	0.0000000000e+00	0.0000000000e+00
2.4694012764e-01	2.4038381384e-05	1.0562374727e-05	5.6734893451e-10	3.0439772986e+00	2.4561403233e-01	1.2883229969e-04	3.9201733831e-16	7.5299980718e-01	1.8100896547e-05	5.8080004581e-08	7.8953861282e-06	6.1735031911e-02	2.2158579296e-11	4.0505505900e-10	0.0000000000e+00	0.0000000000e+00	0.0000000000e+00	0.0000000000e+00
2.4694134383e-01	2.3944826836e-05	1.0557243605e-05	5.7045441570e-10	3.0439772986e+00	2.4561524411e-01	1.2876889786e-04	3.8527683974e-16	7.5299874355e-01	1.8030424522e-05	5.7584022356e-08	7.8920071476e-06	6.1735335957e-02	2.1360758488e-11	4.0819069978e-10	0.0000000000e+00	0.0000000000e+00	0.0000000000e+00	0.0000000000e+00
2.4698061918e-01	2.4510942648e-05	1.0475744189e-05	5.4735116664e-10	3.0439772986e+00	2.4565437735e-01	1.2774773716e-04	4.0010423845e-16	7.5295880307e-01	1.8455730038e-05	5.8617980274e-08	7.8291858255e-06	6.1745154794e-02	2.1433083567e-11	3.9069979572e-10	0.0000000000e+00	0.0000000000e+00	0.0000000000e+00	0.0000000000e+00
2.4692475883e-01	2.4239264188e-05	1.0148368368e-05	5.3918321463e-10	3.0439772986e+00	2.4559871913e-01	1.2379288069e-04	3.9465830717e-16	7.5301580759e-01	1.8252549098e-05	5.8929738599e-08	7.5829520638e-06	6.1731189707e-02	2.0736589622e-11	3.8527689418e-10	0.0000000000e+00	0.0000000000e+00	0.0000000000e+00	0.0000000000e+00
2.4698268579e-01	2.4218560245e-05	1.0418163153e-05	5.5905277879e-10	3.0439772986e+00	2.4565643649e-01	1.2704424272e-04	3.9388521860e-16	7.5295730688e-01	1.8235541899e-05	5.8459803632e-08	7.7859722665e-06	6.1745671448e-02	2.1987647039e-11	3.9895522768e-10	0.0000000000e+00	0.0000000000e+00	0.0000000000e+00	0.0000000000e+00
2.4682881621e-01	2.4451798465e-05	1.0295305731e-05	5.7291848344e-10	3.0439772986e+00	2.4550312377e-01	1.2564997952e-04	3.9843785187e-16	7.5311109041e-01	1.8414920605e-05	5.8908703813e-08	7.6946002217e-06	6.1707204051e-02	2.1604202682e-11	4.0986706110e-10	0.0000000000e+00	0.0000000000e+00	0.0000000000e+00	0.0000000000e+00
2.4693379397e-01	2.4052501657e-05	1.0508301760e-05	5.9349364646e-10	3.0439772986e+00	2.4560772158e-01	1.2817713900e-04	3.9136880171e-16	7.5300624108e-01	1.8111683862e-05	5.9272972815e-08	7.8535438360e-06	6.1733448494e-02	2.2045496154e-11	4.2485892367e-10	0.0000000000e+00	0.0000000000e+00	0.0000000000e+00	0.0000000000e+00
2.4713309548e-01	2.4343905917e-05	1.0379788131e-05	5.5373774930e-10	3.0439772986e+00	2.4580630215e-01	1.2647395763e-04	3.9622188515e-16	7.5280680716e-01	1.8326258087e-05	5.8036796722e-08	7.7559383652e-06	6.1783273870e-02	2.3035530475e-11	3.9382201658e-10	0.0000000000e+00	0.0000000000e+00	0.0000000000e+00	0.0000000000e+00
2.4676090639e-01	2.4039670594e-05	1.0530549181e-05	5.7461919743e-10	3.0439772986e+00	2.4543545984e-01	1.2856800541e-04	3.9490721020e-16	7.5317908406e-01	1.8106177079e-05	5.8236658506e-08	7.8731527286e-06	6.1690226598e-02	2.3560509889e-11	4.0923065091e-10	0.0000000000e+00	0.0000000000e+00	0.0000000000e+00	0.0000000000e+00
2.4686554623e-01	2.4805220094e-05	1.0362580709e-05	5.3014710740e-10	3.0439772986e+00	2.4553972083e-01	1.2644594438e-04	4.0960066365e-16	7.5307367930e-01	1.8680158362e-05	5.7901558389e-08	7.7458852233e-06	6.1716386557e-02	1.9623322028e-11	3.7961651071e-10	0.0000000000e+00	0.0000000000e+00	0.0000000000e+00	0.0000000000e+00
2.4674747468e-01	2.5288243905e-05	1.0161848846e-05	5.2404282591e-10	3.0439772986e+00	2.4542207677e-01	1.2407531794e-04	4.1639230206e-16	7.5319146733e-01	1.9046889533e-05	5.9519039287e-08	7.5942988037e-06	6.1686868670e-02	2.1651697125e-11	3.7305288786e-10	0.0000000000e+00	0.0000000000e+00	0.0000000000e+00	0.0000000000e+00
2.4705471658e-01	2.4311657789e-05	1.0349675080e-05	5.5598710334e-10	3.0439772986e+00	2.4572820671e-01	1.2616020123e-04	4.0390264665e-16	7.5288529635e-01	1.8303889680e-05	5.9243955350e-08	7.7328742346e-06	6.1763679146e-02	2.3049399441e-11	3.9554511563e-10	0.0000000000e+00	0.0000000000e+00	0.0000000000e+00	0.0000000000e+00
2.4712035620e-01	2.4184546320e-05	1.0238819311e-05	5.2714217168e-10	3.0439772986e+00	2.4579360894e-01	1.2476493859e-04	3.9819672582e-16	7.5282010383e-01	1.8206612672e-05	5.8445401978e-08	7.6495436147e-06	6.1780089051e-02	2.1397676803e-11	3.7544554761e-10	0.0000000000e+00	0.0000000000e+00	0.0000000000e+00	0.0000000000e+00
2.4716465569e-01	2.4371707129e-05	1.0502255045e-05	5.5210153560e-10	3.0439772986e+00	2.4583774825e-01	1.2794441496e-04	3.9919323091e-16	7.5277493108e-01	1.8346410154e-05	5.8575132947e-08	7.8472591850e-06	6.1791163921e-02	2.2378187073e-11	3.9323000834e-10	0.0000000000e+00	0.0000000000e+00	0.0000000000e+00	0.0000000000e+00
2.4697981567e-01	2.4632422487e-05	1.0434691899e-05	5.6345945228e-10	3.0439772986e+00	2.4565357675e-01	1.2724765452e-04	4.0388072645e-16	7.5295951623e-01	1.8547216920e-05	5.8326440520e-08	7.7985741236e-06	6.1744953916e-02	2.1614823264e-11	4.0264733334e-10	0.0000000000e+00	0.0000000000e+00	0.0000000000e+00	0.0000000000e+00
2.4693115283e-01	2.4024314481e-05	1.0313414669e-05	5.5220246539e-10	3.0439772986e+00	2.4560508999e-01	1.2580183166e-04	3.9453341199e-16	7.5300936490e-01	1.8090533790e-05	5.9063048304e-08	7.7070347817e-06	6.1732788208e-02	2.1961302625e-11	3.9385232513e-10	0.0000000000e+00	0.0000000000e+00	0.0000000000e+00	0.0000000000e+00
2.4692160134e-01	2.4526282551e-05	1.0228297797e-05	5.4048512140e-10	3.0439772986e+00	2.4559557307e-01	1.2476990121e-04	4.0351479682e-16	7.5301835204e-01	1.8468740868e-05	5.8933417671e-08	7.6431625337e-06	6.1730400336e-02	2.2514184171e-11	3.8448103124e-10	0.0000000000e+00	0.0000000000e+00	0.0000000000e+00	0.0000000000e+00
2.4700221963e-01	2.4494786342e-05	1.0287495431e-05	5.6980197679e-10	3.0439772986e+00	2.4567589966e-01	1.2543762051e-04	4.0511574067e-16	7.5293765374e-01	1.8443046957e-05	5.9551951698e-08	7.6862907210e-06	6.1750554909e-02	2.1994566383e-11	4.0703079712e-10	0.0000000000e+00	0.0000000000e+00	0.0000000000e+00	0.0000000000e+00
2.4712189154e-01	2.4211574908e-05	1.0508086837e-05	5.7244976914e-10	3.0439772986e+00	2.4579513872e-01	1.2804492589e-04	3.9729805773e-16	7.5281791961e-01	1.8226907453e-05	5.8854775817e-08	7.8518212962e-06	6.1780472884e-02	2.1387545270e-11	4.0956289901e-10	0.0000000000e+00	0.0000000000e+00	0.0000000000e+00	0.0000000000e+00
2.4710029246e-01	2.4341652032e-05	1.0275310863e-05	5.4222847082e-10	3.0439772986e+00	2.4577361775e-01	1.2522305628e-04	3.9920082568e-16	7.5283984697e-01	1.8325365590e-05	5.8449929258e-08	7.6772135282e-06	6.1775073114e-02	2.1782294263e-11	3.8642890473e-10	0.0000000000e+00	0.0000000000e+00	0.0000000000e+00	0.0000000000e+00
2.4685659716e-01	2.4394324705e-05	1.0354081402e-05	5.4002101086e-10	3.0439772986e+00	2.4553080416e-01	1.2634842292e-04	3.9710400197e-16	7.5308326562e-01	1.8370957712e-05	5.8219290227e-08	7.7392661446e-06	6.1714149290e-02	2.0125357282e-11	3.8655542908e-10	0.0000000000e+00	0.0000000000e+00	0.0000000000e+00	0.0000000000e+00
2.4694147363e-01	2.4532591542e-05	1.0549701245e-05	5.6240904831e-10	3.0439772986e+00	2.4561537344e-01	1.2867666398e-04	4.0008072226e-16	7.5299774574e-01	1.8472986128e-05	5.7752571726e-08	7.8861486842e-06	6.1735368406e-02	2.2298312576e-11	4.0119443298e-10	0.0000000000e+00	0.0000000000e+00	0.0000000000e+00	0.0000000000e+00
2.4706464105e-01	2.4854752872e-05	1.0204757993e-05	5.2711753185e-10	3.0439772986e+00	2.4573809527e-01	1.2438697730e-04	4.1070192823e-16	7.5287488242e-01	1.8712519146e-05	5.8809818985e-08	7.6240961552e-06	6.1766160261e-02	2.0536838839e-11	3.7631671098e-10	0.0000000000e+00	0.0000000000e+00	0.0000000000e+00	0.0000000000e+00
2.4716192303e-01	2.4311267521e-05	1.0238976871e-05	5.3451939101e-10	3.0439772986e+00	2.4583502547e-01	1.2473895674e-04	3.9951519192e-16	7.5277834912e-01	1.8300995829e-05	5.9211557533e-08	7.6484685484e-06	6.1790480757e-02	2.0987441148e-11	3.8138718359e-10	0.0000000000e+00	0.0000000000e+00	0.0000000000e+00	0.0000000000e+00
2.4699915811e-01	2.4366247363e-05	1.0523232776e-05	5.5752133410e-10	3.0439772986e+00	2.4567284921e-01	1.2831407048e-04	3.9474201309e-16	7.5294037619e-01	1.8346331456e-05	5.6771428473e-08	7.8665954169e-06	6.1749789527e-02	2.0487529711e-11	3.9929279332e-10	0.0000000000e+00	0.0000000000e+00	0.0000000000e+00	0.0000000000e+00
2.4701380813e-01	2.4339804877e-05	1.0429933302e-05	5.5664954717e-10	3.0439772986e+00	2.4568744623e-01	1.2716645746e-04	4.0169938124e-16	7.5292597790e-01	1.8326071389e-05	5.8818209720e-08	7.7941495210e-06	6.1753452032e-02	2.1729319287e-11	3.9738658536e-10	0.0000000000e+00	0.0000000000e+00	0.0000000000e+00	0.0000000000e+00
2.4704061588e-01	2.3995731758e-05	1.0304518525e-05	5.3895274011e-10	3.0439772986e+00	2.4571415701e-01	1.2561937151e-04	3.9266304876e-16	7.5289997369e-01	1.8066385810e-05	5.7839464912e-08	7.7004322612e-06	6.1760153970e-02	2.0439360353e-11	3.8533814350e-10	0.0000000000e+00	0.0000000000e+00	0.0000000000e+00	0.0000000000e+00
2.4688542062e-01	2.4011493416e-05	1.0398914629e-05	5.4406164997e-10	3.0439772986e+00	2.4555952329e-01	1.2687592166e-04	3.8817347175e-16	7.5305491971e-01	1.8081973246e-05	5.8419541464e-08	7.7725342798e-06	6.1721355154e-02	2.1288802787e-11	3.8841949935e-10	0.0000000000e+00	0.0000000000e+00	0.0000000000e+00	0.0000000000e+00
2.4696051092e-01	2.3964395303e-05	1.0493169276e-05	5.7094784395e-10	3.0439772986e+00	2.4563434185e-01	1.2797419884e-04	3.9450465267e-16	7.5297969324e-01	1.8044703023e-05	5.8462466982e-08	7.8426809158e-06	6.1740127730e-02	2.1898544292e-11	4.0801358810e-10	0.0000000000e+00	0.0000000000e+00	0.0000000000e+00	0.0000000000e+00
2.4706344063e-01	2.3925361267e-05	1.0442033982e-05	5.7649135389e-10	3.0439772986e+00	2.4573689920e-01	1.2728012907e-04	3.8683283599e-16	7.5287694592e-01	1.8012852921e-05	5.8210298970e-08	7.8033563544e-06	6.1765860158e-02	2.1306975973e-11	4.1272007390e-10	0.0000000000e+00	0.0000000000e+00	0.0000000000e+00	0.0000000000e+00
2.4688707312e-01	2.4236201537e-05	1.0360397477e-05	5.9654690873e-10	3.0439772986e+00	2.4556116981e-01	1.2640481278e-04	3.9629267968e-16	7.5305301567e-01	1.8251144656e-05	5.8010494439e-08	7.7439180692e-06	6.1721768279e-02	2.1817725970e-11	4.2741372264e-10	0.0000000000e+00	0.0000000000e+00	0.0000000000e+00	0.0000000000e+00
2.4702913947e-01	2.4170968051e-05	1.0402504690e-05	5.6435006673e-10	3.0439772986e+00	2.4570272211e-01	1.2682163489e-04	3.9441795096e-16	7.5291096390e-01	1.8198586853e-05	5.8624320130e-08	7.7735355131e-06	6.1757284868e-02	2.3117181104e-11	4.0178817162e-10	0.0000000000e+00	0.0000000000e+00	0.0000000000e+00	0.0000000000e+00
2.4709402565e-01	2.3913089515e-05	1.0456652625e-05	5.7236545697e-10	3.0439772986e+00	2.4576737361e-01	1.2743736282e-04	3.8983760777e-16	7.5284634881e-01	1.8002882130e-05	5.8121008877e-08	7.8141317409e-06	6.1773506414e-02	2.1172263408e-11	4.0973098105e-10	0.0000000000e+00	0.0000000000e+00	0.0000000000e+00	0.0000000000e+00
2.4686251883e-01	2.4237794766e-05	1.0336466954e-05	5.4781040527e-10	3.0439772986e+00	2.4553670439e-01	1.2612950672e-04	3.9642800578e-16	7.5307761992e-01	1.8252940795e-05	5.9776222105e-08	7.7243857101e-06	6.1715629707e-02	2.0906882834e-11	3.9163687333e-10	0.0000000000e+00	0.0000000000e+00	0.0000000000e+00	0.0000000000e+00
2.4687475778e-01	2.4822970318e-05	1.0177301065e-05	5.2373833351e-10	3.0439772986e+00	2.4554889904e-01	1.2417904324e-04	4.1342480231e-16	7.5306486035e-01	1.8693306676e-05	5.8980375887e-08	7.6051874292e-06	6.1718689444e-02	1.9538356377e-11	3.7487057861e-10	0.0000000000e+00	0.0000000000e+00	0.0000000000e+00	0.0000000000e+00
2.4703229314e-01	2.4433191851e-05	1.0372417897e-05	5.6396445609e-10	3.0439772986e+00	2.4570586437e-01	1.2645263433e-04	4.0378464163e-16	7.5290748361e-01	1.8395932993e-05	5.9025129633e-08	7.7504459285e-06	6.1758073285e-02	2.1359218152e-11	4.0325384133e-10	0.0000000000e+00	0.0000000000e+00	0.0000000000e+00	0.0000000000e+00
2.4680259025e-01	2.3993399638e-05	1.0571888070e-05	5.8687331788e-10	3.0439772986e+00	2.4547699276e-01	1.2904376850e-04	3.9077700338e-16	7.5313737976e-01	1.8070326135e-05	5.7307891201e-08	7.9047761892e-06	6.1700647561e-02	2.2645209708e-11	4.1935102317e-10	0.0000000000e+00	0.0000000000e+00	0.0000000000e+00	0.0000000000e+00
2.4697681241e-01	2.4682944154e-05	1.0295578558e-05	5.3103784117e-10	3.0439772986e+00	2.4565058435e-01	1.2555328002e-04	4.0968047690e-16	7.5296275756e-01	1.8585337695e-05	5.8831839828e-08	7.6933553816e-06	6.1744203102e-02	2.3550233481e-11	3.7630148377e-10	0.0000000000e+00	0.0000000000e+00	0.0000000000e+00	0.0000000000e+00
2.4685913385e-01	2.3931590857e-05	1.0622806810e-05	5.8371866447e-10	3.0439772986e+00	2.4553333167e-01	1.2962586274e-04	3.9284843393e-16	7.5308081874e-01	1.8022422036e-05	5.7957341845e-08	7.9418747080e-06	6.1714783462e-02	2.2317262729e-11	4.1727006702e-10	0.0000000000e+00	0.0000000000e+00	0.0000000000e+00	0.0000000000e+00
2.4694529724e-01	2.4295098727e-05	1.0256996703e-05	5.3761039484e-10	3.0439772986e+00	2.4561918322e-01	1.2510408932e-04	3.9475284130e-16	7.5299494135e-01	1.8294086441e-05	5.7993398886e-08	7.6654732323e-06	6.1736324311e-02	2.0697596111e-11	3.8412031162e-10	0.0000000000e+00	0.0000000000e+00	0.0000000000e+00	0.0000000000e+00
2.4700926749e-01	2.4142885677e-05	1.0755951279e-05	5.8595117989e-10	3.0439772986e+00	2.4568292202e-01	1.3114454076e-04	3.9592613282e-16	7.5293007817e-01	1.8177904800e-05	5.8388402837e-08	8.0400908344e-06	6.1752316873e-02	2.2246364755e-11	4.1893390292e-10	0.0000000000e+00	0.0000000000e+00	0.0000000000e+00	0.0000000000e+00
2.4715031167e-01	2.4555042007e-05	1.0260106267e-05	5.4774806640e-10	3.0439772986e+00	2.4582345609e-01	1.2500410255e-04	4.0461956282e-16	7.5278954478e-01	1.8484778895e-05	5.9342234624e-08	7.6643584917e-06	6.1787577918e-02	2.3315607234e-11	3.8902341033e-10	0.0000000000e+00	0.0000000000e+00	0.0000000000e+00	0.0000000000e+00
2.4708752326e-01	2.4623156253e-05	1.0117930465e-05	5.2396205043e-10	3.0439772986e+00	2.4576089473e-01	1.2331354685e-04	4.0510180804e-16	7.5285254684e-01	1.8537605896e-05	5.9881200419e-08	7.5574285187e-06	6.1771880815e-02	2.1998154056e-11	3.7246801006e-10	0.0000000000e+00	0.0000000000e+00	0.0000000000e+00	0.0000000000e+00
2.4703043689e-01	2.4557550929e-05	1.0477325815e-05	5.8654647668e-10	3.0439772986e+00	2.4570401483e-01	1.2773279463e-04	4.0269927218e-16	7.5290891541e-01	1.8489599035e-05	5.8596558394e-08	7.8298754572e-06	6.1757609222e-02	2.2242949871e-11	4.1937312173e-10	0.0000000000e+00	0.0000000000e+00	0.0000000000e+00	0.0000000000e+00
2.4698442727e-01	2.4408071439e-05	1.0264685855e-05	5.5114696488e-10	3.0439772986e+00	2.4565817167e-01	1.2517150264e-04	4.0519915667e-16	7.5295562688e-01	1.8378194732e-05	5.9064812638e-08	7.6697881598e-06	6.1746106818e-02	2.2030616258e-11	3.9295859218e-10	0.0000000000e+00	0.0000000000e+00	0.0000000000e+00	0.0000000000e+00
2.4707191178e-01	2.4653970015e-05	1.0444321260e-05	5.3637580835e-10	3.0439772986e+00	2.4574533971e-01	1.2730202569e-04	4.0896421196e-16	7.5286737349e-01	1.8561169651e-05	5.9139845340e-08	7.8040488696e-06	6.1767977945e-02	2.1504572781e-11	3.8231527326e-10	0.0000000000e+00	0.0000000000e+00	0.0000000000e+00	0.0000000000e+00
2.4702768998e-01	2.4275656896e-05	1.0213953910e-05	5.4834137180e-10	3.0439772986e+00	2.4570127786e-01	1.2452394189e-04	4.0418152563e-16	7.5291268159e-01	1.8277449931e-05	5.8029762000e-08	7.6321856662e-06	6.1756922494e-02	2.2452131771e-11	3.9040104090e-10	0.0000000000e+00	0.0000000000e+00	0.0000000000e+00	0.0000000000e+00
2.4712945698e-01	2.3894915841e-05	1.0471409585e-05	5.6136945832e-10	3.0439772986e+00	2.4580267681e-01	1.2759290650e-04	3.9077779403e-16	7.5281091438e-01	1.7988353443e-05	5.8936755869e-08	7.8240546688e-06	6.1782364245e-02	2.0873971654e-11	4.0173108357e-10	0.0000000000e+00	0.0000000000e+00	0.0000000000e+00	0.0000000000e+00
2.4701712618e-01	2.4207570626e-05	1.0534299250e-05	5.3564024647e-10	3.0439772986e+00	2.4569075228e-01	1.2843663680e-04	3.9608847996e-16	7.5292262361e-01	1.8226427587e-05	5.8701796765e-08	7.8728104327e-06	6.1754281545e-02	2.3447965277e-11	3.7984769440e-10	0.0000000000e+00	0.0000000000e+00	0.0000000000e+00	0.0000000000e+00
2.4697783936e-01	2.4528183631e-05	1.0482713933e-05	5.6137159362e-10	3.0439772986e+00	2.4565160759e-01	1.2783463416e-04	4.0055187055e-16	7.5296154088e-01	1.8468778942e-05	5.7930076104e-08	7.8351503593e-06	6.1744459841e-02	2.2176143453e-11	4.0051507669e-10	0.0000000000e+00	0.0000000000e+00	0.0000000000e+00	0.0000000000e+00
2.4714256203e-01	2.4365583451e-05	1.0333308650e-05	5.6322630682e-10	3.0439772986e+00	2.4581573447e-01	1.2590122822e-04	4.0187089005e-16	7.5279741365e-01	1.8342348204e-05	5.9050033414e-08	7.7198379931e-06	6.1785640507e-02	2.2033090841e-11	4.0196221623e-10	0.0000000000e+00	0.0000000000e+00	0.0000000000e+00	0.0000000000e+00
2.4710300805e-01	2.4140236707e-05	1.0359142602e-05	5.7511757214e-10	3.0439772986e+00	2.4577632352e-01	1.2624287243e-04	3.9261431256e-16	7.5283724534e-01	1.8173669304e-05	5.8325182504e-08	7.7404231983e-06	6.1775752012e-02	2.2408228659e-11	4.1056170010e-10	0.0000000000e+00	0.0000000000e+00	0.0000000000e+00	0.0000000000e+00
2.4676566130e-01	2.4168763162e-05	1.0306895693e-05	5.7824212001e-10	3.0439772986e+00	2.4544019752e-01	1.2583424155e-04	3.9455657870e-16	7.5317464038e-01	1.8203299503e-05	5.9887118078e-08	7.7030053391e-06	6.1691415324e-02	2.4106405208e-11	4.1141089558e-10	0.0000000000e+00	0.0000000000e+00	0.0000000000e+00	0.0000000000e+00
2.4694543046e-01	2.4867124285e-05	1.0230234776e-05	5.4775217272e-10	3.0439772986e+00	2.4561931595e-01	1.2477745328e-04	4.0996145753e-16	7.5299400715e-01	1.8724795561e-05	5.9015249019e-08	7.6442902291e-06	6.1736357614e-02	2.1028410152e-11	3.9142569331e-10	0.0000000000e+00	0.0000000000e+00	0.0000000000e+00	0.0000000000e+00
2.4698322718e-01	2.4418808231e-05	1.0630226714e-05	5.5035854254e-10	3.0439772986e+00	2.4565697592e-01	1.2962973912e-04	4.0078256714e-16	7.5295598506e-01	1.8386287806e-05	5.8194655867e-08	7.9458981708e-06	6.1745806796e-02	1.9799250314e-11	3.9459650822e-10	0.0000000000e+00	0.0000000000e+00	0.0000000000e+00	0.0000000000e+00
2.4706542146e-01	2.4607163475e-05	1.0354383792e-05	5.4331700118e-10	3.0439772986e+00	2.4573887286e-01	1.2621025984e-04	4.0202737623e-16	7.5287413684e-01	1.8526096961e-05	5.9147056860e-08	7.7364007029e-06	6.1766355365e-02	2.0657276660e-11	3.8839204164e-10	0.0000000000e+00	0.0000000000e+00	0.0000000000e+00	0.0000000000e+00
2.4725083426e-01	2.3868142067e-05	1.0591463402e-05	6.0813690590e-10	3.0439772986e+00	2.4592361530e-01	1.2897155821e-04	3.9315067687e-16	7.5268931570e-01	1.7965295520e-05	5.8010672820e-08	7.9140706677e-06	6.1812708564e-02	2.2763691172e-11	4.3497446038e-10	0.0000000000e+00	0.0000000000e+00	0.0000000000e+00	0.0000000000e+00
2.4701294741e-01	2.4407245451e-05	1.0261638120e-05	5.3834855844e-10	3.0439772986e+00	2.4568658863e-01	1.2511515187e-04	4.0354549460e-16	7.5292711720e-01	1.8376876956e-05	5.9321891782e-08	7.6669437156e-06	6.1753236853e-02	2.2011274174e-11	3.8332595398e-10	0.0000000000e+00	0.0000000000e+00	0.0000000000e+00	0.0000000000e+00
2.4694120108e-01	2.4513987045e-05	1.0158911012e-05	5.3673757774e-10	3.0439772986e+00	2.4561510188e-01	1.2391045447e-04	3.9813626090e-16	7.5299892913e-01	1.8459005994e-05	5.8831243908e-08	7.5908178692e-06	6.1735300271e-02	2.1368983861e-11	3.8279383740e-10	0.0000000000e+00	0.0000000000e+00	0.0000000000e+00	0.0000000000e+00
2.4687455501e-01	2.4536860959e-05	1.0429127793e-05	5.6198562559e-10	3.0439772986e+00	2.4554869701e-01	1.2725183992e-04	4.0291752642e-16	7.5306492490e-01	1.8477849356e-05	5.8982947648e-08	7.7948273909e-06	6.1718638752e-02	2.1168591749e-11	4.0204307118e-10	0.0000000000e+00	0.0000000000e+00	0.0000000000e+00	0.0000000000e+00
2.4694265115e-01	2.4448475987e-05	1.0385698474e-05	5.7684836983e-10	3.0439772986e+00	2.4561654670e-01	1.2667557324e-04	4.0023272671e-16	7.5299706535e-01	1.8409630671e-05	5.8228719189e-08	7.7621717535e-06	6.1735662787e-02	2.3184477543e-11	4.1118065209e-10	0.0000000000e+00	0.0000000000e+00	0.0000000000e+00	0.0000000000e+00
2.4710968179e-01	2.3994601952e-05	1.0739314277e-05	5.9118414755e-10	3.0439772986e+00	2.4578297313e-01	1.3087107210e-04	3.9020970642e-16	7.5282993275e-01	1.8063854574e-05	5.7040404709e-08	8.0278368406e-06	6.1777420448e-02	2.2061093932e-11	4.2300002812e-10	0.0000000000e+00	0.0000000000e+00	0.0000000000e+00	0.0000000000e+00
2.4691193106e-01	2.4209590251e-05	1.0431200925e-05	5.6073206272e-10	3.0439772986e+00	2.4558593778e-01	1.2725163590e-04	3.9895595936e-16	7.5302804003e-01	1.8230500297e-05	5.8496512890e-08	7.7964902744e-06	6.1727982765e-02	2.1728171640e-11	4.0051879453e-10	0.0000000000e+00	0.0000000000e+00	0.0000000000e+00	0.0000000000e+00
2.4695981210e-01	2.4141660474e-05	1.0354241777e-05	5.7123866240e-10	3.0439772986e+00	2.4563364556e-01	1.2628032798e-04	3.9405781966e-16	7.5298043887e-01	1.8178198099e-05	5.7644799760e-08	7.7388967177e-06	6.1739953025e-02	2.1741280972e-11	4.0839025774e-10	0.0000000000e+00	0.0000000000e+00	0.0000000000e+00	0.0000000000e+00
2.4716567326e-01	2.4219078299e-05	1.0404280135e-05	5.8249758303e-10	3.0439772986e+00	2.4583876214e-01	1.2675021192e-04	3.9723475938e-16	7.5277436445e-01	1.8231501274e-05	5.8492417007e-08	7.7735829490e-06	6.1791418314e-02	2.1642101712e-11	4.1684714614e-10	0.0000000000e+00	0.0000000000e+00	0.0000000000e+00	0.0000000000e+00
2.4693801632e-01	2.4532575573e-05	1.0385925911e-05	5.7414996063e-10	3.0439772986e+00	2.4561192864e-01	1.2668148325e-04	4.0468238840e-16	7.5300157267e-01	1.8473067988e-05	5.8195207025e-08	7.7624233372e-06	6.1734504080e-02	2.3200806760e-11	4.0913501654e-10	0.0000000000e+00	0.0000000000e+00	0.0000000000e+00	0.0000000000e+00
2.4690967642e-01	2.4474999649e-05	1.0267548804e-05	5.3812867850e-10	3.0439772986e+00	2.4558369130e-01	1.2525673525e-04	4.0387235543e-16	7.5303026459e-01	1.8430415461e-05	5.8957951921e-08	7.6728170406e-06	6.1727419104e-02	2.1459420877e-11	3.8376776028e-10	0.0000000000e+00	0.0000000000e+00	0.0000000000e+00	0.0000000000e+00
2.4697663021e-01	2.3780472490e-05	1.0391898436e-05	5.5696973462e-10	3.0439772986e+00	2.4565040282e-01	1.2672820500e-04	3.8616864810e-16	7.5296408099e-01	1.7905841614e-05	5.8539831503e-08	7.7661864242e-06	6.1744157553e-02	2.1066588244e-11	3.9831161613e-10	0.0000000000e+00	0.0000000000e+00	0.0000000000e+00	0.0000000000e+00
2.4694632096e-01	2.4046514096e-05	1.0505420915e-05	5.8979837969e-10	3.0439772986e+00	2.4562020324e-01	1.2813337013e-04	3.8672623221e-16	7.5299373063e-01	1.8106874358e-05	5.7712331175e-08	7.8528037552e-06	6.1736580240e-02	2.3305790796e-11	4.2080869145e-10	0.0000000000e+00	0.0000000000e+00	0.0000000000e+00	0.0000000000e+00
2.4711556051e-01	2.4390094450e-05	1.0330565573e-05	5.5053226883e-10	3.0439772986e+00	2.4578883059e-01	1.2588606934e-04	4.0236601227e-16	7.5282438237e-01	1.8361457790e-05	5.9010381758e-08	7.7180912649e-06	6.1778890128e-02	2.2659142005e-11	3.9179497325e-10	0.0000000000e+00	0.0000000000e+00	0.0000000000e+00	0.0000000000e+00
2.4700413785e-01	2.4702282852e-05	1.0291678521e-05	5.7652284545e-10	3.0439772986e+00	2.4567781093e-01	1.2548727795e-04	4.0955863865e-16	7.5293541376e-01	1.8599223560e-05	5.9503124897e-08	7.6894661003e-06	6.1751034462e-02	2.4042137798e-11	4.1004232938e-10	0.0000000000e+00	0.0000000000e+00	0.0000000000e+00	0.0000000000e+00
2.4690325712e-01	2.4289836461e-05	1.0381954594e-05	5.5781538854e-10	3.0439772986e+00	2.4557729524e-01	1.2665677976e-04	3.9328203315e-16	7.5303670368e-01	1.8291138382e-05	5.8064769471e-08	7.7599280957e-06	6.1725814281e-02	2.1269481698e-11	3.9878597975e-10	0.0000000000e+00	0.0000000000e+00	0.0000000000e+00	0.0000000000e+00
2.4695331425e-01	2.4647604969e-05	1.0303808985e-05	5.3956821996e-10	3.0439772986e+00	2.4562717122e-01	1.2566953243e-04	4.0915982070e-16	7.5298628841e-01	1.8559308584e-05	5.9328598790e-08	7.6992982850e-06	6.1738328563e-02	2.3152762794e-11	3.8313470850e-10	0.0000000000e+00	0.0000000000e+00	0.0000000000e+00	0.0000000000e+00
2.4685409329e-01	2.4721267919e-05	1.0173785342e-05	5.1919758227e-10	3.0439772986e+00	2.4552830936e-01	1.2414997044e-04	4.0971627513e-16	7.5308568431e-01	1.8617232967e-05	5.8780540552e-08	7.6029515557e-06	6.1713523324e-02	2.0214391527e-11	3.7078587501e-10	0.0000000000e+00	0.0000000000e+00	0.0000000000e+00	0.0000000000e+00
2.4700767504e-01	2.4121564984e-05	1.0310253335e-05	5.4322162227e-10	3.0439772986e+00	2.4568133533e-01	1.2571151042e-04	4.0138556839e-16	7.5293270949e-01	1.8161915281e-05	5.8963253945e-08	7.7039637248e-06	6.1751918760e-02	2.2441914095e-11	3.8656741381e-10	0.0000000000e+00	0.0000000000e+00	0.0000000000e+00	0.0000000000e+00
2.4701939411e-01	2.4587688322e-05	1.0115616791e-05	5.5508380255e-10	3.0439772986e+00	2.4569301200e-01	1.2333051980e-04	4.0775977443e-16	7.5292072903e-01	1.8512580217e-05	5.9218452241e-08	7.5570391168e-06	6.1754848527e-02	2.2244789896e-11	3.9568931139e-10	0.0000000000e+00	0.0000000000e+00	0.0000000000e+00	0.0000000000e+00
2.4703641811e-01	2.4113365554e-05	1.0480172287e-05	5.6673711717e-10	3.0439772986e+00	2.4570997442e-01	1.2776350101e-04	3.9538498979e-16	7.5290359715e-01	1.8155039665e-05	5.7168409439e-08	7.8333910042e-06	6.1759104528e-02	2.1675411151e-11	4.0502300300e-10	0.0000000000e+00	0.0000000000e+00	0.0000000000e+00	0.0000000000e+00
2.4694374099e-01	2.3961047886e-05	1.0431206919e-05	5.7987223928e-10	3.0439772986e+00	2.4561763260e-01	1.2723000605e-04	3.9075736871e-16	7.5299660679e-01	1.8042587753e-05	5.8132204871e-08	7.7965312102e-06	6.1735935248e-02	2.2216048738e-11	4.1442577981e-10	0.0000000000e+00	0.0000000000e+00	0.0000000000e+00	0.0000000000e+00
2.4693603945e-01	2.4511356985e-05	1.0272887685e-05	5.6551455775e-10	3.0439772986e+00	2.4560995892e-01	1.2530408859e-04	3.9624852678e-16	7.5300383671e-01	1.8457145852e-05	5.7839327885e-08	7.6776845128e-06	6.1734009861e-02	2.1825778468e-11	4.0400885323e-10	0.0000000000e+00	0.0000000000e+00	0.0000000000e+00	0.0000000000e+00
2.4704002841e-01	2.4282601495e-05	1.0309848052e-05	5.6369806917e-10	3.0439772986e+00	2.4571357166e-01	1.2568466503e-04	3.9732344864e-16	7.5290011702e-01	1.8282373507e-05	5.9185293737e-08	7.7031005111e-06	6.1760007102e-02	2.2952045395e-11	4.0145629685e-10	0.0000000000e+00	0.0000000000e+00	0.0000000000e+00	0.0000000000e+00
2.4703829373e-01	2.4696407199e-05	1.0278645469e-05	5.6134286679e-10	3.0439772986e+00	2.4571184326e-01	1.2530535908e-04	4.0514281896e-16	7.5290129898e-01	1.8593957060e-05	5.9162927249e-08	7.6796425984e-06	6.1759573433e-02	2.1790316484e-11	4.0084545710e-10	0.0000000000e+00	0.0000000000e+00	0.0000000000e+00	0.0000000000e+00
2.4684194995e-01	2.4599927662e-05	1.0553758399e-05	5.6247997703e-10	3.0439772986e+00	2.4551620997e-01	1.2879505096e-04	4.0020879419e-16	7.5309715080e-01	1.8526135433e-05	5.8797153512e-08	7.8892082271e-06	6.1710487487e-02	2.1541519285e-11	4.0206054880e-10	0.0000000000e+00	0.0000000000e+00	0.0000000000e+00	0.0000000000e+00
2.4703010874e-01	2.4026464038e-05	1.0367542633e-05	5.4371405523e-10	3.0439772986e+00	2.4570368787e-01	1.2639478782e-04	3.9412925000e-16	7.5291029137e-01	1.8089772039e-05	5.9383621331e-08	7.7464459234e-06	6.1757527185e-02	2.1981229126e-11	3.8738667862e-10	0.0000000000e+00	0.0000000000e+00	0.0000000000e+00	0.0000000000e+00
2.4705741017e-01	2.4098049869e-05	1.0292733781e-05	5.5754868191e-10	3.0439772986e+00	2.4573089055e-01	1.2546435793e-04	3.9569060627e-16	7.5288305319e-01	1.8143013361e-05	5.7671382239e-08	7.6915534525e-06	6.1764352542e-02	2.1667152248e-11	3.9810180170e-10	0.0000000000e+00	0.0000000000e+00	0.0000000000e+00	0.0000000000e+00
2.4694390636e-01	2.4619050067e-05	1.0219954930e-05	5.4202246780e-10	3.0439772986e+00	2.4561779737e-01	1.2465315803e-04	4.0646833098e-16	7.5299592794e-01	1.8538044451e-05	5.9106621956e-08	7.6364778240e-06	6.1735976590e-02	2.1946843164e-11	3.8619386794e-10	0.0000000000e+00	0.0000000000e+00	0.0000000000e+00	0.0000000000e+00
2.4707758847e-01	2.4226592807e-05	1.0695791789e-05	5.5734750116e-10	3.0439772986e+00	2.4575099587e-01	1.3036314328e-04	3.9326622163e-16	7.5286177269e-01	1.8239275607e-05	5.7963210429e-08	7.9944895560e-06	6.1769397117e-02	2.1574846428e-11	3.9803078130e-10	0.0000000000e+00	0.0000000000e+00	0.0000000000e+00	0.0000000000e+00
2.4681924852e-01	2.4762665959e-05	1.0484383057e-05	5.3653921458e-10	3.0439772986e+00	2.4549359073e-01	1.2796402422e-04	4.0671993006e-16	7.5311976216e-01	1.8649253097e-05	5.8628206396e-08	7.8373678676e-06	6.1704812130e-02	2.1236939107e-11	3.8284134657e-10	0.0000000000e+00	0.0000000000e+00	0.0000000000e+00	0.0000000000e+00
2.4699412808e-01	2.4420570183e-05	1.0459268870e-05	5.5975755945e-10	3.0439772986e+00	2.4566783738e-01	1.2753759225e-04	4.0249268574e-16	7.5294546848e-01	1.8387357657e-05	5.8545985797e-08	7.8167131132e-06	6.1748532020e-02	2.1346234129e-11	4.0012068371e-10	0.0000000000e+00	0.0000000000e+00	0.0000000000e+00	0.0000000000e+00
2.4677231288e-01	2.4660385175e-05	1.0284877256e-05	5.3714358902e-10	3.0439772986e+00	2.4544682502e-01	1.2556081565e-04	4.0688797784e-16	7.5316729880e-01	1.8573395689e-05	5.9077782283e-08	7.6871554391e-06	6.1693078219e-02	2.1644807346e-11	3.8291417866e-10	0.0000000000e+00	0.0000000000e+00	0.0000000000e+00	0.0000000000e+00
2.4689154677e-01	2.5004702866e-05	1.0259962505e-05	5.3368775914e-10	3.0439772986e+00	2.4556562726e-01	1.2517626249e-04	4.1190018704e-16	7.5304761224e-01	1.8829731788e-05	5.9115788828e-08	7.6671244771e-06	6.1722886691e-02	2.1821530881e-11	3.8007076182e-10	0.0000000000e+00	0.0000000000e+00	0.0000000000e+00	0.0000000000e+00
2.4687716235e-01	2.4324917138e-05	1.0356240659e-05	5.7119064035e-10	3.0439772986e+00	2.4555129491e-01	1.2636081086e-04	3.9531769251e-16	7.5306280156e-01	1.8318190248e-05	5.8361255217e-08	7.7405383489e-06	6.1719290587e-02	2.1788236946e-11	4.0835418690e-10	0.0000000000e+00	0.0000000000e+00	0.0000000000e+00	0.0000000000e+00
2.4699979825e-01	2.4268973562e-05	1.0474711878e-05	5.7608478957e-10	3.0439772986e+00	2.4567348703e-01	1.2772203919e-04	4.0070272382e-16	7.5293999207e-01	1.8273080761e-05	5.9128534512e-08	7.8277009436e-06	6.1749949562e-02	2.3947612048e-11	4.0980966484e-10	0.0000000000e+00	0.0000000000e+00	0.0000000000e+00	0.0000000000e+00
2.4696671432e-01	2.4325330240e-05	1.0298283574e-05	5.2629084267e-10	3.0439772986e+00	2.4564052280e-01	1.2559317537e-04	3.9733821952e-16	7.5297338725e-01	1.8316326307e-05	5.8826095612e-08	7.6955073698e-06	6.1741678580e-02	2.1420536285e-11	3.7486246220e-10	0.0000000000e+00	0.0000000000e+00	0.0000000000e+00	0.0000000000e+00
2.4707270055e-01	2.4440221074e-05	1.0442118360e-05	5.7794968360e-10	3.0439772986e+00	2.4574612563e-01	1.2727469090e-04	4.0155077958e-16	7.5286691136e-01	1.8400233753e-05	5.9456301767e-08	7.8020690961e-06	6.1768175137e-02	2.2720695305e-11	4.1239849791e-10	0.0000000000e+00	0.0000000000e+00	0.0000000000e+00	0.0000000000e+00
2.4715332334e-01	2.4158217272e-05	1.0457373999e-05	5.6462998959e-10	3.0439772986e+00	2.4582645688e-01	1.2740547935e-04	3.9295658926e-16	7.5278668520e-01	1.8185984300e-05	5.7128135092e-08	7.8150437733e-06	6.1788330836e-02	2.1967114585e-11	4.0307882364e-10	0.0000000000e+00	0.0000000000e+00	0.0000000000e+00	0.0000000000e+00
2.4711059887e-01	2.4401071611e-05	1.0215902606e-05	5.4914344629e-10	3.0439772986e+00	2.4578388689e-01	1.2449217096e-04	4.0334475979e-16	7.5282958604e-01	1.8369848640e-05	5.7964742398e-08	7.6328689876e-06	6.1777649717e-02	2.1853328635e-11	3.9155810471e-10	0.0000000000e+00	0.0000000000e+00	0.0000000000e+00	0.0000000000e+00
2.4687025446e-01	2.5071035540e-05	1.0195642369e-05	4.9652103405e-10	3.0439772986e+00	2.4554441202e-01	1.2440578058e-04	4.2086313298e-16	7.5306894842e-01	1.8880218370e-05	5.9445945214e-08	7.6185757320e-06	6.1717563615e-02	2.1259223503e-11	3.5265534948e-10	0.0000000000e+00	0.0000000000e+00	0.0000000000e+00	0.0000000000e+00
2.4700124049e-01	2.4471818595e-05	1.0555630183e-05	5.4956184759e-10	3.0439772986e+00	2.4567492406e-01	1.2870762457e-04	4.0153816711e-16	7.5293806188e-01	1.8425763664e-05	5.7833529045e-08	7.8899022032e-06	6.1750310123e-02	2.0386467144e-11	3.9339956526e-10	0.0000000000e+00	0.0000000000e+00	0.0000000000e+00	0.0000000000e+00
2.4694945841e-01	2.4259024316e-05	1.0354123625e-05	5.5228897185e-10	3.0439772986e+00	2.4562332933e-01	1.2628588813e-04	3.9761587722e-16	7.5299061537e-01	1.8266817648e-05	5.8431215673e-08	7.7381267040e-06	6.1737364603e-02	2.1257519335e-11	3.9461089344e-10	0.0000000000e+00	0.0000000000e+00	0.0000000000e+00	0.0000000000e+00
2.4689052134e-01	2.4628804278e-05	1.0279611013e-05	5.5273048575e-10	3.0439772986e+00	2.4556460555e-01	1.2541676186e-04	4.0300489654e-16	7.5304915919e-01	1.8546700353e-05	5.8319068537e-08	7.6827333616e-06	6.1722630335e-02	2.2239018714e-11	3.9399420884e-10	0.0000000000e+00	0.0000000000e+00	0.0000000000e+00	0.0000000000e+00
2.4689833566e-01	2.4443779292e-05	1.0442470301e-05	5.4049214384e-10	3.0439772986e+00	2.4557239159e-01	1.2739836311e-04	3.9793815479e-16	7.5304125631e-01	1.8407174267e-05	6.0071744910e-08	7.8035392095e-06	6.1724583915e-02	2.0733458459e-11	3.8627942456e-10	0.0000000000e+00	0.0000000000e+00	0.0000000000e+00	0.0000000000e+00
2.4694157598e-01	2.3834170624e-05	1.0653494491e-05	5.8532776529e-10	3.0439772986e+00	2.4561547542e-01	1.2994271895e-04	3.8189955350e-16	7.5299846056e-01	1.7947093789e-05	5.8170743320e-08	7.9638942080e-06	6.1735393994e-02	2.1454570347e-11	4.1929633584e-10	0.0000000000e+00	0.0000000000e+00	0.0000000000e+00	0.0000000000e+00
2.4695012012e-01	2.4632229926e-05	1.0352304485e-05	5.5164036027e-10	3.0439772986e+00	2.4562398865e-01	1.2626315785e-04	4.0845418790e-16	7.5298939583e-01	1.8547807930e-05	5.8521115436e-08	7.7366543840e-06	6.1737530030e-02	2.0931140435e-11	3.9444820116e-10	0.0000000000e+00	0.0000000000e+00	0.0000000000e+00	0.0000000000e+00
2.4685229078e-01	2.4007013932e-05	1.0519295389e-05	5.7221121724e-10	3.0439772986e+00	2.4552651337e-01	1.2836749950e-04	3.8899778524e-16	7.5308778157e-01	1.8079388864e-05	5.7647702988e-08	7.8643051252e-06	6.1713072695e-02	2.0992285864e-11	4.0993299032e-10	0.0000000000e+00	0.0000000000e+00	0.0000000000e+00	0.0000000000e+00
2.4703232420e-01	2.4249092720e-05	1.0553798434e-05	5.6206826674e-10	3.0439772986e+00	2.4570589533e-01	1.2866384383e-04	3.9509314174e-16	7.5290732010e-01	1.8257319415e-05	5.7476542465e-08	7.8885555534e-06	6.1758081051e-02	2.1589759444e-11	4.0159555298e-10	0.0000000000e+00	0.0000000000e+00	0.0000000000e+00	0.0000000000e+00
2.4696796645e-01	2.4459987228e-05	1.0666161369e-05	5.7390835066e-10	3.0439772986e+00	2.4564177041e-01	1.3007859096e-04	3.9734428300e-16	7.5297110126e-01	1.8417663520e-05	5.8570574764e-08	7.9727406975e-06	6.1741991613e-02	2.2404491902e-11	4.0973191092e-10	0.0000000000e+00	0.0000000000e+00	0.0000000000e+00	0.0000000000e+00
2.4719141118e-01	2.4288712526e-05	1.0464148238e-05	5.6361375212e-10	3.0439772986e+00	2.4586440701e-01	1.2746188368e-04	4.0035340373e-16	7.5274838866e-01	1.8283289217e-05	5.8788336547e-08	7.8180823882e-06	6.1797852795e-02	2.1078097562e-11	4.0318124618e-10	0.0000000000e+00	0.0000000000e+00	0.0000000000e+00	0.0000000000e+00
2.4686278210e-01	2.4542260423e-05	1.0485345445e-05	5.6171950439e-10	3.0439772986e+00	2.4553696672e-01	1.2794586253e-04	4.0433855489e-16	7.5307656173e-01	1.8482201096e-05	6.0194588228e-08	7.8360733077e-06	6.1715695526e-02	2.2499269361e-11	4.0051852367e-10	0.0000000000e+00	0.0000000000e+00	0.0000000000e+00	0.0000000000e+00
2.4705533291e-01	2.4134965141e-05	1.0498893789e-05	5.7579379425e-10	3.0439772986e+00	2.4572882080e-01	1.2797870748e-04	3.9530156072e-16	7.5288460901e-01	1.8170843793e-05	5.8743935129e-08	7.8457116103e-06	6.1763833227e-02	2.1702097758e-11	4.1180418790e-10	0.0000000000e+00	0.0000000000e+00	0.0000000000e+00	0.0000000000e+00
2.4689344199e-01	2.4617339708e-05	1.0313801863e-05	5.4155109200e-10	3.0439772986e+00	2.4556751563e-01	1.2583192198e-04	4.0599849235e-16	7.5304617886e-01	1.8537993601e-05	5.8802393259e-08	7.7079666892e-06	6.1723360498e-02	2.2075893039e-11	3.8573708745e-10	0.0000000000e+00	0.0000000000e+00	0.0000000000e+00	0.0000000000e+00
2.4686139058e-01	2.4309038243e-05	1.0460138132e-05	5.6568732423e-10	3.0439772986e+00	2.4553558022e-01	1.2763929856e-04	4.0194203404e-16	7.5307836131e-01	1.8306610685e-05	5.8208229585e-08	7.8190954543e-06	6.1715347644e-02	2.2507700257e-11	4.0349918289e-10	0.0000000000e+00	0.0000000000e+00	0.0000000000e+00	0.0000000000e+00
2.4722471720e-01	2.4869087133e-05	1.0121342618e-05	5.3854349237e-10	3.0439772986e+00	2.4589759264e-01	1.2326415177e-04	4.1371264533e-16	7.5271498584e-01	1.8719334569e-05	5.9640038104e-08	7.5588462271e-06	6.1806179299e-02	2.1681049669e-11	3.8368870756e-10	0.0000000000e+00	0.0000000000e+00	0.0000000000e+00	0.0000000000e+00
2.4713843425e-01	2.4105863671e-05	1.0335679430e-05	5.5998725206e-10	3.0439772986e+00	2.4581162162e-01	1.2593297215e-04	3.9243859366e-16	7.5280192676e-01	1.8146940618e-05	5.8216546880e-08	7.7225028424e-06	6.1784608562e-02	2.1061668116e-11	4.0049781419e-10	0.0000000000e+00	0.0000000000e+00	0.0000000000e+00	0.0000000000e+00
2.4705653008e-01	2.4121262363e-05	1.0511837193e-05	5.3908773433e-10	3.0439772986e+00	2.4573001364e-01	1.2813565803e-04	3.9283978373e-16	7.5288340352e-01	1.8160498105e-05	5.8387460594e-08	7.8558003026e-06	6.1764132520e-02	2.0151285122e-11	3.8571892310e-10	0.0000000000e+00	0.0000000000e+00	0.0000000000e+00	0.0000000000e+00
2.4685947770e-01	2.4764250024e-05	1.0236022133e-05	5.2016614005e-10	3.0439772986e+00	2.4553367427e-01	1.2490579000e-04	4.0865342417e-16	7.5308009500e-01	1.8649463761e-05	5.9067530217e-08	7.6494769901e-06	6.1714869425e-02	2.0608605716e-11	3.7111816045e-10	0.0000000000e+00	0.0000000000e+00	0.0000000000e+00	0.0000000000e+00
2.4708219005e-01	2.3839739370e-05	1.0464120060e-05	5.9649682707e-10	3.0439772986e+00	2.4575558081e-01	1.2753649943e-04	3.9157199011e-16	7.5285827692e-01	1.7947945104e-05	5.7691059729e-08	7.8203083378e-06	6.1770547513e-02	2.1846303610e-11	4.2723126981e-10	0.0000000000e+00	0.0000000000e+00	0.0000000000e+00	0.0000000000e+00
2.4694399494e-01	2.3983751827e-05	1.0447588619e-05	5.6118750757e-10	3.0439772986e+00	2.4561788563e-01	1.2742962849e-04	3.9282682100e-16	7.5299628176e-01	1.8059675949e-05	5.7225665273e-08	7.8097697180e-06	6.1735998735e-02	2.1678696816e-11	4.0089340976e-10	0.0000000000e+00	0.0000000000e+00	0.0000000000e+00	0.0000000000e+00
2.4705025037e-01	2.4426372758e-05	1.0332634297e-05	5.4254459559e-10	3.0439772986e+00	2.4572375665e-01	1.2595547960e-04	3.9911484743e-16	7.5288962805e-01	1.8390362700e-05	5.8835912074e-08	7.7204972808e-06	6.1762562593e-02	2.1927838282e-11	3.8654836049e-10	0.0000000000e+00	0.0000000000e+00	0.0000000000e+00	0.0000000000e+00
2.4709007431e-01	2.3809881424e-05	1.0645524165e-05	5.7124110936e-10	3.0439772986e+00	2.4576343656e-01	1.2974188778e-04	3.8696731401e-16	7.5285002869e-01	1.7925269913e-05	5.8221390652e-08	7.9562617825e-06	6.1772518578e-02	2.1335423324e-11	4.0872346225e-10	0.0000000000e+00	0.0000000000e+00	0.0000000000e+00	0.0000000000e+00
2.4703650559e-01	2.4712484491e-05	1.0460596626e-05	5.7375869455e-10	3.0439772986e+00	2.4571006159e-01	1.2752464936e-04	4.0764230206e-16	7.5290265176e-01	1.8606095105e-05	5.8570968124e-08	7.8172399705e-06	6.1759126399e-02	2.1705343706e-11	4.1027909889e-10	0.0000000000e+00	0.0000000000e+00	0.0000000000e+00	0.0000000000e+00
2.4694698580e-01	2.4502770999e-05	1.0205805145e-05	5.4485609153e-10	3.0439772986e+00	2.4562086567e-01	1.2447854552e-04	3.9885793121e-16	7.5299305580e-01	1.8450416410e-05	5.7790609638e-08	7.6271097937e-06	6.1736746450e-02	2.1302921823e-11	3.8896993151e-10	0.0000000000e+00	0.0000000000e+00	0.0000000000e+00	0.0000000000e+00
2.4706760664e-01	2.4215936066e-05	1.0501668662e-05	5.6948132734e-10	3.0439772986e+00	2.4574105014e-01	1.2800406466e-04	3.9504422403e-16	7.5287220811e-01	1.8231505257e-05	5.7862524010e-08	7.8485519500e-06	6.1766901660e-02	2.2558344098e-11	4.0618832029e-10	0.0000000000e+00	0.0000000000e+00	0.0000000000e+00	0.0000000000e+00
2.4683579860e-01	2.4323812910e-05	1.0389267711e-05	5.5320823552e-10	3.0439772986e+00	2.4551008089e-01	1.2679198140e-04	3.9739801280e-16	7.5310408916e-01	1.8318362966e-05	5.9336891773e-08	7.7648631048e-06	6.1708949650e-02	2.3062429816e-11	3.9356095451e-10	0.0000000000e+00	0.0000000000e+00	0.0000000000e+00	0.0000000000e+00
2.4709499792e-01	2.4017151468e-05	1.0370549342e-05	5.8631464435e-10	3.0439772986e+00	2.4576834236e-01	1.2638735032e-04	3.9527091901e-16	7.5284541432e-01	1.8081202348e-05	5.7561628602e-08	7.7498588874e-06	6.1773749481e-02	2.2367526212e-11	4.1903676513e-10	0.0000000000e+00	0.0000000000e+00	0.0000000000e+00	0.0000000000e+00
2.4700638553e-01	2.4700394227e-05	1.0391396706e-05	5.3400185892e-10	3.0439772986e+00	2.4568005048e-01	1.2670158140e-04	4.0873366578e-16	7.5293294410e-01	1.8597740546e-05	5.9250499078e-08	7.7647744162e-06	6.1751596382e-02	2.0351589696e-11	3.8171600210e-10	0.0000000000e+00	0.0000000000e+00	0.0000000000e+00	0.0000000000e+00
2.4707571076e-01	2.4477561594e-05	1.0365879598e-05	5.3750797295e-10	3.0439772986e+00	2.4574912495e-01	1.2634342301e-04	4.0685513024e-16	7.5286401757e-01	1.8428275362e-05	5.9315356457e-08	7.7447824031e-06	6.1768927689e-02	2.2240824378e-11	3.8242958761e-10	0.0000000000e+00	0.0000000000e+00	0.0000000000e+00	0.0000000000e+00
2.4680234389e-01	2.4651898181e-05	1.0345607276e-05	5.4148273185e-10	3.0439772986e+00	2.4547674730e-01	1.2628180125e-04	4.0639020097e-16	7.5313714575e-01	1.8566260233e-05	5.8723127107e-08	7.7329380077e-06	6.1700585974e-02	2.0867734426e-11	3.8694302471e-10	0.0000000000e+00	0.0000000000e+00	0.0000000000e+00	0.0000000000e+00
2.4691674418e-01	2.4273124342e-05	1.0693029838e-05	5.5967095333e-10	3.0439772986e+00	2.4559073349e-01	1.3044222687e-04	3.9360164014e-16	7.5302254017e-01	1.8278209750e-05	5.8137776545e-08	7.9939547142e-06	6.1729186046e-02	2.1028981994e-11	4.0041586095e-10	0.0000000000e+00	0.0000000000e+00	0.0000000000e+00	0.0000000000e+00
2.4695957516e-01	2.4337293785e-05	1.0557832908e-05	5.5793715035e-10	3.0439772986e+00	2.4563340947e-01	1.2876336037e-04	3.9587213546e-16	7.5297992141e-01	1.8325493562e-05	5.8920960470e-08	7.8909152325e-06	6.1739893789e-02	2.3490464826e-11	3.9662500679e-10	0.0000000000e+00	0.0000000000e+00	0.0000000000e+00	0.0000000000e+00
2.4715712103e-01	2.4452550573e-05	1.0416600169e-05	5.3198120153e-10	3.0439772986e+00	2.4583024083e-01	1.2690606961e-04	4.0105282433e-16	7.5278253696e-01	1.8407453055e-05	5.9446552574e-08	7.7819881489e-06	6.1789280258e-02	2.2461075401e-11	3.7800508310e-10	0.0000000000e+00	0.0000000000e+00	0.0000000000e+00	0.0000000000e+00
2.4713772684e-01	2.4312003102e-05	1.0346840847e-05	5.6033563664e-10	3.0439772986e+00	2.4581091676e-01	1.2606938928e-04	3.9789358855e-16	7.5280229857e-01	1.8302131818e-05	5.8410877601e-08	7.7307146950e-06	6.1784431710e-02	2.2136406116e-11	3.9968554912e-10	0.0000000000e+00	0.0000000000e+00	0.0000000000e+00	0.0000000000e+00
2.4691499788e-01	2.4446687042e-05	1.0410215091e-05	5.6766725909e-10	3.0439772986e+00	2.4558899350e-01	1.2699348012e-04	3.9782109007e-16	7.5302466377e-01	1.8408958290e-05	5.8457634144e-08	7.7806910847e-06	6.1728749469e-02	2.0915228312e-11	4.0655221860e-10	0.0000000000e+00	0.0000000000e+00	0.0000000000e+00	0.0000000000e+00
2.4692551275e-01	2.3930636706e-05	1.0489111620e-05	5.8432834365e-10	3.0439772986e+00	2.4559947033e-01	1.2794879980e-04	3.9154298382e-16	7.5301474856e-01	1.8020122382e-05	5.7589716482e-08	7.8408660326e-06	6.1731378189e-02	2.1690894962e-11	4.1831696581e-10	0.0000000000e+00	0.0000000000e+00	0.0000000000e+00	0.0000000000e+00
2.4707398204e-01	2.4098140326e-05	1.0467731618e-05	5.9188220635e-10	3.0439772986e+00	2.4574740248e-01	1.2758607893e-04	3.9743965187e-16	7.5286608710e-01	1.8142672614e-05	5.8231326451e-08	7.8225688172e-06	6.1768495510e-02	2.3235992230e-11	4.2237204848e-10	0.0000000000e+00	0.0000000000e+00	0.0000000000e+00	0.0000000000e+00
2.4711716390e-01	2.4057105892e-05	1.0465227253e-05	5.8207199549e-10	3.0439772986e+00	2.4579042818e-01	1.2752596223e-04	3.8864059609e-16	7.5282297616e-01	1.8110742055e-05	5.7804069119e-08	7.8206594581e-06	6.1779290975e-02	2.1348140306e-11	4.1684903168e-10	0.0000000000e+00	0.0000000000e+00	0.0000000000e+00	0.0000000000e+00
2.4679073401e-01	2.4544983953e-05	1.0357880946e-05	5.2769493268e-10	3.0439772986e+00	2.4546517945e-01	1.2643953670e-04	4.0569369039e-16	7.5314888808e-01	1.8486027372e-05	5.9066948117e-08	7.7419595691e-06	6.1697683502e-02	2.0829615847e-11	3.7660323595e-10	0.0000000000e+00	0.0000000000e+00	0.0000000000e+00	0.0000000000e+00
2.4698267746e-01	2.4270607874e-05	1.0548107831e-05	5.5562185570e-10	3.0439772986e+00	2.4565642818e-01	1.2862879473e-04	3.9393753446e-16	7.5295694336e-01	1.8274722719e-05	5.8453116423e-08	7.8838179139e-06	6.1745669364e-02	2.2058532436e-11	3.9630080170e-10	0.0000000000e+00	0.0000000000e+00	0.0000000000e+00	0.0000000000e+00
2.4710039536e-01	2.3893000498e-05	1.0537973247e-05	5.8650516793e-10	3.0439772986e+00	2.4577372028e-01	1.2842401058e-04	3.9341117794e-16	7.5283982613e-01	1.7987602341e-05	5.8325816641e-08	7.8750801303e-06	6.1775098840e-02	2.1232293236e-11	4.2031215541e-10	0.0000000000e+00	0.0000000000e+00	0.0000000000e+00	0.0000000000e+00
2.4692992024e-01	2.4389575579e-05	1.0155004619e-05	5.3203768355e-10	3.0439772986e+00	2.4560386187e-01	1.2387035376e-04	4.0126793388e-16	7.5301040527e-01	1.8365604191e-05	5.8302714960e-08	7.5885214287e-06	6.1732480061e-02	2.1557585087e-11	3.7907232662e-10	0.0000000000e+00	0.0000000000e+00	0.0000000000e+00	0.0000000000e+00
2.4706770772e-01	2.4492431374e-05	1.0297254518e-05	5.5258386884e-10	3.0439772986e+00	2.4574115086e-01	1.2551241512e-04	4.0799419550e-16	7.5287215248e-01	1.8439669528e-05	5.9164464721e-08	7.6933517086e-06	6.1766926930e-02	2.2344586128e-11	3.9368042063e-10	0.0000000000e+00	0.0000000000e+00	0.0000000000e+00	0.0000000000e+00
2.4686016918e-01	2.4471789013e-05	1.0533139816e-05	5.6965370277e-10	3.0439772986e+00	2.4553436325e-01	1.2853087226e-04	4.0356607366e-16	7.5307917257e-01	1.8429194621e-05	5.7683034343e-08	7.8746051830e-06	6.1715042294e-02	2.2081239418e-11	4.0691309971e-10	0.0000000000e+00	0.0000000000e+00	0.0000000000e+00	0.0000000000e+00
2.4699615072e-01	2.3949931379e-05	1.0551966081e-05	5.9090674154e-10	3.0439772986e+00	2.4566985270e-01	1.2866660386e-04	3.8394044845e-16	7.5294394514e-01	1.8032955818e-05	5.9048617391e-08	7.8859903526e-06	6.1749037679e-02	2.1941842977e-11	4.2297781021e-10	0.0000000000e+00	0.0000000000e+00	0.0000000000e+00	0.0000000000e+00
2.4678741066e-01	2.4317127463e-05	1.0487135665e-05	5.6907671454e-10	3.0439772986e+00	2.4546186814e-01	1.2801965754e-04	3.9591466742e-16	7.5315226211e-01	1.8314499557e-05	5.7931786289e-08	7.8404781632e-06	6.1696852665e-02	2.1882662368e-11	4.0671875250e-10	0.0000000000e+00	0.0000000000e+00	0.0000000000e+00	0.0000000000e+00
2.4700898062e-01	2.4466101273e-05	1.0547536590e-05	5.8802880762e-10	3.0439772986e+00	2.4568263619e-01	1.2860358982e-04	4.0054005564e-16	7.5293034906e-01	1.8421270172e-05	5.8402850406e-08	7.8831575562e-06	6.1752245155e-02	2.2978580955e-11	4.1976615443e-10	0.0000000000e+00	0.0000000000e+00	0.0000000000e+00	0.0000000000e+00
2.4705654742e-01	2.4005514548e-05	1.0671243943e-05	5.8459772446e-10	3.0439772986e+00	2.4573003092e-01	1.3007872689e-04	3.8867817624e-16	7.5288320020e-01	1.8073348615e-05	5.9015948003e-08	7.9751843416e-06	6.1764136855e-02	2.2357017448e-11	4.1777678818e-10	0.0000000000e+00	0.0000000000e+00	0.0000000000e+00	0.0000000000e+00
2.4701972876e-01	2.4546390994e-05	1.0390650059e-05	5.5354392441e-10	3.0439772986e+00	2.4569334545e-01	1.2668342842e-04	4.0665597671e-16	7.5291983541e-01	1.8481464667e-05	5.8940579467e-08	7.7643859526e-06	6.1754932191e-02	2.2490883949e-11	3.9428331651e-10	0.0000000000e+00	0.0000000000e+00	0.0000000000e+00	0.0000000000e+00
2.4700787449e-01	2.4283966690e-05	1.0343677973e-05	5.7206018332e-10	3.0439772986e+00	2.4568153406e-01	1.2611886360e-04	3.9871767378e-16	7.5293218987e-01	1.8284180218e-05	5.8338033437e-08	7.7297500742e-06	6.1751968623e-02	2.3586869367e-11	4.0713565719e-10	0.0000000000e+00	0.0000000000e+00	0.0000000000e+00	0.0000000000e+00
2.4696439300e-01	2.4555332894e-05	1.0297139606e-05	5.5954296890e-10	3.0439772986e+00	2.4563820988e-01	1.2558073418e-04	3.9962601369e-16	7.5297536445e-01	1.8489560735e-05	5.8315815597e-08	7.6951766320e-06	6.1741098251e-02	2.2789486517e-11	3.9853258442e-10	0.0000000000e+00	0.0000000000e+00	0.0000000000e+00	0.0000000000e+00
2.4694432083e-01	2.4278748017e-05	1.0468307623e-05	5.6058444591e-10	3.0439772986e+00	2.4561821035e-01	1.2768203194e-04	3.9622792595e-16	7.5299546487e-01	1.8281787150e-05	5.8375540133e-08	7.8242126251e-06	6.1736080208e-02	2.2343353366e-11	3.9977419208e-10	0.0000000000e+00	0.0000000000e+00	0.0000000000e+00	0.0000000000e+00
2.4709544196e-01	2.4405482065e-05	1.0424088006e-05	5.5503115918e-10	3.0439772986e+00	2.4576878479e-01	1.2703941133e-04	3.9656038145e-16	7.5284426492e-01	1.8373527205e-05	5.8561282127e-08	7.7891535900e-06	6.1773860489e-02	2.0402717833e-11	3.9744930721e-10	0.0000000000e+00	0.0000000000e+00	0.0000000000e+00	0.0000000000e+00
2.4695093990e-01	2.4736647825e-05	1.0233763426e-05	5.5869877532e-10	3.0439772986e+00	2.4562480546e-01	1.2481682530e-04	4.1129431113e-16	7.5298868660e-01	1.8626415957e-05	5.8739950238e-08	7.6471681308e-06	6.1737734976e-02	2.1657636111e-11	3.9903622092e-10	0.0000000000e+00	0.0000000000e+00	0.0000000000e+00	0.0000000000e+00
2.4698198331e-01	2.4699499988e-05	1.0275117158e-05	5.3374253748e-10	3.0439772986e+00	2.4565573655e-01	1.2530027555e-04	4.1131639325e-16	7.5295760835e-01	1.8597676438e-05	5.9151738152e-08	7.6775759027e-06	6.1745495827e-02	2.3016745211e-11	3.7886875928e-10	0.0000000000e+00	0.0000000000e+00	0.0000000000e+00	0.0000000000e+00
2.4715057779e-01	2.4204530354e-05	1.0414408465e-05	5.5016873259e-10	3.0439772986e+00	2.4582372125e-01	1.2688389358e-04	3.9676116779e-16	7.5278945791e-01	1.8220915284e-05	5.9597515288e-08	7.7802593876e-06	6.1787644448e-02	2.1624662623e-11	3.9253655934e-10	0.0000000000e+00	0.0000000000e+00	0.0000000000e+00	0.0000000000e+00
2.4689616557e-01	2.4665104763e-05	1.0452483026e-05	5.5828310160e-10	3.0439772986e+00	2.4557022935e-01	1.2752194658e-04	4.0539624503e-16	7.5304307020e-01	1.8573886218e-05	5.9277537032e-08	7.8118923719e-06	6.1724041393e-02	2.1840965361e-11	3.9857025551e-10	0.0000000000e+00	0.0000000000e+00	0.0000000000e+00	0.0000000000e+00
2.4694675484e-01	2.4371990364e-05	1.0632880597e-05	5.7934870383e-10	3.0439772986e+00	2.4562063555e-01	1.2968754415e-04	3.9787677853e-16	7.5299251881e-01	1.8351926413e-05	5.8518411095e-08	7.9479611315e-06	6.1736688711e-02	2.1735368693e-11	4.1450987108e-10	0.0000000000e+00	0.0000000000e+00	0.0000000000e+00	0.0000000000e+00
2.4717657266e-01	2.4425172211e-05	1.0208259137e-05	5.2078974467e-10	3.0439772986e+00	2.4584962214e-01	1.2435492249e-04	4.0421883729e-16	7.5276359862e-01	1.8386380530e-05	5.8245941951e-08	7.6261599416e-06	6.1794143165e-02	2.1365068511e-11	3.7066649381e-10	0.0000000000e+00	0.0000000000e+00	0.0000000000e+00	0.0000000000e+00
2.4699400073e-01	2.4404095532e-05	1.0265736960e-05	5.1960590246e-10	3.0439772986e+00	2.4566771049e-01	1.2517787725e-04	4.0212417765e-16	7.5294605796e-01	1.8374967529e-05	5.8886198831e-08	7.6706599773e-06	6.1748500182e-02	2.1545579241e-11	3.6968963671e-10	0.0000000000e+00	0.0000000000e+00	0.0000000000e+00	0.0000000000e+00
2.4680835958e-01	2.4497021524e-05	1.0470101560e-05	5.3528691579e-10	3.0439772986e+00	2.4548274121e-01	1.2779727455e-04	4.0150390303e-16	7.5313108259e-01	1.8449468341e-05	5.8498038684e-08	7.8268608840e-06	6.1702089894e-02	2.3100458236e-11	3.8004075615e-10	0.0000000000e+00	0.0000000000e+00	0.0000000000e+00	0.0000000000e+00
2.4717226526e-01	2.3971358897e-05	1.0340156119e-05	5.6269494576e-10	3.0439772986e+00	2.4584533030e-01	1.2596464478e-04	3.9420442588e-16	7.5276829080e-01	1.8044878865e-05	5.8367635683e-08	7.7253740123e-06	6.1793066314e-02	2.1306752144e-11	4.0227216042e-10	0.0000000000e+00	0.0000000000e+00	0.0000000000e+00	0.0000000000e+00
2.4691725916e-01	2.4052003302e-05	1.0433896807e-05	5.6470481175e-10	3.0439772986e+00	2.4559124660e-01	1.2728091529e-04	3.9132816018e-16	7.5302294355e-01	1.8111710325e-05	5.8216961430e-08	7.7987467252e-06	6.1729314791e-02	2.3141564152e-11	4.0209411543e-10	0.0000000000e+00	0.0000000000e+00	0.0000000000e+00	0.0000000000e+00
2.4709071002e-01	2.3927352759e-05	1.0699116836e-05	6.0290635319e-10	3.0439772986e+00	2.4576406997e-01	1.3039454904e-04	3.9075457234e-16	7.5284909497e-01	1.8013685869e-05	5.9072519561e-08	7.9957479071e-06	6.1772677506e-02	2.1972231898e-11	4.3192527045e-10	0.0000000000e+00	0.0000000000e+00	0.0000000000e+00	0.0000000000e+00
2.4701495448e-01	2.3692991711e-05	1.0603643630e-05	5.9015530426e-10	3.0439772986e+00	2.4568858843e-01	1.2928371526e-04	3.7915940135e-16	7.5292541305e-01	1.7839055570e-05	5.6507005165e-08	7.9272457547e-06	6.1753738619e-02	2.0987900925e-11	4.2335502530e-10	0.0000000000e+00	0.0000000000e+00	0.0000000000e+00	0.0000000000e+00
2.4701460386e-01	2.4672809752e-05	1.0176816729e-05	5.4972005068e-10	3.0439772986e+00	2.4568823909e-01	1.2407982662e-04	4.0643224900e-16	7.5292525253e-01	1.8576781513e-05	5.7829629341e-08	7.6045526760e-06	6.1753650966e-02	2.2606688120e-11	3.9129141986e-10	0.0000000000e+00	0.0000000000e+00	0.0000000000e+00	0.0000000000e+00
2.4701541303e-01	2.4174438948e-05	1.0303557805e-05	5.3618101999e-10	3.0439772986e+00	2.4568904532e-01	1.2562463554e-04	3.9963741859e-16	7.5292490766e-01	1.8201537212e-05	5.9283927961e-08	7.6985213808e-06	6.1753853257e-02	2.1898849109e-11	3.8180519586e-10	0.0000000000e+00	0.0000000000e+00	0.0000000000e+00	0.0000000000e+00
2.4707178417e-01	2.4119752633e-05	1.0478537426e-05	5.8206820476e-10	3.0439772986e+00	2.4574521257e-01	1.2771928497e-04	3.9834394103e-16	7.5286822790e-01	1.8158995422e-05	5.9590948615e-08	7.8293669541e-06	6.1767946043e-02	2.3991908785e-11	4.1422874905e-10	0.0000000000e+00	0.0000000000e+00	0.0000000000e+00	0.0000000000e+00
2.4703008562e-01	2.4209870169e-05	1.0422402791e-05	5.5340910460e-10	3.0439772986e+00	2.4570366484e-01	1.2706355784e-04	3.9640477765e-16	7.5290991437e-01	1.8227851276e-05	5.9006884521e-08	7.7881235086e-06	6.1757521406e-02	2.1030906726e-11	3.9563629482e-10	0.0000000000e+00	0.0000000000e+00	0.0000000000e+00	0.0000000000e+00
2.4685146108e-01	2.4469128449e-05	1.0421341161e-05	5.8568176730e-10	3.0439772986e+00	2.4552568667e-01	1.2717264642e-04	4.0222332395e-16	7.5308813645e-01	1.8427410344e-05	5.8965487057e-08	7.7892229074e-06	6.1712865270e-02	2.2065713591e-11	4.1900427710e-10	0.0000000000e+00	0.0000000000e+00	0.0000000000e+00	0.0000000000e+00
2.4703860500e-01	2.4059924427e-05	1.0384393307e-05	5.5439701400e-10	3.0439772986e+00	2.4571215340e-01	1.2659442358e-04	3.9329508852e-16	7.5290170728e-01	1.8114758178e-05	5.9477415200e-08	7.7589500349e-06	6.1759651249e-02	2.0261992829e-11	3.9714446552e-10	0.0000000000e+00	0.0000000000e+00	0.0000000000e+00	0.0000000000e+00
2.4718006712e-01	2.4820348810e-05	1.0299893133e-05	5.5138662353e-10	3.0439772986e+00	2.4585310396e-01	1.2546869916e-04	4.0998905863e-16	7.5275930246e-01	1.8683748457e-05	5.9753607349e-08	7.6935867627e-06	6.1795016779e-02	2.2793054847e-11	3.9226835527e-10	0.0000000000e+00	0.0000000000e+00	0.0000000000e+00	0.0000000000e+00
2.4710480218e-01	2.4518044582e-05	1.0366120494e-05	5.5431434317e-10	3.0439772986e+00	2.4577811116e-01	1.2632659299e-04	4.0481982399e-16	7.5283486689e-01	1.8458038829e-05	5.7788190640e-08	7.7461887519e-06	6.1776200545e-02	2.3078964335e-11	3.9422820042e-10	0.0000000000e+00	0.0000000000e+00	0.0000000000e+00	0.0000000000e+00
2.4711623587e-01	2.4347151060e-05	1.0383710081e-05	5.5772240030e-10	3.0439772986e+00	2.4578950351e-01	1.2653320836e-04	4.0100722930e-16	7.5282365166e-01	1.8329111169e-05	5.8936050501e-08	7.7581664901e-06	6.1779058968e-02	2.1379004505e-11	3.9848760950e-10	0.0000000000e+00	0.0000000000e+00	0.0000000000e+00	0.0000000000e+00
2.4689340795e-01	2.4407929672e-05	1.0400147586e-05	5.3388497831e-10	3.0439772986e+00	2.4556748171e-01	1.2688541294e-04	4.0162773222e-16	7.5304633325e-01	1.8380301942e-05	5.8497216960e-08	7.7732957880e-06	6.1723351988e-02	2.1920847785e-11	3.8011927751e-10	0.0000000000e+00	0.0000000000e+00	0.0000000000e+00	0.0000000000e+00
2.4712223885e-01	2.4034084243e-05	1.0365678124e-05	5.5314635511e-10	3.0439772986e+00	2.4579548478e-01	1.2630948606e-04	3.9042571746e-16	7.5281816123e-01	1.8093295107e-05	5.7979070548e-08	7.7454916750e-06	6.1780559712e-02	2.2350024743e-11	3.9406859720e-10	0.0000000000e+00	0.0000000000e+00	0.0000000000e+00	0.0000000000e+00
2.4698560527e-01	2.3851363468e-05	1.0518046409e-05	6.0118484843e-10	3.0439772986e+00	2.4565934541e-01	1.2826031096e-04	3.8785677911e-16	7.5295471473e-01	1.7958996576e-05	5.8314417338e-08	7.8612982162e-06	6.1746401318e-02	2.2302541079e-11	4.3036242497e-10	0.0000000000e+00	0.0000000000e+00	0.0000000000e+00	0.0000000000e+00
2.4712396066e-01	2.4515646403e-05	1.0224572729e-05	5.2146814315e-10	3.0439772986e+00	2.4579720036e-01	1.2458884625e-04	4.0286031692e-16	7.5281603339e-01	1.8455771681e-05	5.7549159226e-08	7.6396731255e-06	6.1780990164e-02	2.1093828096e-11	3.7147575097e-10	0.0000000000e+00	0.0000000000e+00	0.0000000000e+00	0.0000000000e+00
2.4710582262e-01	2.4004793483e-05	1.0237686700e-05	5.6727122373e-10	3.0439772986e+00	2.4577912791e-01	1.2476092802e-04	3.9396407115e-16	7.5283490924e-01	1.8071646523e-05	5.9139493793e-08	7.6481484435e-06	6.1776455654e-02	2.2020514702e-11	4.0504106553e-10	0.0000000000e+00	0.0000000000e+00	0.0000000000e+00	0.0000000000e+00
2.4695978172e-01	2.4591844749e-05	1.0457460453e-05	5.8551865025e-10	3.0439772986e+00	2.4563361528e-01	1.2753904941e-04	4.0369229484e-16	7.5297955812e-01	1.8517156393e-05	5.8663439221e-08	7.8155905117e-06	6.1739945429e-02	2.2912694796e-11	4.1797087974e-10	0.0000000000e+00	0.0000000000e+00	0.0000000000e+00	0.0000000000e+00
2.4717004621e-01	2.3943517848e-05	1.0381637780e-05	5.5134997281e-10	3.0439772986e+00	2.4584311928e-01	1.2647147736e-04	3.8948656064e-16	7.5277045797e-01	1.8023972896e-05	5.8093070713e-08	7.7568971551e-06	6.1792511553e-02	2.1391317241e-11	3.9364865429e-10	0.0000000000e+00	0.0000000000e+00	0.0000000000e+00	0.0000000000e+00
2.4704754265e-01	2.4336230072e-05	1.0239548028e-05	5.3603669000e-10	3.0439772986e+00	2.4572105872e-01	1.2482262628e-04	4.0059974934e-16	7.5289268155e-01	1.8322569517e-05	5.8676980050e-08	7.6506037923e-06	6.1761885662e-02	2.1219290884e-11	3.8235881006e-10	0.0000000000e+00	0.0000000000e+00	0.0000000000e+00	0.0000000000e+00
2.4698463446e-01	2.4476485244e-05	1.0239345108e-05	5.5126166991e-10	3.0439772986e+00	2.4565837810e-01	1.2486234119e-04	4.0373481630e-16	7.5295537393e-01	1.8429701100e-05	5.8624541159e-08	7.6511453832e-06	6.1746158614e-02	2.1046707984e-11	3.9402872881e-10	0.0000000000e+00	0.0000000000e+00	0.0000000000e+00	0.0000000000e+00
2.4709136679e-01	2.4421338069e-05	1.0195016437e-05	5.3479017448e-10	3.0439772986e+00	2.4576472436e-01	1.2425049617e-04	3.9832421309e-16	7.5284883332e-01	1.8385575874e-05	5.8688769683e-08	7.6166174609e-06	6.1772841697e-02	2.1639505231e-11	3.8097665370e-10	0.0000000000e+00	0.0000000000e+00	0.0000000000e+00	0.0000000000e+00
2.4698114769e-01	2.4681480258e-05	1.0390904038e-05	5.5024019302e-10	3.0439772986e+00	2.4565490395e-01	1.2671277257e-04	4.0178974491e-16	7.5295820942e-01	1.8584123181e-05	5.9345122404e-08	7.7645713763e-06	6.1745286921e-02	2.2375085399e-11	3.9193278509e-10	0.0000000000e+00	0.0000000000e+00	0.0000000000e+00	0.0000000000e+00
2.4703479889e-01	2.4019624120e-05	1.0641161020e-05	6.1067251809e-10	3.0439772986e+00	2.4570836106e-01	1.2972720127e-04	3.8914957454e-16	7.5290499355e-01	1.8084494943e-05	5.7533881133e-08	7.9542493882e-06	6.1758699723e-02	2.2176568398e-11	4.3760181990e-10	0.0000000000e+00	0.0000000000e+00	0.0000000000e+00	0.0000000000e+00
2.4703448598e-01	2.4681233829e-05	1.0290783024e-05	5.6207093830e-10	3.0439772986e+00	2.4570804929e-01	1.2545589349e-04	4.0553925108e-16	7.5290510185e-01	1.8582626870e-05	5.9204747733e-08	7.6887782928e-06	6.1758621496e-02	2.2565462496e-11	4.0062061455e-10	0.0000000000e+00	0.0000000000e+00	0.0000000000e+00	0.0000000000e+00
2.4709708418e-01	2.4452537053e-05	1.0278153482e-05	5.4344520150e-10	3.0439772986e+00	2.4577042108e-01	1.2525982993e-04	4.0404640405e-16	7.5284288161e-01	1.8408918458e-05	5.9255548719e-08	7.6785791366e-06	6.1774271046e-02	2.3161384010e-11	3.8596746749e-10	0.0000000000e+00	0.0000000000e+00	0.0000000000e+00	0.0000000000e+00
2.4688806728e-01	2.4049895155e-05	1.0420072253e-05	5.3651811220e-10	3.0439772986e+00	2.4556216037e-01	1.2713223582e-04	3.9446912124e-16	7.5305216767e-01	1.8110825679e-05	5.8638807231e-08	7.7882191904e-06	6.1722016820e-02	2.1377343769e-11	3.8264878362e-10	0.0000000000e+00	0.0000000000e+00	0.0000000000e+00	0.0000000000e+00
2.4703695931e-01	2.4375134362e-05	1.0378973089e-05	5.7888352231e-10	3.0439772986e+00	2.4571051367e-01	1.2652938831e-04	3.9708458778e-16	7.5290289035e-01	1.8352109113e-05	5.8612693493e-08	7.7557461441e-06	6.1759239828e-02	2.1876190223e-11	4.1396688690e-10	0.0000000000e+00	0.0000000000e+00	0.0000000000e+00	0.0000000000e+00
2.4700523828e-01	2.4040598663e-05	1.0434435864e-05	5.5286357376e-10	3.0439772986e+00	2.4567890738e-01	1.2722729106e-04	3.9175906662e-16	7.5293498744e-01	1.8101007853e-05	5.6483996844e-08	7.7999678394e-06	6.1751309570e-02	2.0624310508e-11	3.9564601746e-10	0.0000000000e+00	0.0000000000e+00	0.0000000000e+00	0.0000000000e+00
2.4700212123e-01	2.4590326083e-05	1.0381620333e-05	5.2882353475e-10	3.0439772986e+00	2.4567580161e-01	1.2658531254e-04	4.0701610345e-16	7.5293739590e-01	1.8514976085e-05	5.8636239550e-08	7.7580739390e-06	6.1750530307e-02	2.2429896560e-11	3.7574111859e-10	0.0000000000e+00	0.0000000000e+00	0.0000000000e+00	0.0000000000e+00
2.4719906543e-01	2.3952712863e-05	1.0497447949e-05	5.5094755938e-10	3.0439772986e+00	2.4587203360e-01	1.2786231521e-04	3.8877254561e-16	7.5274116570e-01	1.8030193002e-05	5.8189057706e-08	7.8436721485e-06	6.1799766358e-02	2.2320722855e-11	3.9240018523e-10	0.0000000000e+00	0.0000000000e+00	0.0000000000e+00	0.0000000000e+00
2.4699974795e-01	2.4130815822e-05	1.0286958462e-05	5.7008635563e-10	3.0439772986e+00	2.4567343692e-01	1.2543283153e-04	3.9680206820e-16	7.5294067449e-01	1.8169072741e-05	5.8400411773e-08	7.6870690314e-06	6.1749936988e-02	2.1867427752e-11	4.0737377738e-10	0.0000000000e+00	0.0000000000e+00	0.0000000000e+00	0.0000000000e+00
2.4692874798e-01	2.4340023874e-05	1.0106756726e-05	5.4557613365e-10	3.0439772986e+00	2.4560269385e-01	1.2328263505e-04	4.0038586163e-16	7.5301176098e-01	1.8328324240e-05	5.8961045151e-08	7.5515456350e-06	6.1732186995e-02	2.2168625350e-11	3.8865661979e-10	0.0000000000e+00	0.0000000000e+00	0.0000000000e+00	0.0000000000e+00
2.4695139111e-01	2.4455965658e-05	1.0307300874e-05	5.4275852973e-10	3.0439772986e+00	2.4562525504e-01	1.2571346786e-04	4.0288872997e-16	7.5298849207e-01	1.8415060703e-05	5.8821292324e-08	7.7024576499e-06	6.1737847777e-02	2.1903304113e-11	3.8678762275e-10	0.0000000000e+00	0.0000000000e+00	0.0000000000e+00	0.0000000000e+00
2.4722150485e-01	2.4140459580e-05	1.0622828521e-05	5.7439678044e-10	3.0439772986e+00	2.4589439190e-01	1.2937379322e-04	3.9367958715e-16	7.5271816221e-01	1.8170962370e-05	5.8150054316e-08	7.9378459078e-06	6.1805376212e-02	2.1242615070e-11	4.1111627389e-10	0.0000000000e+00	0.0000000000e+00	0.0000000000e+00	0.0000000000e+00
2.4698238856e-01	2.4478522803e-05	1.0288196747e-05	5.5421473050e-10	3.0439772986e+00	2.4565614033e-01	1.2545955218e-04	4.0481459256e-16	7.5295750622e-01	1.8431287486e-05	5.8385775726e-08	7.6881891907e-06	6.1745597140e-02	2.1125559901e-11	3.9617458149e-10	0.0000000000e+00	0.0000000000e+00	0.0000000000e+00	0.0000000000e+00
2.4688116596e-01	2.4717007759e-05	1.0273400514e-05	5.5101485622e-10	3.0439772986e+00	2.4555528403e-01	1.2534727747e-04	4.0693050514e-16	7.5305839502e-01	1.8613350193e-05	5.7569366813e-08	7.6789011359e-06	6.1720291490e-02	2.1703970343e-11	3.9324239291e-10	0.0000000000e+00	0.0000000000e+00	0.0000000000e+00	0.0000000000e+00
2.4697116608e-01	2.4748326715e-05	1.0387089486e-05	5.1567259235e-10	3.0439772986e+00	2.4564495846e-01	1.2667303867e-04	4.0656426929e-16	7.5296809836e-01	1.8634700504e-05	5.8165841904e-08	7.7629811761e-06	6.1742791521e-02	2.0006200651e-11	3.6827881058e-10	0.0000000000e+00	0.0000000000e+00	0.0000000000e+00	0.0000000000e+00
2.4709068332e-01	2.4382695258e-05	1.0367404744e-05	5.6289963560e-10	3.0439772986e+00	2.4576404336e-01	1.2635186584e-04	4.0130359579e-16	7.5284918546e-01	1.8356492264e-05	5.8078177704e-08	7.7470140394e-06	6.1772670829e-02	2.2374043627e-11	4.0140448853e-10	0.0000000000e+00	0.0000000000e+00	0.0000000000e+00	0.0000000000e+00
2.4711734818e-01	2.4000450920e-05	1.0255880112e-05	5.6385003460e-10	3.0439772986e+00	2.4579061180e-01	1.2497489278e-04	3.8813885288e-16	7.5282335005e-01	1.8068099865e-05	5.7398422799e-08	7.6634676006e-06	6.1779337046e-02	1.9196377456e-11	4.0528309452e-10	0.0000000000e+00	0.0000000000e+00	0.0000000000e+00	0.0000000000e+00
2.4700032301e-01	2.4391028219e-05	1.0536107037e-05	5.7122858277e-10	3.0439772986e+00	2.4567400990e-01	1.2847023561e-04	4.0134126109e-16	7.5293914492e-01	1.8364959931e-05	5.8226666669e-08	7.8748207565e-06	6.1750080753e-02	2.2710776338e-11	4.0738958432e-10	0.0000000000e+00	0.0000000000e+00	0.0000000000e+00	0.0000000000e+00
2.4705147750e-01	2.4465652883e-05	1.0330524191e-05	5.4537851661e-10	3.0439772986e+00	2.4572497934e-01	1.2592891743e-04	4.0183671623e-16	7.5288834663e-01	1.8419904948e-05	5.9144524500e-08	7.7185867532e-06	6.1762869374e-02	2.3461296987e-11	3.8714783267e-10	0.0000000000e+00	0.0000000000e+00	0.0000000000e+00	0.0000000000e+00
2.4702100577e-01	2.4040414547e-05	1.0529145047e-05	5.5682331579e-10	3.0439772986e+00	2.4569461783e-01	1.2837116284e-04	3.9537866260e-16	7.5291900755e-01	1.8100485062e-05	5.9160614608e-08	7.8684328243e-06	6.1755251441e-02	2.2742157934e-11	3.9650070038e-10	0.0000000000e+00	0.0000000000e+00	0.0000000000e+00	0.0000000000e+00
2.4702279148e-01	2.4267094159e-05	1.0556695011e-05	5.7258106480e-10	3.0439772986e+00	2.4569639709e-01	1.2870574691e-04	3.9158531404e-16	7.5291681836e-01	1.8271103325e-05	5.7802664744e-08	7.8905105554e-06	6.1755697870e-02	2.2676975564e-11	4.0842893800e-10	0.0000000000e+00	0.0000000000e+00	0.0000000000e+00	0.0000000000e+00
2.4711317581e-01	2.4533599776e-05	1.0317232100e-05	5.6739466962e-10	3.0439772986e+00	2.4578645451e-01	1.2572517092e-04	4.0609600456e-16	7.5282658085e-01	1.8469546035e-05	5.9203861399e-08	7.7078827046e-06	6.1778293951e-02	2.1141896937e-11	4.0600789218e-10	0.0000000000e+00	0.0000000000e+00	0.0000000000e+00	0.0000000000e+00
2.4694537836e-01	2.4159724173e-05	1.0402548864e-05	5.6646012699e-10	3.0439772986e+00	2.4561926405e-01	1.2687930552e-04	3.9612288670e-16	7.5299473517e-01	1.8192145105e-05	5.7904212376e-08	7.7751603149e-06	6.1736344591e-02	2.0875999422e-11	4.0566549389e-10	0.0000000000e+00	0.0000000000e+00	0.0000000000e+00	0.0000000000e+00
2.4700506841e-01	2.4481335897e-05	1.0271740596e-05	5.3624546204e-10	3.0439772986e+00	2.4567873813e-01	1.2524360945e-04	4.0003475599e-16	7.5293486121e-01	1.8432851246e-05	5.8892320612e-08	7.6750592592e-06	6.1751267102e-02	2.0656423698e-11	3.8310147884e-10	0.0000000000e+00	0.0000000000e+00	0.0000000000e+00	0.0000000000e+00
2.4695995553e-01	2.4238151162e-05	1.0458695266e-05	5.7032419108e-10	3.0439772986e+00	2.4563378847e-01	1.2755407972e-04	3.9493068823e-16	7.5297991422e-01	1.8250840983e-05	5.8290905207e-08	7.8168965587e-06	6.1739988882e-02	2.1828956000e-11	4.0761370448e-10	0.0000000000e+00	0.0000000000e+00	0.0000000000e+00	0.0000000000e+00
2.4706537440e-01	2.4825866936e-05	1.0472319186e-05	5.3396865187e-10	3.0439772986e+00	2.4573882598e-01	1.2764771336e-04	4.1281543967e-16	7.5287358831e-01	1.8690739523e-05	5.9440867102e-08	7.8248916562e-06	6.1766343600e-02	2.2297711394e-11	3.7971318358e-10	0.0000000000e+00	0.0000000000e+00	0.0000000000e+00	0.0000000000e+00
2.4704767609e-01	2.4828336739e-05	1.0479407504e-05	5.5925680949e-10	3.0439772986e+00	2.4572119168e-01	1.2774626339e-04	4.0566714812e-16	7.5289126532e-01	1.8693037863e-05	5.8222156742e-08	7.8316322186e-06	6.1761919024e-02	2.3849746216e-11	3.9720982072e-10	0.0000000000e+00	0.0000000000e+00	0.0000000000e+00	0.0000000000e+00
2.4692549422e-01	2.4615331141e-05	1.0199443200e-05	5.4067489645e-10	3.0439772986e+00	2.4559945186e-01	1.2441530235e-04	4.0650557271e-16	7.5301439055e-01	1.8535698578e-05	5.8592095182e-08	7.6217354101e-06	6.1731373556e-02	2.0299396892e-11	3.8683658074e-10	0.0000000000e+00	0.0000000000e+00	0.0000000000e+00	0.0000000000e+00
2.4698735974e-01	2.4135319515e-05	1.0483203478e-05	5.3934785717e-10	3.0439772986e+00	2.4566109353e-01	1.2783416038e-04	3.9069385041e-16	7.5295261185e-01	1.8172751866e-05	5.7561054695e-08	7.8357943846e-06	6.1746839935e-02	2.0868073045e-11	3.8523530470e-10	0.0000000000e+00	0.0000000000e+00	0.0000000000e+00	0.0000000000e+00
2.4718147605e-01	2.4173055164e-05	1.0393465208e-05	5.5662926397e-10	3.0439772986e+00	2.4585450780e-01	1.2660772213e-04	3.9516583473e-16	7.5275865675e-01	1.8196476535e-05	5.8117574695e-08	7.7656533340e-06	6.1795369013e-02	2.1074135929e-11	3.9793336113e-10	0.0000000000e+00	0.0000000000e+00	0.0000000000e+00	0.0000000000e+00
2.4713579313e-01	2.4236513660e-05	1.0503693028e-05	5.6725732595e-10	3.0439772986e+00	2.4580899005e-01	1.2798181820e-04	3.9541363783e-16	7.5280399153e-01	1.8245344224e-05	5.7758895616e-08	7.8494631413e-06	6.1783948282e-02	2.2122141797e-11	4.0491143740e-10	0.0000000000e+00	0.0000000000e+00	0.0000000000e+00	0.0000000000e+00
2.4712173152e-01	2.4205267275e-05	1.0450940887e-05	5.5484101591e-10	3.0439772986e+00	2.4579497928e-01	1.2734871433e-04	4.0103386132e-16	7.5281821825e-01	1.8222166182e-05	5.8270397662e-08	7.8093883000e-06	6.1780432879e-02	2.2001031273e-11	3.9569339374e-10	0.0000000000e+00	0.0000000000e+00	0.0000000000e+00	0.0000000000e+00
2.4703399873e-01	2.4326416176e-05	1.0426153005e-05	5.7176813022e-10	3.0439772986e+00	2.4570756379e-01	1.2710657306e-04	4.0087268705e-16	7.5290581753e-01	1.8315500259e-05	5.7832736238e-08	7.7920785157e-06	6.1758499681e-02	2.0837668820e-11	4.0964988270e-10	0.0000000000e+00	0.0000000000e+00	0.0000000000e+00	0.0000000000e+00
2.4700084605e-01	2.4074785145e-05	1.0611135988e-05	5.5954273811e-10	3.0439772986e+00	2.4567453105e-01	1.2938477727e-04	3.9435668629e-16	7.5293892870e-01	1.8126842936e-05	5.8260479534e-08	7.9312768833e-06	6.1750211513e-02	2.0931272052e-11	4.0037023774e-10	0.0000000000e+00	0.0000000000e+00	0.0000000000e+00	0.0000000000e+00
2.4704522516e-01	2.4449671931e-05	1.0443197062e-05	5.4971151522e-10	3.0439772986e+00	2.4571874962e-01	1.2730663784e-04	3.9972301639e-16	7.5289436803e-01	1.8408020297e-05	5.8356504275e-08	7.8042677480e-06	6.1761306291e-02	2.1544344514e-11	3.9233035933e-10	0.0000000000e+00	0.0000000000e+00	0.0000000000e+00	0.0000000000e+00
2.4695310990e-01	2.4476342188e-05	1.0359767665e-05	5.2779103797e-10	3.0439772986e+00	2.4562696761e-01	1.2635218865e-04	3.9975351113e-16	7.5298662430e-01	1.8430358279e-05	5.7462965561e-08	7.7433035169e-06	6.1738277475e-02	2.2790030295e-11	3.7462956173e-10	0.0000000000e+00	0.0000000000e+00	0.0000000000e+00	0.0000000000e+00
2.4701924200e-01	2.4179824467e-05	1.0373206747e-05	5.6919927008e-10	3.0439772986e+00	2.4569286044e-01	1.2647118881e-04	3.9532208141e-16	7.5292091340e-01	1.8205495523e-05	5.9383527137e-08	7.7508207716e-06	6.1754810499e-02	2.4017057113e-11	4.0454497722e-10	0.0000000000e+00	0.0000000000e+00	0.0000000000e+00	0.0000000000e+00
2.4720129874e-01	2.4377750895e-05	1.0390791197e-05	5.5012004617e-10	3.0439772986e+00	2.4587425883e-01	1.2656161546e-04	3.9977237558e-16	7.5273853357e-01	1.8350072460e-05	5.8699964875e-08	7.7628489632e-06	6.1800324685e-02	2.2196223966e-11	3.9190033288e-10	0.0000000000e+00	0.0000000000e+00	0.0000000000e+00	0.0000000000e+00
2.4684402923e-01	2.5264791397e-05	1.0247924412e-05	5.0959437172e-10	3.0439772986e+00	2.4551828173e-01	1.2506129016e-04	4.1918492400e-16	7.5309476155e-01	1.9026782053e-05	5.9518288846e-08	7.6581399022e-06	6.1711007308e-02	2.2654008181e-11	3.6111884367e-10	0.0000000000e+00	0.0000000000e+00	0.0000000000e+00	0.0000000000e+00
2.4694245177e-01	2.4545791089e-05	1.0233228670e-05	5.4947956204e-10	3.0439772986e+00	2.4561634805e-01	1.2481604792e-04	4.0611782717e-16	7.5299746271e-01	1.8482918410e-05	5.8413013687e-08	7.6471822098e-06	6.1735612943e-02	2.2641384738e-11	3.9111533129e-10	0.0000000000e+00	0.0000000000e+00	0.0000000000e+00	0.0000000000e+00
2.4683364110e-01	2.4406524104e-05	1.0622921127e-05	5.7933031323e-10	3.0439772986e+00	2.4550793120e-01	1.2964491046e-04	3.9668730359e-16	7.5310559393e-01	1.8380689831e-05	5.7703402378e-08	7.9424779220e-06	6.1708410275e-02	2.3453241953e-11	4.1284365767e-10	0.0000000000e+00	0.0000000000e+00	0.0000000000e+00	0.0000000000e+00
2.4686157724e-01	2.4432507820e-05	1.0388125957e-05	5.4536652627e-10	3.0439772986e+00	2.4553576621e-01	1.2676044252e-04	4.0086820272e-16	7.5307815150e-01	1.8399587825e-05	5.8239842127e-08	7.7648308509e-06	6.1715394309e-02	2.1145710744e-11	3.8955790475e-10	0.0000000000e+00	0.0000000000e+00	0.0000000000e+00	0.0000000000e+00
2.4700125927e-01	2.4388808595e-05	1.0340446663e-05	5.2977003527e-10	3.0439772986e+00	2.4567494277e-01	1.2608392390e-04	4.0138315736e-16	7.5293865422e-01	1.8363276722e-05	5.9000834268e-08	7.7267211600e-06	6.1750314817e-02	2.2313038566e-11	3.7657129884e-10	0.0000000000e+00	0.0000000000e+00	0.0000000000e+00	0.0000000000e+00
2.4686364694e-01	2.4715407466e-05	1.0399349712e-05	5.3370119819e-10	3.0439772986e+00	2.4553782842e-01	1.2689591100e-04	4.0380865784e-16	7.5307563061e-01	1.8612571064e-05	5.8231355058e-08	7.7732654876e-06	6.1715911735e-02	2.0648492088e-11	3.8126887429e-10	0.0000000000e+00	0.0000000000e+00	0.0000000000e+00	0.0000000000e+00
2.4698169235e-01	2.4071200528e-05	1.0329194591e-05	5.7352746330e-10	3.0439772986e+00	2.4565544664e-01	1.2596005955e-04	3.9635845627e-16	7.5295872301e-01	1.8124620411e-05	5.9365935349e-08	7.7180912339e-06	6.1745423088e-02	2.3359784522e-11	4.0848272186e-10	0.0000000000e+00	0.0000000000e+00	0.0000000000e+00	0.0000000000e+00
2.4698722619e-01	2.4464237134e-05	1.0321529286e-05	5.6793768958e-10	3.0439772986e+00	2.4566096046e-01	1.2586274339e-04	4.0597113681e-16	7.5295261512e-01	1.8420411327e-05	5.9166735967e-08	7.7124557320e-06	6.1746806548e-02	2.3797170999e-11	4.0383299760e-10	0.0000000000e+00	0.0000000000e+00	0.0000000000e+00	0.0000000000e+00
2.4685122689e-01	2.4621617174e-05	1.0410608806e-05	5.2386839039e-10	3.0439772986e+00	2.4552545333e-01	1.2704180387e-04	4.0329392987e-16	7.5308816553e-01	1.8542248510e-05	5.8921946789e-08	7.7811843409e-06	6.1712806722e-02	2.1472332877e-11	3.7304675222e-10	0.0000000000e+00	0.0000000000e+00	0.0000000000e+00	0.0000000000e+00
2.4709600103e-01	2.4455079249e-05	1.0313153841e-05	5.5284293015e-10	3.0439772986e+00	2.4576934185e-01	1.2568709714e-04	4.0014498239e-16	7.5284388176e-01	1.8410856790e-05	5.9743371981e-08	7.7044513989e-06	6.1774000259e-02	2.1591005255e-11	3.9461341228e-10	0.0000000000e+00	0.0000000000e+00	0.0000000000e+00	0.0000000000e+00
2.4703203349e-01	2.4428504243e-05	1.0319610131e-05	5.6513383582e-10	3.0439772986e+00	2.4570560567e-01	1.2580903890e-04	4.0387643433e-16	7.5290786956e-01	1.8392413086e-05	5.9033504385e-08	7.7106821736e-06	6.1758008374e-02	2.3420006839e-11	4.0207370550e-10	0.0000000000e+00	0.0000000000e+00	0.0000000000e+00	0.0000000000e+00
2.4702231311e-01	2.4739325362e-05	1.0193561288e-05	5.3089612427e-10	3.0439772986e+00	2.4569592045e-01	1.2427880909e-04	4.0842210738e-16	7.5291740602e-01	1.8626668678e-05	5.8570376804e-08	7.6163393466e-06	6.1755578279e-02	2.0780418765e-11	3.7894051398e-10	0.0000000000e+00	0.0000000000e+00	0.0000000000e+00	0.0000000000e+00
2.4689975482e-01	2.3747783499e-05	1.0559643941e-05	5.7421101390e-10	3.0439772986e+00	2.4557380561e-01	1.2882703478e-04	3.9135550449e-16	7.5304062054e-01	1.7883045622e-05	5.9108252652e-08	7.8927325730e-06	6.1724938706e-02	2.1967200616e-11	4.1043701761e-10	0.0000000000e+00	0.0000000000e+00	0.0000000000e+00	0.0000000000e+00
2.4692667254e-01	2.4457228791e-05	1.0411234282e-05	5.6165086055e-10	3.0439772986e+00	2.4560062592e-01	1.2699793646e-04	3.9906381892e-16	7.5301297189e-01	1.8416610536e-05	5.7583098505e-08	7.7822113689e-06	6.1731668136e-02	2.1626947707e-11	4.0130343596e-10	0.0000000000e+00	0.0000000000e+00	0.0000000000e+00	0.0000000000e+00
2.4695410767e-01	2.4069040950e-05	1.0427129503e-05	5.4357165178e-10	3.0439772986e+00	2.4562796177e-01	1.2717315820e-04	3.9411932978e-16	7.5298608771e-01	1.8123652980e-05	5.8616289662e-08	7.7928671612e-06	6.1738526919e-02	2.0539512491e-11	3.8876237897e-10	0.0000000000e+00	0.0000000000e+00	0.0000000000e+00	0.0000000000e+00
2.4706774593e-01	2.4395926363e-05	1.0296545598e-05	5.4503386776e-10	3.0439772986e+00	2.4574118893e-01	1.2550377287e-04	4.0188181576e-16	7.5287226122e-01	1.8367016245e-05	5.9028382284e-08	7.6929551850e-06	6.1766936482e-02	2.1701214597e-11	3.8863966586e-10	0.0000000000e+00	0.0000000000e+00	0.0000000000e+00	0.0000000000e+00
2.4694537066e-01	2.4144604179e-05	1.0503728692e-05	5.7445246203e-10	3.0439772986e+00	2.4561925638e-01	1.2811336049e-04	3.9186861951e-16	7.5299453705e-01	1.8180755046e-05	5.7213570029e-08	7.8520367534e-06	6.1736342666e-02	2.2029782961e-11	4.1052978274e-10	0.0000000000e+00	0.0000000000e+00	0.0000000000e+00	0.0000000000e+00
2.4709393530e-01	2.4656584231e-05	1.0376609440e-05	5.5428530561e-10	3.0439772986e+00	2.4576728358e-01	1.2646176393e-04	4.0288172210e-16	7.5284550063e-01	1.8562598499e-05	5.8127346367e-08	7.7538563823e-06	6.1773483826e-02	2.1743707422e-11	3.9554749097e-10	0.0000000000e+00	0.0000000000e+00	0.0000000000e+00	0.0000000000e+00
2.4702176735e-01	2.3999662266e-05	1.0392764269e-05	5.4216244143e-10	3.0439772986e+00	2.4569537666e-01	1.2670795402e-04	3.9007517411e-16	7.5291861549e-01	1.8069792485e-05	5.9027315540e-08	7.7658783691e-06	6.1755441838e-02	2.1511302388e-11	3.8669289238e-10	0.0000000000e+00	0.0000000000e+00	0.0000000000e+00	0.0000000000e+00
2.4699068455e-01	2.4535566036e-05	1.0585357576e-05	5.6538633913e-10	3.0439772986e+00	2.4566440630e-01	1.2907739633e-04	4.0522324847e-16	7.5294845376e-01	1.8474016509e-05	5.8336865467e-08	7.9118917540e-06	6.1747671136e-02	2.0349087453e-11	4.0535768237e-10	0.0000000000e+00	0.0000000000e+00	0.0000000000e+00	0.0000000000e+00
2.4708136282e-01	2.4241267262e-05	1.0601465839e-05	5.6852233286e-10	3.0439772986e+00	2.4575475657e-01	1.2921088482e-04	3.9794185996e-16	7.5285818952e-01	1.8250236583e-05	5.6574428553e-08	7.9248259493e-06	6.1770340704e-02	2.1460833973e-11	4.0655586024e-10	0.0000000000e+00	0.0000000000e+00	0.0000000000e+00	0.0000000000e+00
2.4704478047e-01	2.4576011405e-05	1.0143355900e-05	5.4065550080e-10	3.0439772986e+00	2.4571830654e-01	1.2365183293e-04	4.0664051714e-16	7.5289529970e-01	1.8503163472e-05	5.9535977209e-08	7.5773490029e-06	6.1761195119e-02	2.1442153353e-11	3.8561483196e-10	0.0000000000e+00	0.0000000000e+00	0.0000000000e+00	0.0000000000e+00
2.4707683164e-01	2.4838143087e-05	9.9726761883e-06	5.5543854187e-10	3.0439772986e+00	2.4575024178e-01	1.2155022832e-04	4.1031001289e-16	7.5286324180e-01	1.8699724924e-05	5.9471345608e-08	7.4485899789e-06	6.1769207910e-02	2.2143990142e-11	3.9602527111e-10	0.0000000000e+00	0.0000000000e+00	0.0000000000e+00	0.0000000000e+00
2.4698734536e-01	2.4219355444e-05	1.0335305580e-05	5.3836707785e-10	3.0439772986e+00	2.4566107920e-01	1.2603071000e-04	3.9767429110e-16	7.5295283374e-01	1.8236032313e-05	5.8703683821e-08	7.7232939404e-06	6.1746836341e-02	2.1659070905e-11	3.8370594596e-10	0.0000000000e+00	0.0000000000e+00	0.0000000000e+00	0.0000000000e+00
2.4702013925e-01	2.4292401439e-05	1.0484528693e-05	5.5589757159e-10	3.0439772986e+00	2.4569375444e-01	1.2782774919e-04	3.9891368874e-16	7.5291959535e-01	1.8290225062e-05	5.7899603855e-08	7.8361074971e-06	6.1755034811e-02	2.2345129131e-11	3.9620104553e-10	0.0000000000e+00	0.0000000000e+00	0.0000000000e+00	0.0000000000e+00
2.4699812969e-01	2.4374804332e-05	1.0495170663e-05	5.6309361947e-10	3.0439772986e+00	2.4567182451e-01	1.2797261387e-04	3.9805873585e-16	7.5294145500e-01	1.8352800639e-05	5.9036188544e-08	7.8432128807e-06	6.1749532422e-02	2.1065860210e-11	4.0291066894e-10	0.0000000000e+00	0.0000000000e+00	0.0000000000e+00	0.0000000000e+00
2.4709308888e-01	2.4527773709e-05	1.0306780721e-05	5.6097631872e-10	3.0439772986e+00	2.4576644022e-01	1.2561137786e-04	4.0634928930e-16	7.5284669858e-01	1.8465653461e-05	5.8918259364e-08	7.7005075792e-06	6.1773272219e-02	2.1947975824e-11	4.0038119371e-10	0.0000000000e+00	0.0000000000e+00	0.0000000000e+00	0.0000000000e+00
2.4686651451e-01	2.4450009237e-05	1.0268878801e-05	5.5201417653e-10	3.0439772986e+00	2.4554068561e-01	1.2530204964e-04	4.0138538437e-16	7.5307345761e-01	1.8412652995e-05	5.9800189095e-08	7.6734198751e-06	6.1716628628e-02	2.1373468957e-11	3.9433375562e-10	0.0000000000e+00	0.0000000000e+00	0.0000000000e+00	0.0000000000e+00
2.4693350127e-01	2.4198924906e-05	1.0349616557e-05	5.6750409447e-10	3.0439772986e+00	2.4560742993e-01	1.2624176595e-04	3.9750975484e-16	7.5300667185e-01	1.8221951906e-05	5.8628395299e-08	7.7347019228e-06	6.1733375317e-02	2.2287745359e-11	4.0504662408e-10	0.0000000000e+00	0.0000000000e+00	0.0000000000e+00	0.0000000000e+00
2.4696186037e-01	2.3710389744e-05	1.0478341518e-05	5.7043360308e-10	3.0439772986e+00	2.4563568642e-01	1.2779250351e-04	3.8774185926e-16	7.5297875988e-01	1.7853419866e-05	5.8211860578e-08	7.8317567413e-06	6.1740465094e-02	2.2839055140e-11	4.0668533190e-10	0.0000000000e+00	0.0000000000e+00	0.0000000000e+00	0.0000000000e+00
2.4697993828e-01	2.4396770313e-05	1.0289806190e-05	5.4665221650e-10	3.0439772986e+00	2.4565369892e-01	1.2548085165e-04	3.9977967659e-16	7.5296007581e-01	1.8369794024e-05	5.8562753175e-08	7.6892504956e-06	6.1744984570e-02	2.1981158515e-11	3.8962613586e-10	0.0000000000e+00	0.0000000000e+00	0.0000000000e+00	0.0000000000e+00
2.4715640567e-01	2.4184822832e-05	1.0135807055e-05	5.3176378324e-10	3.0439772986e+00	2.4582952806e-01	1.2348579501e-04	3.9179308342e-16	7.5278428939e-01	1.8205954669e-05	5.9379438842e-08	7.5706968725e-06	6.1789101418e-02	2.1861811060e-11	3.7844161063e-10	0.0000000000e+00	0.0000000000e+00	0.0000000000e+00	0.0000000000e+00
2.4688501657e-01	2.4035667996e-05	1.0447835067e-05	5.5393402444e-10	3.0439772986e+00	2.4555912070e-01	1.2747304624e-04	3.9479790539e-16	7.5305517676e-01	1.8100184211e-05	5.8644951560e-08	7.8091513317e-06	6.1721254142e-02	2.1177257364e-11	3.9596562732e-10	0.0000000000e+00	0.0000000000e+00	0.0000000000e+00	0.0000000000e+00
2.4703409253e-01	2.4720541582e-05	1.0291535677e-05	5.3493472392e-10	3.0439772986e+00	2.4570765726e-01	1.2546532443e-04	4.1283821002e-16	7.5290543453e-01	1.8612230102e-05	5.8486509725e-08	7.6900666315e-06	6.1758523133e-02	2.0905269929e-11	3.8184999083e-10	0.0000000000e+00	0.0000000000e+00	0.0000000000e+00	0.0000000000e+00
2.4681383304e-01	2.4618027125e-05	1.0457922980e-05	5.6625085109e-10	3.0439772986e+00	2.4548819485e-01	1.2764483906e-04	4.0075783918e-16	7.5312545467e-01	1.8540462871e-05	5.8895551170e-08	7.8172324477e-06	6.1703458259e-02	2.2448764939e-11	4.0400916475e-10	0.0000000000e+00	0.0000000000e+00	0.0000000000e+00	0.0000000000e+00
2.4698602389e-01	2.4483782627e-05	1.0283343677e-05	5.4035343311e-10	3.0439772986e+00	2.4565976251e-01	1.2539792075e-04	4.0324663571e-16	7.5295387430e-01	1.8435158987e-05	5.9031676869e-08	7.6838517858e-06	6.1746505972e-02	2.1049151989e-11	3.8581205896e-10	0.0000000000e+00	0.0000000000e+00	0.0000000000e+00	0.0000000000e+00
2.4710438916e-01	2.4765785187e-05	1.0468789432e-05	5.4960787445e-10	3.0439772986e+00	2.4577769964e-01	1.2757794739e-04	4.0921838482e-16	7.5283467506e-01	1.8644541844e-05	5.8941534839e-08	7.8223261554e-06	6.1776097290e-02	2.3024244570e-11	3.9073962100e-10	0.0000000000e+00	0.0000000000e+00	0.0000000000e+00	0.0000000000e+00
2.4687748327e-01	2.3689770087e-05	1.0562606464e-05	5.7803184441e-10	3.0439772986e+00	2.4555161467e-01	1.2887862756e-04	3.8150992447e-16	7.5306297098e-01	1.7839888643e-05	5.8384890703e-08	7.8959229144e-06	6.1719370818e-02	2.2510690757e-11	4.1278368732e-10	0.0000000000e+00	0.0000000000e+00	0.0000000000e+00	0.0000000000e+00
2.4686578496e-01	2.4539976000e-05	1.0408738048e-05	5.3612203942e-10	3.0439772986e+00	2.4553995871e-01	1.2700905065e-04	4.0084580585e-16	7.5307373575e-01	1.8480411401e-05	5.7929209784e-08	7.7806180365e-06	6.1716446241e-02	2.2145597793e-11	3.8159382925e-10	0.0000000000e+00	0.0000000000e+00	0.0000000000e+00	0.0000000000e+00
2.4704916070e-01	2.4372398291e-05	1.0329793562e-05	5.6672350929e-10	3.0439772986e+00	2.4572267092e-01	1.2592160314e-04	3.9850827330e-16	7.5289080518e-01	1.8349754573e-05	5.8996553895e-08	7.7182100386e-06	6.1762290176e-02	2.0613836078e-11	4.0606708315e-10	0.0000000000e+00	0.0000000000e+00	0.0000000000e+00	0.0000000000e+00
2.4696535460e-01	2.4454709819e-05	1.0576720146e-05	5.8509047766e-10	3.0439772986e+00	2.4563916800e-01	1.2898966289e-04	4.0107910805e-16	7.5297392282e-01	1.8413758784e-05	5.8798555516e-08	7.9051959035e-06	6.1741338649e-02	2.1642780659e-11	4.1891509151e-10	0.0000000000e+00	0.0000000000e+00	0.0000000000e+00	0.0000000000e+00
2.4701989908e-01	2.4227689847e-05	1.0259907326e-05	5.5071853681e-10	3.0439772986e+00	2.4569351515e-01	1.2508941944e-04	3.9998893823e-16	7.5292044029e-01	1.8241522907e-05	5.7747797524e-08	7.6671461440e-06	6.1754974771e-02	2.1552655734e-11	3.9309458747e-10	0.0000000000e+00	0.0000000000e+00	0.0000000000e+00	0.0000000000e+00
2.4715347059e-01	2.4005493793e-05	1.0613221529e-05	5.9194901477e-10	3.0439772986e+00	2.4582660359e-01	1.2930409557e-04	3.9032756347e-16	7.5278641581e-01	1.8071009632e-05	5.8118904013e-08	7.9313700914e-06	6.1788367647e-02	2.2467765191e-11	4.2314341198e-10	0.0000000000e+00	0.0000000000e+00	0.0000000000e+00	0.0000000000e+00
2.4699591652e-01	2.4374082245e-05	1.0300759200e-05	5.2858517009e-10	3.0439772986e+00	2.4566961935e-01	1.2560363039e-04	4.0350512763e-16	7.5294410836e-01	1.8352321623e-05	5.7861272740e-08	7.6980346788e-06	6.1748979130e-02	2.1459152616e-11	3.7653593697e-10	0.0000000000e+00	0.0000000000e+00	0.0000000000e+00	0.0000000000e+00
2.4700946605e-01	2.4568175707e-05	1.0324933775e-05	5.4818291266e-10	3.0439772986e+00	2.4568311986e-01	1.2588917680e-04	4.0859027487e-16	7.5293021295e-01	1.8498121767e-05	6.0110023404e-08	7.7138445623e-06	6.1752366513e-02	2.3101671611e-11	3.8964180555e-10	0.0000000000e+00	0.0000000000e+00	0.0000000000e+00	0.0000000000e+00
2.4692786139e-01	2.4088728690e-05	1.0578685216e-05	5.6562833169e-10	3.0439772986e+00	2.4560181047e-01	1.2903973560e-04	3.8777338345e-16	7.5301195980e-01	1.8139100800e-05	5.7578209822e-08	7.9082982770e-06	6.1731965348e-02	2.1056765246e-11	4.0486813332e-10	0.0000000000e+00	0.0000000000e+00	0.0000000000e+00	0.0000000000e+00
2.4702812570e-01	2.4492808643e-05	1.0512126402e-05	5.4905175067e-10	3.0439772986e+00	2.4570171201e-01	1.2815865658e-04	4.0369997559e-16	7.5291124549e-01	1.8440911061e-05	5.8826227662e-08	7.8558719544e-06	6.1757031426e-02	2.2198283112e-11	3.9118895432e-10	0.0000000000e+00	0.0000000000e+00	0.0000000000e+00	0.0000000000e+00
2.4703810361e-01	2.4475537174e-05	1.0353390068e-05	5.5631822510e-10	3.0439772986e+00	2.4571165382e-01	1.2621671526e-04	4.0438214875e-16	7.5290165287e-01	1.8427672393e-05	5.8985475580e-08	7.7360990196e-06	6.1759525901e-02	2.2298800643e-11	3.9655411056e-10	0.0000000000e+00	0.0000000000e+00	0.0000000000e+00	0.0000000000e+00
2.4713335974e-01	2.4191390704e-05	1.0334144146e-05	5.7458107779e-10	3.0439772986e+00	2.4580656545e-01	1.2591767900e-04	3.9644909674e-16	7.5280687550e-01	1.8211445250e-05	5.8890228909e-08	7.7207245366e-06	6.1783339934e-02	2.1081102735e-11	4.1146748316e-10	0.0000000000e+00	0.0000000000e+00	0.0000000000e+00	0.0000000000e+00
2.4682385649e-01	2.4531989957e-05	1.0291513145e-05	5.2688819637e-10	3.0439772986e+00	2.4549818201e-01	1.2560702491e-04	4.0683332736e-16	7.5311593776e-01	1.8475432622e-05	6.0044243186e-08	7.6906583297e-06	6.1705964122e-02	2.1575353093e-11	3.7523254501e-10	0.0000000000e+00	0.0000000000e+00	0.0000000000e+00	0.0000000000e+00
2.4685455052e-01	2.4156868730e-05	1.0399784206e-05	5.3885485861e-10	3.0439772986e+00	2.4552876493e-01	1.2690756340e-04	3.9432041804e-16	7.5308556648e-01	1.8192189172e-05	5.8113169375e-08	7.7738142110e-06	6.1713637631e-02	2.1602091210e-11	3.8420172524e-10	0.0000000000e+00	0.0000000000e+00	0.0000000000e+00	0.0000000000e+00
2.4709305167e-01	2.4991860498e-05	1.0180729199e-05	5.1697029764e-10	3.0439772986e+00	2.4576640315e-01	1.2407511229e-04	4.1760434171e-16	7.5284632197e-01	1.8815030255e-05	5.9547543296e-08	7.6049769895e-06	6.1773262917e-02	2.0713918880e-11	3.6848526827e-10	0.0000000000e+00	0.0000000000e+00	0.0000000000e+00	0.0000000000e+00
2.4691462627e-01	2.4300712412e-05	1.0443030058e-05	5.3687055568e-10	3.0439772986e+00	2.4558862324e-01	1.2739406686e-04	3.9133862790e-16	7.5302518121e-01	1.8299048368e-05	5.7637094017e-08	7.8062275078e-06	6.1728656567e-02	2.1137474934e-11	3.8313957254e-10	0.0000000000e+00	0.0000000000e+00	0.0000000000e+00	0.0000000000e+00
2.4716738021e-01	2.3769029630e-05	1.0430455400e-05	5.8608683810e-10	3.0439772986e+00	2.4584046292e-01	1.2706803099e-04	3.8682005357e-16	7.5277327602e-01	1.7892690302e-05	5.8722106744e-08	7.7930459754e-06	6.1791845053e-02	2.2954884525e-11	4.1823562462e-10	0.0000000000e+00	0.0000000000e+00	0.0000000000e+00	0.0000000000e+00
2.4699908495e-01	2.4175243102e-05	1.0540788396e-05	5.5639927555e-10	3.0439772986e+00	2.4567277632e-01	1.2852822619e-04	3.9898731385e-16	7.5294069730e-01	1.8202524399e-05	5.7552562849e-08	7.8790360019e-06	6.1749771238e-02	2.1284211752e-11	3.9765144676e-10	0.0000000000e+00	0.0000000000e+00	0.0000000000e+00	0.0000000000e+00
2.4735075599e-01	2.4006628959e-05	1.0448467181e-05	5.8486301824e-10	3.0439772986e+00	2.4602317596e-01	1.2716204294e-04	3.9303783722e-16	7.5258951644e-01	1.8067137280e-05	5.8920636854e-08	7.8044862265e-06	6.1837688997e-02	2.2077925090e-11	4.1808385099e-10	0.0000000000e+00	0.0000000000e+00	0.0000000000e+00	0.0000000000e+00
2.4719393072e-01	2.4381372615e-05	1.0354736427e-05	5.5815836045e-10	3.0439772986e+00	2.4586691744e-01	1.2612746866e-04	4.0170413169e-16	7.5274597693e-01	1.8352980148e-05	5.8976933496e-08	7.7355092538e-06	6.1798482679e-02	2.2843106506e-11	3.9730835381e-10	0.0000000000e+00	0.0000000000e+00	0.0000000000e+00	0.0000000000e+00
2.4705201915e-01	2.4367297627e-05	1.0211689056e-05	5.3547969641e-10	3.0439772986e+00	2.4572551903e-01	1.2448002552e-04	4.0075304900e-16	7.5288822154e-01	1.8345851374e-05	5.9651725460e-08	7.6286086868e-06	6.1763004788e-02	2.2714922757e-11	3.8044143355e-10	0.0000000000e+00	0.0000000000e+00	0.0000000000e+00	0.0000000000e+00
2.4704849967e-01	2.4091257544e-05	1.0404358298e-05	5.4337820658e-10	3.0439772986e+00	2.4572201228e-01	1.2683105118e-04	3.9452113217e-16	7.5289172118e-01	1.8138108358e-05	5.8840246676e-08	7.7745149799e-06	6.1762124918e-02	2.2329618552e-11	3.8677533465e-10	0.0000000000e+00	0.0000000000e+00	0.0000000000e+00	0.0000000000e+00
2.4699817789e-01	2.4590546828e-05	1.0216848053e-05	5.2707753860e-10	3.0439772986e+00	2.4567187253e-01	1.2457891176e-04	4.0760485882e-16	7.5294171077e-01	1.8515248397e-05	5.8728180379e-08	7.6339628713e-06	6.1749544472e-02	2.0935976701e-11	3.7592268692e-10	0.0000000000e+00	0.0000000000e+00	0.0000000000e+00	0.0000000000e+00
2.4695294658e-01	2.4651554608e-05	1.0404943470e-05	5.3478391821e-10	3.0439772986e+00	2.4562680488e-01	1.2690322200e-04	4.0596364249e-16	7.5298642168e-01	1.8562285893e-05	5.8353010148e-08	7.7764281409e-06	6.1738236646e-02	2.0612006777e-11	3.8207302217e-10	0.0000000000e+00	0.0000000000e+00	0.0000000000e+00	0.0000000000e+00
2.4684740127e-01	2.4312914572e-05	1.0227468527e-05	5.1509753221e-10	3.0439772986e+00	2.4552164156e-01	1.2480963674e-04	3.9871674726e-16	7.5309286955e-01	1.8309882602e-05	5.8568684232e-08	7.6436649366e-06	6.1711850318e-02	2.0660035727e-11	3.6725624290e-10	0.0000000000e+00	0.0000000000e+00	0.0000000000e+00	0.0000000000e+00
2.4703195635e-01	2.4633106809e-05	1.0307107109e-05	5.6749726446e-10	3.0439772986e+00	2.4570552880e-01	1.2565661674e-04	4.0505407578e-16	7.5290766685e-01	1.8546454975e-05	5.7354730197e-08	7.7029452349e-06	6.1757989087e-02	2.2136801999e-11	4.0513623933e-10	0.0000000000e+00	0.0000000000e+00	0.0000000000e+00	0.0000000000e+00
2.4705065412e-01	2.4504239999e-05	1.0357018543e-05	5.3994110152e-10	3.0439772986e+00	2.4572415894e-01	1.2625242221e-04	4.0394978753e-16	7.5288905203e-01	1.8448974024e-05	5.9072173240e-08	7.7386136997e-06	6.1762663531e-02	2.0802069283e-11	3.8571367479e-10	0.0000000000e+00	0.0000000000e+00	0.0000000000e+00	0.0000000000e+00
2.4697437163e-01	2.4579543475e-05	1.0549263362e-05	5.6914812427e-10	3.0439772986e+00	2.4564815241e-01	1.2864855119e-04	4.0200689014e-16	7.5296478064e-01	1.8507530561e-05	5.8002227470e-08	7.8852215457e-06	6.1743592908e-02	2.3384148196e-11	4.0516434434e-10	0.0000000000e+00	0.0000000000e+00	0.0000000000e+00	0.0000000000e+00
2.4699624954e-01	2.4007701967e-05	1.0405362033e-05	5.5034282309e-10	3.0439772986e+00	2.4566995116e-01	1.2687894441e-04	3.9411520859e-16	7.5294409068e-01	1.8076457327e-05	5.8990532734e-08	7.7756653211e-06	6.1749062385e-02	2.1340375973e-11	3.9303700052e-10	0.0000000000e+00	0.0000000000e+00	0.0000000000e+00	0.0000000000e+00
2.4689368786e-01	2.4576711390e-05	1.0310842003e-05	5.6717951648e-10	3.0439772986e+00	2.4556776061e-01	1.2579565564e-04	4.0483498174e-16	7.5304600075e-01	1.8507394224e-05	5.8334810396e-08	7.7062035240e-06	6.1723421965e-02	2.3620968176e-11	4.0349129841e-10	0.0000000000e+00	0.0000000000e+00	0.0000000000e+00	0.0000000000e+00
2.4700868470e-01	2.4926738882e-05	1.0375920792e-05	5.5823065081e-10	3.0439772986e+00	2.4568234133e-01	1.2651126936e-04	4.1049601248e-16	7.5293033913e-01	1.8768097960e-05	5.8097081238e-08	7.7542484798e-06	6.1752171175e-02	2.2385336513e-11	3.9792345671e-10	0.0000000000e+00	0.0000000000e+00	0.0000000000e+00	0.0000000000e+00
2.4705944320e-01	2.4301073927e-05	1.0366227459e-05	5.5384344463e-10	3.0439772986e+00	2.4573291623e-01	1.2635875668e-04	3.9816021128e-16	7.5288054868e-01	1.8295805872e-05	5.8684418738e-08	7.7458465982e-06	6.1764860799e-02	2.1270927080e-11	3.9570702939e-10	0.0000000000e+00	0.0000000000e+00	0.0000000000e+00	0.0000000000e+00
2.4678803821e-01	2.4757437542e-05	1.0317338408e-05	5.4534991736e-10	3.0439772986e+00	2.4546249341e-01	1.2594641880e-04	4.1034082985e-16	7.5315135517e-01	1.8646097635e-05	5.8811858405e-08	7.7117055454e-06	6.1697009552e-02	2.2841341613e-11	3.8788968769e-10	0.0000000000e+00	0.0000000000e+00	0.0000000000e+00	0.0000000000e+00
2.4692845110e-01	2.4680032568e-05	1.0271339331e-05	5.5256900971e-10	3.0439772986e+00	2.4560239804e-01	1.2529027341e-04	4.0500000089e-16	7.5301117400e-01	1.8584340298e-05	5.8199280096e-08	7.6762340080e-06	6.1732112776e-02	2.1523710087e-11	3.9456692863e-10	0.0000000000e+00	0.0000000000e+00	0.0000000000e+00	0.0000000000e+00
2.4716403807e-01	2.4762886968e-05	1.0247351838e-05	5.2232787947e-10	3.0439772986e+00	2.4583713287e-01	1.2483945201e-04	4.1163555762e-16	7.5277553552e-01	1.8640895498e-05	5.9012165462e-08	7.6549436019e-06	6.1791009519e-02	2.1285912734e-11	3.7190973645e-10	0.0000000000e+00	0.0000000000e+00	0.0000000000e+00	0.0000000000e+00
2.4703361261e-01	2.4168653839e-05	1.0403374228e-05	5.6081438977e-10	3.0439772986e+00	2.4570717907e-01	1.2682918602e-04	3.9115661394e-16	7.5290649266e-01	1.8196736394e-05	5.7146979402e-08	7.7756210226e-06	6.1758403153e-02	2.0769885126e-11	4.0147091011e-10	0.0000000000e+00	0.0000000000e+00	0.0000000000e+00	0.0000000000e+00
2.4706061849e-01	2.4243657792e-05	1.0513655684e-05	5.6151988218e-10	3.0439772986e+00	2.4573408726e-01	1.2815497606e-04	4.0049402307e-16	7.5287912693e-01	1.8252543912e-05	5.8349100573e-08	7.8571628113e-06	6.1765154622e-02	2.2536550310e-11	4.0022004834e-10	0.0000000000e+00	0.0000000000e+00	0.0000000000e+00	0.0000000000e+00
2.4674334336e-01	2.4887100278e-05	1.0361891889e-05	5.5671986191e-10	3.0439772986e+00	2.4541796041e-01	1.2652066443e-04	4.1178185131e-16	7.5319575039e-01	1.8744858169e-05	5.8690109476e-08	7.7458428270e-06	6.1685835840e-02	2.2204691730e-11	3.9711434242e-10	0.0000000000e+00	0.0000000000e+00	0.0000000000e+00	0.0000000000e+00
2.4698287027e-01	2.4078723351e-05	1.0494121583e-05	5.6837496473e-10	3.0439772986e+00	2.4565662030e-01	1.2797039713e-04	3.9179242672e-16	7.5295716137e-01	1.8130247184e-05	5.7428409786e-08	7.8441955884e-06	6.1745717568e-02	2.1537390296e-11	4.0642460974e-10	0.0000000000e+00	0.0000000000e+00	0.0000000000e+00	0.0000000000e+00
2.4692843131e-01	2.4500961158e-05	1.0126994191e-05	5.2729951995e-10	3.0439772986e+00	2.4560237832e-01	1.2352965561e-04	4.0216350673e-16	7.5301178965e-01	1.8449512610e-05	5.9284028582e-08	7.5664619913e-06	6.1732107827e-02	2.0379246925e-11	3.7668350827e-10	0.0000000000e+00	0.0000000000e+00	0.0000000000e+00	0.0000000000e+00
2.4702987713e-01	2.4514512384e-05	1.0213232079e-05	5.1045958877e-10	3.0439772986e+00	2.4570345710e-01	1.2451361837e-04	4.0111030639e-16	7.5291013680e-01	1.8457224873e-05	5.9938375028e-08	7.6297075866e-06	6.1757469282e-02	2.1112652124e-11	3.6321754668e-10	0.0000000000e+00	0.0000000000e+00	0.0000000000e+00	0.0000000000e+00
2.4695755653e-01	2.3777942445e-05	1.0688199340e-05	5.6788752081e-10	3.0439772986e+00	2.4563139815e-01	1.3035481952e-04	3.8184012898e-16	7.5298248765e-01	1.7904374253e-05	5.6823407658e-08	7.9912035198e-06	6.1739389132e-02	2.1435077308e-11	4.0617428082e-10	0.0000000000e+00	0.0000000000e+00	0.0000000000e+00	0.0000000000e+00
2.4712900822e-01	2.4427421687e-05	1.0423066698e-05	5.4365433704e-10	3.0439772986e+00	2.4580222967e-01	1.2700404356e-04	4.0684972629e-16	7.5281067068e-01	1.8389223703e-05	5.9072977226e-08	7.7875228541e-06	6.1782252055e-02	2.2622032000e-11	3.8664675408e-10	0.0000000000e+00	0.0000000000e+00	0.0000000000e+00	0.0000000000e+00
2.4698424401e-01	2.4661858888e-05	1.0377883042e-05	5.4544646978e-10	3.0439772986e+00	2.4565798907e-01	1.2655188991e-04	4.0480132308e-16	7.5295517233e-01	1.8569274209e-05	5.8852477217e-08	7.7552282374e-06	6.1746061003e-02	2.2088629582e-11	3.8860811106e-10	0.0000000000e+00	0.0000000000e+00	0.0000000000e+00	0.0000000000e+00
2.4702644564e-01	2.4527471754e-05	1.0465363767e-05	5.7376893601e-10	3.0439772986e+00	2.4570003802e-01	1.2758971109e-04	4.0034308633e-16	7.5291297871e-01	1.8467051818e-05	5.8471234054e-08	7.8210369733e-06	6.1756611410e-02	2.1878438416e-11	4.1011964028e-10	0.0000000000e+00	0.0000000000e+00	0.0000000000e+00	0.0000000000e+00
2.4701836820e-01	2.4295275242e-05	1.0417399638e-05	5.5604584231e-10	3.0439772986e+00	2.4569198980e-01	1.2701054355e-04	4.0025651495e-16	7.5292151355e-01	1.8292435408e-05	5.8102009321e-08	7.7853822937e-06	6.1754592049e-02	2.2115050854e-11	3.9654382634e-10	0.0000000000e+00	0.0000000000e+00	0.0000000000e+00	0.0000000000e+00
2.4703488410e-01	2.4177672273e-05	1.0533504298e-05	5.7499434238e-10	3.0439772986e+00	2.4570844596e-01	1.2841469210e-04	3.9457092059e-16	7.5290491371e-01	1.8203488256e-05	5.8315044383e-08	7.8724121004e-06	6.1758721025e-02	2.1834892106e-11	4.1108117363e-10	0.0000000000e+00	0.0000000000e+00	0.0000000000e+00	0.0000000000e+00
2.4703456599e-01	2.4187768107e-05	1.0456841324e-05	5.7668900585e-10	3.0439772986e+00	2.4570812900e-01	1.2748033314e-04	3.9691954620e-16	7.5290538974e-01	1.8211100973e-05	5.7912074536e-08	7.8151001177e-06	6.1758641497e-02	2.1728850500e-11	4.1246341020e-10	0.0000000000e+00	0.0000000000e+00	0.0000000000e+00	0.0000000000e+00
2.4691437293e-01	2.4751506739e-05	1.0429064867e-05	5.5319823777e-10	3.0439772986e+00	2.4558837081e-01	1.2722377006e-04	4.0892130596e-16	7.5302478713e-01	1.8638498093e-05	5.9038080467e-08	7.7943062710e-06	6.1728593232e-02	2.1326428057e-11	3.9524555718e-10	0.0000000000e+00	0.0000000000e+00	0.0000000000e+00	0.0000000000e+00
2.4705895764e-01	2.4425503476e-05	1.0375955219e-05	5.4898474355e-10	3.0439772986e+00	2.4573243242e-01	1.2647762784e-04	4.0338015305e-16	7.5288082491e-01	1.8389493206e-05	5.9564150536e-08	7.7522935743e-06	6.1764739410e-02	2.2238913676e-11	3.9108117291e-10	0.0000000000e+00	0.0000000000e+00	0.0000000000e+00	0.0000000000e+00
2.4690385994e-01	2.4645872685e-05	1.0441485623e-05	5.3709703652e-10	3.0439772986e+00	2.4557789588e-01	1.2738251434e-04	4.0633079535e-16	7.5303543037e-01	1.8559215344e-05	5.9207598233e-08	7.8036010215e-06	6.1725964986e-02	2.2650671373e-11	3.8180242668e-10	0.0000000000e+00	0.0000000000e+00	0.0000000000e+00	0.0000000000e+00
2.4698969976e-01	2.4326268635e-05	1.0315031891e-05	5.5731237021e-10	3.0439772986e+00	2.4566342508e-01	1.2578187716e-04	3.9707649931e-16	7.5295036424e-01	1.8316472829e-05	5.8255893427e-08	7.7084511256e-06	6.1747424940e-02	2.1295009223e-11	3.9833354292e-10	0.0000000000e+00	0.0000000000e+00	0.0000000000e+00	0.0000000000e+00
2.4685890232e-01	2.4037490713e-05	1.0269924945e-05	5.9382473336e-10	3.0439772986e+00	2.4553310098e-01	1.2532004864e-04	3.9535848372e-16	7.5308168788e-01	1.8102194079e-05	5.8232658584e-08	7.6758597531e-06	6.1714725580e-02	2.2600650790e-11	4.2459788172e-10	0.0000000000e+00	0.0000000000e+00	0.0000000000e+00	0.0000000000e+00
2.4698775274e-01	2.4554945500e-05	1.0388718969e-05	5.5724566521e-10	3.0439772986e+00	2.4566148510e-01	1.2668166035e-04	4.0518411837e-16	7.5295180033e-01	1.8488690421e-05	5.9355581297e-08	7.7628490692e-06	6.1746938185e-02	2.3453401037e-11	3.9612572581e-10	0.0000000000e+00	0.0000000000e+00	0.0000000000e+00	0.0000000000e+00
2.4699172991e-01	2.4411305377e-05	1.0421305676e-05	5.4321830964e-10	3.0439772986e+00	2.4566544788e-01	1.2707633438e-04	3.9942993380e-16	7.5294796624e-01	1.8380442737e-05	5.8064861140e-08	7.7886360535e-06	6.1747932476e-02	1.9400592346e-11	3.8961452912e-10	0.0000000000e+00	0.0000000000e+00	0.0000000000e+00	0.0000000000e+00
2.4693769321e-01	2.4473921379e-05	1.0587516029e-05	5.5411358975e-10	3.0439772986e+00	2.4561160670e-01	1.2914052372e-04	4.0116099233e-16	7.5300152882e-01	1.8428900215e-05	5.8795439979e-08	7.9136203165e-06	6.1734423302e-02	2.1479929351e-11	3.9576845088e-10	0.0000000000e+00	0.0000000000e+00	0.0000000000e+00	0.0000000000e+00
2.4715606919e-01	2.4119261248e-05	1.0378645403e-05	5.4568323694e-10	3.0439772986e+00	2.4582919279e-01	1.2644447784e-04	3.9538251525e-16	7.5278417610e-01	1.8156598207e-05	5.7418010852e-08	7.7554620177e-06	6.1789017297e-02	2.1795027111e-11	3.8898667882e-10	0.0000000000e+00	0.0000000000e+00	0.0000000000e+00	0.0000000000e+00
2.4713229251e-01	2.4105351803e-05	1.0403073315e-05	5.8020375404e-10	3.0439772986e+00	2.4580550208e-01	1.2675827781e-04	3.9610830425e-16	7.5280791649e-01	1.8146699667e-05	5.7728963982e-08	7.7737869832e-06	6.1783073126e-02	2.2152069685e-11	4.1462990953e-10	0.0000000000e+00	0.0000000000e+00	0.0000000000e+00	0.0000000000e+00
2.4685281946e-01	2.4216636759e-05	1.0629770490e-05	5.8981921573e-10	3.0439772986e+00	2.4552704014e-01	1.2971516655e-04	3.9299572443e-16	7.5308668756e-01	1.8237226761e-05	5.8075362984e-08	7.9470632847e-06	6.1713204865e-02	2.2712453344e-11	4.2147254609e-10	0.0000000000e+00	0.0000000000e+00	0.0000000000e+00	0.0000000000e+00
2.4695089917e-01	2.4517155848e-05	1.0509448873e-05	5.6260134655e-10	3.0439772986e+00	2.4562476488e-01	1.2817922085e-04	4.0492490296e-16	7.5298843512e-01	1.8461134816e-05	5.8536153905e-08	7.8549573068e-06	6.1737724793e-02	2.2173391316e-11	4.0145891622e-10	0.0000000000e+00	0.0000000000e+00	0.0000000000e+00	0.0000000000e+00
2.4706500940e-01	2.4006894500e-05	1.0519129668e-05	5.5230336474e-10	3.0439772986e+00	2.4573846230e-01	1.2821873263e-04	3.9480487771e-16	7.5287508053e-01	1.8074192630e-05	5.7231909707e-08	7.8623586861e-06	6.1766252350e-02	2.2552007974e-11	3.9326343223e-10	0.0000000000e+00	0.0000000000e+00	0.0000000000e+00	0.0000000000e+00
2.4704252762e-01	2.4567372603e-05	1.0288324516e-05	5.3651424440e-10	3.0439772986e+00	2.4571606183e-01	1.2542052879e-04	4.0836424064e-16	7.5289723799e-01	1.8496706977e-05	5.8860018490e-08	7.6871910932e-06	6.1760631905e-02	2.1144024901e-11	3.8279606785e-10	0.0000000000e+00	0.0000000000e+00	0.0000000000e+00	0.0000000000e+00
2.4696661422e-01	2.4336093799e-05	1.0384558724e-05	5.5592467589e-10	3.0439772986e+00	2.4564042306e-01	1.2664538044e-04	3.9866406897e-16	7.5297327611e-01	1.8324428276e-05	5.8730980237e-08	7.7605642233e-06	6.1741653554e-02	2.2236130464e-11	3.9636029402e-10	0.0000000000e+00	0.0000000000e+00	0.0000000000e+00	0.0000000000e+00
2.4711096834e-01	2.4837799738e-05	1.0178536832e-05	5.2613836171e-10	3.0439772986e+00	2.4578425502e-01	1.2403648658e-04	4.0889139216e-16	7.5282864359e-01	1.8698607087e-05	5.9356807494e-08	7.6033372697e-06	6.1777742084e-02	2.0894351985e-11	3.7519767720e-10	0.0000000000e+00	0.0000000000e+00	0.0000000000e+00	0.0000000000e+00
2.4702568782e-01	2.4242585535e-05	1.0363696462e-05	5.6916171019e-10	3.0439772986e+00	2.4569928294e-01	1.2635084750e-04	3.9803420537e-16	7.5291439507e-01	1.8252591623e-05	5.7576183976e-08	7.7454000682e-06	6.1756421954e-02	2.1548146404e-11	4.0698189832e-10	0.0000000000e+00	0.0000000000e+00	0.0000000000e+00	0.0000000000e+00
2.4690617278e-01	2.4958849817e-05	1.0286242198e-05	5.3396532449e-10	3.0439772986e+00	2.4558020034e-01	1.2548701726e-04	4.0939261581e-16	7.5303299710e-01	1.8794837482e-05	5.8020243764e-08	7.6878595473e-06	6.1726543194e-02	2.2007867254e-11	3.8008564139e-10	0.0000000000e+00	0.0000000000e+00	0.0000000000e+00	0.0000000000e+00
2.4720507755e-01	2.4365446229e-05	1.0492483106e-05	5.7012580983e-10	3.0439772986e+00	2.4587802398e-01	1.2779760939e-04	4.0524543771e-16	7.5273454386e-01	1.8340713053e-05	5.8362892662e-08	7.8396915920e-06	6.1801269387e-02	2.2647737360e-11	4.0650565404e-10	0.0000000000e+00	0.0000000000e+00	0.0000000000e+00	0.0000000000e+00
2.4697300702e-01	2.4201864499e-05	1.0614528727e-05	5.3468579926e-10	3.0439772986e+00	2.4564679273e-01	1.2944548634e-04	3.9150879670e-16	7.5296656662e-01	1.8223194818e-05	5.8350692338e-08	7.9340345595e-06	6.1743251755e-02	2.0825669068e-11	3.8177486142e-10	0.0000000000e+00	0.0000000000e+00	0.0000000000e+00	0.0000000000e+00
2.4711134430e-01	2.4688230430e-05	1.0354052606e-05	5.3946797853e-10	3.0439772986e+00	2.4578462962e-01	1.2617505256e-04	4.1184310031e-16	7.5282809641e-01	1.8585993518e-05	5.8679316479e-08	7.7361423971e-06	6.1777836075e-02	2.1826847682e-11	3.8429980366e-10	0.0000000000e+00	0.0000000000e+00	0.0000000000e+00	0.0000000000e+00
2.4708350319e-01	2.4221371128e-05	1.0605672406e-05	5.6578276218e-10	3.0439772986e+00	2.4575688920e-01	1.2926067086e-04	3.9318081201e-16	7.5285606979e-01	1.8235206272e-05	5.8339638178e-08	7.9262052068e-06	6.1770875797e-02	2.1510235407e-11	4.0444275128e-10	0.0000000000e+00	0.0000000000e+00	0.0000000000e+00	0.0000000000e+00
2.4697143006e-01	2.4585755486e-05	1.0307993848e-05	5.3767282495e-10	3.0439772986e+00	2.4564522148e-01	1.2570834070e-04	4.0590953802e-16	7.5296825774e-01	1.8512293473e-05	5.8547551405e-08	7.7030446168e-06	6.1742857516e-02	2.2394971142e-11	3.8245559909e-10	0.0000000000e+00	0.0000000000e+00	0.0000000000e+00	0.0000000000e+00
2.4697383190e-01	2.3892649642e-05	1.0700649589e-05	5.4211798616e-10	3.0439772986e+00	2.4564761463e-01	1.3049520905e-04	3.9070873611e-16	7.5296601286e-01	1.7990353137e-05	5.8384349201e-08	7.9988411068e-06	6.1743457976e-02	2.2051501456e-11	3.8614491708e-10	0.0000000000e+00	0.0000000000e+00	0.0000000000e+00	0.0000000000e+00
2.4714326886e-01	2.4613560464e-05	1.0099708212e-05	5.4916966464e-10	3.0439772986e+00	2.4581643874e-01	1.2305459380e-04	4.0528960311e-16	7.5279686114e-01	1.8529011059e-05	5.8644925986e-08	7.5443837141e-06	6.1785817214e-02	2.1899867755e-11	3.9151333202e-10	0.0000000000e+00	0.0000000000e+00	0.0000000000e+00	0.0000000000e+00
2.4709820217e-01	2.4362105724e-05	1.0474693002e-05	5.7422552722e-10	3.0439772986e+00	2.4577153502e-01	1.2765423723e-04	3.9502474820e-16	7.5284145585e-01	1.8340803141e-05	5.7369872248e-08	7.8284132571e-06	6.1774550541e-02	2.2671470270e-11	4.0962931163e-10	0.0000000000e+00	0.0000000000e+00	0.0000000000e+00	0.0000000000e+00
2.4687565019e-01	2.4364283184e-05	1.0313900588e-05	5.4815169516e-10	3.0439772986e+00	2.4554978823e-01	1.2584523159e-04	4.0190595053e-16	7.5306435008e-01	1.8347873081e-05	5.7723965098e-08	7.7093068780e-06	6.1718912548e-02	2.0927241922e-11	3.9186625814e-10	0.0000000000e+00	0.0000000000e+00	0.0000000000e+00	0.0000000000e+00
2.4704408101e-01	2.4781597196e-05	1.0214415970e-05	5.3575621241e-10	3.0439772986e+00	2.4571760960e-01	1.2451847597e-04	4.0733576491e-16	7.5289552910e-01	1.8657953733e-05	5.8594701258e-08	7.6317934151e-06	6.1761020252e-02	2.0912973782e-11	3.8245548323e-10	0.0000000000e+00	0.0000000000e+00	0.0000000000e+00	0.0000000000e+00
2.4694178295e-01	2.4607039539e-05	1.0318118225e-05	5.6354568774e-10	3.0439772986e+00	2.4561568164e-01	1.2585186225e-04	4.0389085175e-16	7.5299784742e-01	1.8529047804e-05	5.9431941482e-08	7.7100888715e-06	6.1735445737e-02	2.1128060508e-11	4.0322062928e-10	0.0000000000e+00	0.0000000000e+00	0.0000000000e+00	0.0000000000e+00
2.4711633886e-01	2.4116745759e-05	1.0550811945e-05	5.7511667712e-10	3.0439772986e+00	2.4578960612e-01	1.2856939212e-04	3.9201351885e-16	7.5282351811e-01	1.8155653388e-05	5.7441655072e-08	7.8854577126e-06	6.1779084714e-02	2.2641350841e-11	4.1032000935e-10	0.0000000000e+00	0.0000000000e+00	0.0000000000e+00	0.0000000000e+00
2.4716033463e-01	2.4402067292e-05	1.0442641008e-05	5.7247523864e-10	3.0439772986e+00	2.4583344281e-01	1.2722113237e-04	4.0207165150e-16	7.5277934060e-01	1.8369372125e-05	5.8496906137e-08	7.8025075058e-06	6.1790083657e-02	2.2636906033e-11	4.0831062662e-10	0.0000000000e+00	0.0000000000e+00	0.0000000000e+00	0.0000000000e+00
2.4698401698e-01	2.4629730898e-05	1.0361705025e-05	5.2526644553e-10	3.0439772986e+00	2.4565776286e-01	1.2635477747e-04	4.0585175304e-16	7.5295548436e-01	1.8545090958e-05	5.8653996081e-08	7.7432486297e-06	6.1746004245e-02	2.0816879384e-11	3.7468537153e-10	0.0000000000e+00	0.0000000000e+00	0.0000000000e+00	0.0000000000e+00
2.4682814778e-01	2.4786609961e-05	1.0511858740e-05	5.4987509518e-10	3.0439772986e+00	2.4550245777e-01	1.2829321214e-04	4.0753439958e-16	7.5311076542e-01	1.8667062800e-05	5.9608261032e-08	7.8569857204e-06	6.1707036945e-02	2.3137229042e-11	3.9097962477e-10	0.0000000000e+00	0.0000000000e+00	0.0000000000e+00	0.0000000000e+00
2.4706434692e-01	2.4630704745e-05	1.0533050367e-05	5.5487062349e-10	3.0439772986e+00	2.4573780221e-01	1.2838870513e-04	4.0529891321e-16	7.5287477229e-01	1.8543836226e-05	5.8882312469e-08	7.8711855838e-06	6.1766086729e-02	2.2197914181e-11	3.9555018013e-10	0.0000000000e+00	0.0000000000e+00	0.0000000000e+00	0.0000000000e+00
2.4704866278e-01	2.4438945756e-05	1.0408955841e-05	5.6406343381e-10	3.0439772986e+00	2.4572217480e-01	1.2688689482e-04	4.0136133232e-16	7.5289102409e-01	1.8399862898e-05	5.8098727125e-08	7.7787106955e-06	6.1762165695e-02	2.1966355028e-11	4.0271194131e-10	0.0000000000e+00	0.0000000000e+00	0.0000000000e+00	0.0000000000e+00
2.4698320003e-01	2.4381561895e-05	1.0701782576e-05	5.9802130179e-10	3.0439772986e+00	2.4565694886e-01	1.3050232403e-04	3.9538624468e-16	7.5295590643e-01	1.8358241036e-05	5.8205227462e-08	7.9997651727e-06	6.1745800007e-02	2.3373225648e-11	4.2691044570e-10	0.0000000000e+00	0.0000000000e+00	0.0000000000e+00	0.0000000000e+00
2.4697956883e-01	2.4217425257e-05	1.0354244686e-05	5.6243874228e-10	3.0439772986e+00	2.4565333081e-01	1.2626692991e-04	3.9624359241e-16	7.5296056966e-01	1.8234766317e-05	5.8776879940e-08	7.7375610970e-06	6.1744892208e-02	2.2553693684e-11	4.0094050210e-10	0.0000000000e+00	0.0000000000e+00	0.0000000000e+00	0.0000000000e+00
2.4693186544e-01	2.4402483731e-05	1.0451687472e-05	5.8003099435e-10	3.0439772986e+00	2.4560580003e-01	1.2748782934e-04	3.9978116816e-16	7.5300777038e-01	1.8375259866e-05	5.8498792131e-08	7.8117030881e-06	6.1732966361e-02	2.1885240065e-11	4.1488260574e-10	0.0000000000e+00	0.0000000000e+00	0.0000000000e+00	0.0000000000e+00
2.4710451417e-01	2.4875633839e-05	1.0314491205e-05	5.5034258452e-10	3.0439772986e+00	2.4577782419e-01	1.2569753750e-04	4.1081121321e-16	7.5283473313e-01	1.8727241162e-05	5.9480358373e-08	7.7056268754e-06	6.1776128542e-02	2.1452511776e-11	3.9286450098e-10	0.0000000000e+00	0.0000000000e+00	0.0000000000e+00	0.0000000000e+00
2.4704231933e-01	2.4237319650e-05	1.0505773053e-05	5.6811165894e-10	3.0439772986e+00	2.4571585429e-01	1.2807149453e-04	3.9571882764e-16	7.5289745194e-01	1.8248216206e-05	5.8609940071e-08	7.8511598223e-06	6.1760579832e-02	2.2300969745e-11	4.0542885068e-10	0.0000000000e+00	0.0000000000e+00	0.0000000000e+00	0.0000000000e+00
2.4697090979e-01	2.4385352874e-05	1.0484195184e-05	5.8151462403e-10	3.0439772986e+00	2.4564470310e-01	1.2785749757e-04	4.0321670415e-16	7.5296868152e-01	1.8361407002e-05	5.8853521729e-08	7.8354171029e-06	6.1742727448e-02	2.2611751184e-11	4.1525054856e-10	0.0000000000e+00	0.0000000000e+00	0.0000000000e+00	0.0000000000e+00
2.4683892962e-01	2.4437656613e-05	1.0369681037e-05	5.3574855461e-10	3.0439772986e+00	2.4551320057e-01	1.2655079037e-04	4.0370042935e-16	7.5310083127e-01	1.8404019510e-05	5.8537017046e-08	7.7508783921e-06	6.1709732405e-02	2.0896499045e-11	3.8257618279e-10	0.0000000000e+00	0.0000000000e+00	0.0000000000e+00	0.0000000000e+00
2.4705220737e-01	2.4121622025e-05	1.0384170404e-05	5.6392862172e-10	3.0439772986e+00	2.4572570657e-01	1.2658243391e-04	3.9421122151e-16	7.5288801355e-01	1.8160880090e-05	5.8955533009e-08	7.7591618947e-06	6.1763051841e-02	2.1886850620e-11	4.0268824917e-10	0.0000000000e+00	0.0000000000e+00	0.0000000000e+00	0.0000000000e+00
2.4683641247e-01	2.4383366731e-05	1.0473415636e-05	5.5708644626e-10	3.0439772986e+00	2.4551069254e-01	1.2781846414e-04	4.0011687612e-16	7.5310319552e-01	1.8363191402e-05	5.9128642410e-08	7.8284341414e-06	6.1709103117e-02	2.2385847477e-11	3.9715773538e-10	0.0000000000e+00	0.0000000000e+00	0.0000000000e+00	0.0000000000e+00
2.4692364698e-01	2.4346943832e-05	1.0538170573e-05	5.5859117412e-10	3.0439772986e+00	2.4559761130e-01	1.2854839703e-04	3.9778095820e-16	7.5301587658e-01	1.8333635251e-05	5.8005430602e-08	7.8774043210e-06	6.1730911744e-02	2.1347447914e-11	3.9928057471e-10	0.0000000000e+00	0.0000000000e+00	0.0000000000e+00	0.0000000000e+00
2.4665405877e-01	2.4550158714e-05	1.0303556505e-05	5.8206343275e-10	3.0439772986e+00	2.4532899921e-01	1.2586894331e-04	4.0655719252e-16	7.5328566703e-01	1.8493282682e-05	5.9123455358e-08	7.7023979795e-06	6.1663514693e-02	2.2461544419e-11	4.1599849678e-10	0.0000000000e+00	0.0000000000e+00	0.0000000000e+00	0.0000000000e+00
2.4698525112e-01	2.4560425121e-05	1.0363026472e-05	5.5948996631e-10	3.0439772986e+00	2.4565899254e-01	1.2637007014e-04	4.0431576873e-16	7.5295435151e-01	1.8492878970e-05	5.8288492670e-08	7.7445973845e-06	6.1746312781e-02	2.2000982071e-11	3.9926942269e-10	0.0000000000e+00	0.0000000000e+00	0.0000000000e+00	0.0000000000e+00
2.4689091995e-01	2.4198800784e-05	1.0524353702e-05	5.7099181673e-10	3.0439772986e+00	2.4556500272e-01	1.2840249465e-04	3.9235909604e-16	7.5304885523e-01	1.8222879228e-05	5.7967222631e-08	7.8673852846e-06	6.1722729988e-02	2.2254877583e-11	4.0772985635e-10	0.0000000000e+00	0.0000000000e+00	0.0000000000e+00	0.0000000000e+00
2.4709920416e-01	2.4704676318e-05	1.0492551589e-05	5.5206680575e-10	3.0439772986e+00	2.4577253339e-01	1.2787109525e-04	3.9898712708e-16	7.5283989796e-01	1.8598665999e-05	5.7416039922e-08	7.8417954280e-06	6.1774801041e-02	2.2380262042e-11	3.9323765567e-10	0.0000000000e+00	0.0000000000e+00	0.0000000000e+00	0.0000000000e+00
2.4715018790e-01	2.4176253860e-05	1.0573092889e-05	5.4324716748e-10	3.0439772986e+00	2.4582333277e-01	1.2881744037e-04	3.9589006831e-16	7.5278953204e-01	1.8199630830e-05	5.7985597834e-08	7.9013280500e-06	6.1787546975e-02	2.1628857477e-11	3.8732192351e-10	0.0000000000e+00	0.0000000000e+00	0.0000000000e+00	0.0000000000e+00
2.4694776483e-01	2.4512905918e-05	1.0352955751e-05	5.4929541273e-10	3.0439772986e+00	2.4562164188e-01	1.2627273026e-04	4.0483716995e-16	7.5299192916e-01	1.8458020316e-05	6.0150311413e-08	7.7355418124e-06	6.1736941206e-02	2.2620035843e-11	3.9099497667e-10	0.0000000000e+00	0.0000000000e+00	0.0000000000e+00	0.0000000000e+00
2.4705406503e-01	2.4063831172e-05	1.0407531132e-05	5.7112189227e-10	3.0439772986e+00	2.4572755751e-01	1.2686593864e-04	3.9505012436e-16	7.5288619025e-01	1.8117326174e-05	5.7406103697e-08	7.7782803602e-06	6.1763516257e-02	2.0655181378e-11	4.0933460426e-10	0.0000000000e+00	0.0000000000e+00	0.0000000000e+00	0.0000000000e+00
2.4693209230e-01	2.4331620481e-05	1.0526084184e-05	5.7318596927e-10	3.0439772986e+00	2.4560602607e-01	1.2839514014e-04	3.9681210372e-16	7.5300748223e-01	1.8321892277e-05	5.8119355335e-08	7.8681007939e-06	6.1733023076e-02	2.4442946054e-11	4.0717037751e-10	0.0000000000e+00	0.0000000000e+00	0.0000000000e+00	0.0000000000e+00
2.4712672057e-01	2.4162494566e-05	1.0662952996e-05	5.8176413958e-10	3.0439772986e+00	2.4579995029e-01	1.2992860737e-04	3.8662146288e-16	7.5281281507e-01	1.8189835554e-05	5.7024336025e-08	7.9701833258e-06	6.1781680142e-02	2.1713603897e-11	4.1624589573e-10	0.0000000000e+00	0.0000000000e+00	0.0000000000e+00	0.0000000000e+00
2.4696742612e-01	2.4416305351e-05	1.0100316424e-05	5.2824084729e-10	3.0439772986e+00	2.4564123202e-01	1.2317843748e-04	4.0175884479e-16	7.5297298567e-01	1.8384818339e-05	5.9851673553e-08	7.5454137406e-06	6.1741856529e-02	2.0875446813e-11	3.7687564112e-10	0.0000000000e+00	0.0000000000e+00	0.0000000000e+00	0.0000000000e+00
2.4697615737e-01	2.4636600895e-05	1.0385794732e-05	5.3560487848e-10	3.0439772986e+00	2.4564993169e-01	1.2665387841e-04	4.0897609940e-16	7.5296327853e-01	1.8550455782e-05	5.8257155192e-08	7.7618648963e-06	6.1744039344e-02	2.0702028391e-11	3.8258877690e-10	0.0000000000e+00	0.0000000000e+00	0.0000000000e+00	0.0000000000e+00
2.4694049138e-01	2.4312529439e-05	1.0365947542e-05	5.4506649762e-10	3.0439772986e+00	2.4561439475e-01	1.2643617914e-04	3.9812613832e-16	7.5299947445e-01	1.8307321890e-05	5.8237579426e-08	7.7473154718e-06	6.1735122845e-02	2.0781298352e-11	3.8965348790e-10	0.0000000000e+00	0.0000000000e+00	0.0000000000e+00	0.0000000000e+00
2.4698933909e-01	2.4059867805e-05	1.0387911664e-05	5.6664626582e-10	3.0439772986e+00	2.4566306571e-01	1.2667086122e-04	3.9027922006e-16	7.5295096136e-01	1.8115900594e-05	5.7816067574e-08	7.7637720062e-06	6.1747334771e-02	2.1168575581e-11	4.0548827502e-10	0.0000000000e+00	0.0000000000e+00	0.0000000000e+00	0.0000000000e+00
2.4704906766e-01	2.3761874596e-05	1.0447525052e-05	5.5787324233e-10	3.0439772986e+00	2.4572257822e-01	1.2735694041e-04	3.8774948709e-16	7.5289155161e-01	1.7890114633e-05	5.7080077973e-08	7.8087732689e-06	6.1762266915e-02	2.0994757433e-11	3.9902329359e-10	0.0000000000e+00	0.0000000000e+00	0.0000000000e+00	0.0000000000e+00
2.4698376571e-01	2.3976325677e-05	1.0329543335e-05	5.3913899088e-10	3.0439772986e+00	2.4565751250e-01	1.2596293187e-04	3.9222299873e-16	7.5295679208e-01	1.8053137267e-05	5.9031638016e-08	7.7186681751e-06	6.1745941428e-02	2.0416956648e-11	3.8553140841e-10	0.0000000000e+00	0.0000000000e+00	0.0000000000e+00	0.0000000000e+00
2.4669664100e-01	2.4066886038e-05	1.0333077556e-05	5.5405748116e-10	3.0439772986e+00	2.4537142719e-01	1.2620076305e-04	3.9866251238e-16	7.5324374964e-01	1.8128231482e-05	5.9462251635e-08	7.7238638323e-06	6.1674160249e-02	2.2193578285e-11	3.9514675634e-10	0.0000000000e+00	0.0000000000e+00	0.0000000000e+00	0.0000000000e+00
2.4698901985e-01	2.4778465470e-05	1.0170325723e-05	5.4751107898e-10	3.0439772986e+00	2.4566274763e-01	1.2401771992e-04	4.1082973894e-16	7.5295069008e-01	1.8656962675e-05	5.8933576117e-08	7.5988201953e-06	6.1747254962e-02	2.2271092027e-11	3.8997775272e-10	0.0000000000e+00	0.0000000000e+00	0.0000000000e+00	0.0000000000e+00
2.4693110472e-01	2.4274805485e-05	1.0506213546e-05	5.5496573474e-10	3.0439772986e+00	2.4560504206e-01	1.2815346475e-04	3.9658368392e-16	7.5300860027e-01	1.8279137300e-05	5.8167569182e-08	7.8531015870e-06	6.1732776180e-02	2.1250575899e-11	3.9664339522e-10	0.0000000000e+00	0.0000000000e+00	0.0000000000e+00	0.0000000000e+00
2.4698544759e-01	2.4431658653e-05	1.0555170377e-05	5.6144217672e-10	3.0439772986e+00	2.4565918829e-01	1.2871295756e-04	3.9924244528e-16	7.5295391496e-01	1.8395913032e-05	5.8566928554e-08	7.8889899297e-06	6.1746361897e-02	2.0836389251e-11	4.0190369573e-10	0.0000000000e+00	0.0000000000e+00	0.0000000000e+00	0.0000000000e+00
2.4711084133e-01	2.4544568087e-05	1.0604801421e-05	5.5946480942e-10	3.0439772986e+00	2.4578412847e-01	1.2923098064e-04	4.1074036784e-16	7.5282824926e-01	1.8477844222e-05	5.8395214048e-08	7.9251988737e-06	6.1777710331e-02	2.1979157935e-11	3.9920175506e-10	0.0000000000e+00	0.0000000000e+00	0.0000000000e+00	0.0000000000e+00
2.4701626015e-01	2.4208737713e-05	1.0399073383e-05	5.4775977210e-10	3.0439772986e+00	2.4568988938e-01	1.2678857290e-04	3.9895333064e-16	7.5292379317e-01	1.8227334627e-05	5.8776329963e-08	7.7709334471e-06	6.1754065036e-02	2.1993264207e-11	3.9042810115e-10	0.0000000000e+00	0.0000000000e+00	0.0000000000e+00	0.0000000000e+00
2.4693440949e-01	2.4632685752e-05	1.0424326232e-05	5.4316043516e-10	3.0439772986e+00	2.4560833487e-01	1.2715229416e-04	4.1019467959e-16	7.5300494187e-01	1.8548534103e-05	6.0360634084e-08	7.7892085341e-06	6.1733602372e-02	2.1944612229e-11	3.8705787968e-10	0.0000000000e+00	0.0000000000e+00	0.0000000000e+00	0.0000000000e+00
2.4703472251e-01	2.4280374978e-05	1.0288538314e-05	5.4544636671e-10	3.0439772986e+00	2.4570828496e-01	1.2542846994e-04	3.9867032000e-16	7.5290547407e-01	1.8280827233e-05	5.8676154352e-08	7.6876206621e-06	6.1758680629e-02	2.1292033249e-11	3.8937752206e-10	0.0000000000e+00	0.0000000000e+00	0.0000000000e+00	0.0000000000e+00
2.4673376709e-01	2.3877551195e-05	1.0636349435e-05	5.9835893476e-10	3.0439772986e+00	2.4540841882e-01	1.2987869011e-04	3.8752589118e-16	7.5320622622e-01	1.7984720227e-05	5.6892600507e-08	7.9544720184e-06	6.1683441774e-02	2.2596821658e-11	4.2809085352e-10	0.0000000000e+00	0.0000000000e+00	0.0000000000e+00	0.0000000000e+00
2.4705455826e-01	2.4359886930e-05	1.0410941919e-05	5.3393714950e-10	3.0439772986e+00	2.4572804896e-01	1.2690710262e-04	3.9528076167e-16	7.5288524379e-01	1.8340199410e-05	5.8981399943e-08	7.7792631446e-06	6.1763639566e-02	2.1163917431e-11	3.8082948354e-10	0.0000000000e+00	0.0000000000e+00	0.0000000000e+00	0.0000000000e+00
2.4709811263e-01	2.4568430483e-05	1.0436578297e-05	5.4636953876e-10	3.0439772986e+00	2.4577144581e-01	1.2718975969e-04	4.0386578251e-16	7.5284132097e-01	1.8496129659e-05	5.9371570852e-08	7.7977158203e-06	6.1774528158e-02	2.3280998549e-11	3.8804856674e-10	0.0000000000e+00	0.0000000000e+00	0.0000000000e+00	0.0000000000e+00
2.4691128970e-01	2.3958558376e-05	1.0436633091e-05	5.7819108712e-10	3.0439772986e+00	2.4558529874e-01	1.2731840461e-04	3.8605821811e-16	7.5302904701e-01	1.8041490382e-05	5.8088163893e-08	7.8009997070e-06	6.1727822424e-02	2.1945675760e-11	4.1344900757e-10	0.0000000000e+00	0.0000000000e+00	0.0000000000e+00	0.0000000000e+00
2.4706740376e-01	2.4348774798e-05	1.0504297354e-05	5.8294054955e-10	3.0439772986e+00	2.4574084799e-01	1.2803621020e-04	4.0375922604e-16	7.5287220496e-01	1.8331515770e-05	5.9075773912e-08	7.8493177366e-06	6.1766850939e-02	2.1856604634e-11	4.1702313226e-10	0.0000000000e+00	0.0000000000e+00	0.0000000000e+00	0.0000000000e+00
2.4705367754e-01	2.4854651601e-05	1.0243993989e-05	5.3996180655e-10	3.0439772986e+00	2.4572717143e-01	1.2487257411e-04	4.1223532139e-16	7.5288575652e-01	1.8712713173e-05	5.8505642597e-08	7.6540515219e-06	6.1763419386e-02	2.1767544540e-11	3.8476200868e-10	0.0000000000e+00	0.0000000000e+00	0.0000000000e+00	0.0000000000e+00
2.4689960662e-01	2.4578007139e-05	1.0564234317e-05	5.6801542085e-10	3.0439772986e+00	2.4557365795e-01	1.2888292408e-04	4.0477086696e-16	7.5303950811e-01	1.8508210406e-05	5.8321525957e-08	7.8969642878e-06	6.1724901655e-02	2.3429572471e-11	4.0430848065e-10	0.0000000000e+00	0.0000000000e+00	0.0000000000e+00	0.0000000000e+00
2.4685643706e-01	2.4521453191e-05	1.0416569781e-05	5.6202233244e-10	3.0439772986e+00	2.4553064464e-01	1.2711100723e-04	4.0624892704e-16	7.5308309297e-01	1.8466691813e-05	5.8644686509e-08	7.7858979024e-06	6.1714109264e-02	2.2013375617e-11	4.0123614082e-10	0.0000000000e+00	0.0000000000e+00	0.0000000000e+00	0.0000000000e+00
2.4710388005e-01	2.4573641832e-05	1.0392288419e-05	5.6260520887e-10	3.0439772986e+00	2.4577719237e-01	1.2664609176e-04	4.0652192487e-16	7.5283564610e-01	1.8499913525e-05	5.8663220250e-08	7.7650219465e-06	6.1775970013e-02	2.2705550252e-11	4.0084370567e-10	0.0000000000e+00	0.0000000000e+00	0.0000000000e+00	0.0000000000e+00
2.4687187546e-01	2.4586336541e-05	1.0582056022e-05	5.6212499937e-10	3.0439772986e+00	2.4554602715e-01	1.2911959481e-04	4.0400425387e-16	7.5306718426e-01	1.8515163230e-05	5.9068706945e-08	7.9099304254e-06	6.1717968864e-02	2.2325666279e-11	4.0099222420e-10	0.0000000000e+00	0.0000000000e+00	0.0000000000e+00	0.0000000000e+00
2.4694674458e-01	2.4384169079e-05	1.0562139637e-05	5.7785755935e-10	3.0439772986e+00	2.4562062533e-01	1.2882475928e-04	3.9640246800e-16	7.5299267053e-01	1.8361100594e-05	5.8281891657e-08	7.8949318398e-06	6.1736686146e-02	2.1555894633e-11	4.1356661217e-10	0.0000000000e+00	0.0000000000e+00	0.0000000000e+00	0.0000000000e+00
2.4699263442e-01	2.4748267633e-05	1.0303794859e-05	5.5241732965e-10	3.0439772986e+00	2.4566634912e-01	1.2564276807e-04	4.0754136109e-16	7.5294681978e-01	1.8634129409e-05	5.9030241713e-08	7.6991793289e-06	6.1748158605e-02	2.0877811182e-11	3.9506306037e-10	0.0000000000e+00	0.0000000000e+00	0.0000000000e+00	0.0000000000e+00
2.4697683891e-01	2.4402872924e-05	1.0327457851e-05	5.5573992934e-10	3.0439772986e+00	2.4565061076e-01	1.2594208451e-04	3.9687438943e-16	7.5296308066e-01	1.8374462374e-05	5.8437216569e-08	7.7177572627e-06	6.1744209727e-02	2.0347609892e-11	3.9810403935e-10	0.0000000000e+00	0.0000000000e+00	0.0000000000e+00	0.0000000000e+00
2.4706205364e-01	2.3993566926e-05	1.0438936937e-05	5.5896039981e-10	3.0439772986e+00	2.4573551722e-01	1.2724331113e-04	3.9391562243e-16	7.5287823720e-01	1.8064234372e-05	5.8040412864e-08	7.8012080269e-06	6.1765513409e-02	2.1649747580e-11	3.9917937290e-10	0.0000000000e+00	0.0000000000e+00	0.0000000000e+00	0.0000000000e+00
2.4702288202e-01	2.4154883749e-05	1.0455468597e-05	5.6023223938e-10	3.0439772986e+00	2.4569648729e-01	1.2747161392e-04	3.9435628165e-16	7.5291712548e-01	1.8186625639e-05	5.8493296893e-08	7.8136080648e-06	6.1755720504e-02	2.1349280058e-11	4.0045916722e-10	0.0000000000e+00	0.0000000000e+00	0.0000000000e+00	0.0000000000e+00
2.4706748694e-01	2.4126635607e-05	1.0394049911e-05	5.5738567717e-10	3.0439772986e+00	2.4574093088e-01	1.2669245271e-04	3.9328309255e-16	7.5287270536e-01	1.8164285421e-05	5.8576746816e-08	7.7668197295e-06	6.1766871735e-02	2.2509087664e-11	3.9713137504e-10	0.0000000000e+00	0.0000000000e+00	0.0000000000e+00	0.0000000000e+00
2.4702556262e-01	2.4511936681e-05	1.0306132693e-05	5.7127680588e-10	3.0439772986e+00	2.4569915821e-01	1.2564908716e-04	4.0479994941e-16	7.5291424469e-01	1.8455386292e-05	5.8591733747e-08	7.7010423787e-06	6.1756390656e-02	2.3612537209e-11	4.0650990760e-10	0.0000000000e+00	0.0000000000e+00	0.0000000000e+00	0.0000000000e+00
2.4697503567e-01	2.4648260907e-05	1.0389155814e-05	5.4271377541e-10	3.0439772986e+00	2.4564881404e-01	1.2669562643e-04	4.0451592163e-16	7.5296437496e-01	1.8559262368e-05	5.7662853603e-08	7.7650013605e-06	6.1743758917e-02	2.1379148059e-11	3.8726499062e-10	0.0000000000e+00	0.0000000000e+00	0.0000000000e+00	0.0000000000e+00
2.4700126336e-01	2.3990081214e-05	1.0545908421e-05	5.6478264935e-10	3.0439772986e+00	2.4567494685e-01	1.2858919632e-04	3.8229183980e-16	7.5293878627e-01	1.8063062632e-05	5.7540466503e-08	7.8828830198e-06	6.1750315840e-02	2.2565963003e-11	4.0268079950e-10	0.0000000000e+00	0.0000000000e+00	0.0000000000e+00	0.0000000000e+00
2.4701576528e-01	2.4592685954e-05	1.0147569873e-05	5.1407424526e-10	3.0439772986e+00	2.4568939630e-01	1.2372249540e-04	4.0470373409e-16	7.5292427809e-01	1.8516430318e-05	6.0258144618e-08	7.5800935765e-06	6.1753941321e-02	2.3355290240e-11	3.6370368976e-10	0.0000000000e+00	0.0000000000e+00	0.0000000000e+00	0.0000000000e+00
2.4700390475e-01	2.4253940631e-05	1.0523903776e-05	5.6361712730e-10	3.0439772986e+00	2.4567757868e-01	1.2831900598e-04	3.9610250875e-16	7.5293579749e-01	1.8261660132e-05	5.8126688671e-08	7.8656971939e-06	6.1750976187e-02	2.0602877543e-11	4.0376463368e-10	0.0000000000e+00	0.0000000000e+00	0.0000000000e+00	0.0000000000e+00
2.4703443457e-01	2.4323659091e-05	1.0421251458e-05	5.5140432650e-10	3.0439772986e+00	2.4570799806e-01	1.2704652257e-04	4.0136180995e-16	7.5290539705e-01	1.8313414205e-05	5.9155332179e-08	7.7870611347e-06	6.1758608643e-02	2.1729678799e-11	3.9342561458e-10	0.0000000000e+00	0.0000000000e+00	0.0000000000e+00	0.0000000000e+00
2.4706150817e-01	2.4339700696e-05	1.0429280904e-05	5.4586696700e-10	3.0439772986e+00	2.4573497373e-01	1.2712589933e-04	4.0107754439e-16	7.5287828335e-01	1.8324832077e-05	5.7717328803e-08	7.7942617749e-06	6.1765377042e-02	2.2692579383e-11	3.8827880567e-10	0.0000000000e+00	0.0000000000e+00	0.0000000000e+00	0.0000000000e+00
2.4722403368e-01	2.4300893504e-05	1.0487201813e-05	5.6782615703e-10	3.0439772986e+00	2.4589691159e-01	1.2772029190e-04	3.9866428757e-16	7.5271569835e-01	1.8291664024e-05	5.8765066101e-08	7.8351163707e-06	6.1806008421e-02	2.0347321199e-11	4.0706434114e-10	0.0000000000e+00	0.0000000000e+00	0.0000000000e+00	0.0000000000e+00
2.4696359662e-01	2.4165621747e-05	1.0535323911e-05	5.5183179140e-10	3.0439772986e+00	2.4563741639e-01	1.2848611495e-04	3.9263519112e-16	7.5297620965e-01	1.8196138267e-05	5.7358480760e-08	7.8754897851e-06	6.1740899156e-02	2.0755042541e-11	3.9476116811e-10	0.0000000000e+00	0.0000000000e+00	0.0000000000e+00	0.0000000000e+00
2.4709903759e-01	2.3995845047e-05	1.0582851721e-05	5.8301246023e-10	3.0439772986e+00	2.4577236742e-01	1.2897183226e-04	3.8986706126e-16	7.5284092762e-01	1.8065054244e-05	5.7412563285e-08	7.9097913435e-06	6.1774759398e-02	2.1021570511e-11	4.1789407086e-10	0.0000000000e+00	0.0000000000e+00	0.0000000000e+00	0.0000000000e+00
2.4690297490e-01	2.4777035260e-05	1.0353060223e-05	5.3732479903e-10	3.0439772986e+00	2.4557701404e-01	1.2630435658e-04	4.0682907738e-16	7.5303631756e-01	1.8658007392e-05	5.8639215296e-08	7.7375911302e-06	6.1725743726e-02	2.3321447475e-11	3.8130364052e-10	0.0000000000e+00	0.0000000000e+00	0.0000000000e+00	0.0000000000e+00
2.4716373728e-01	2.4256402633e-05	1.0329334567e-05	5.5520386384e-10	3.0439772986e+00	2.4583683316e-01	1.2583851522e-04	3.9891799265e-16	7.5277641346e-01	1.8259647778e-05	5.9143857697e-08	7.7165355712e-06	6.1790934320e-02	2.2138695893e-11	3.9580567747e-10	0.0000000000e+00	0.0000000000e+00	0.0000000000e+00	0.0000000000e+00
2.4703133043e-01	2.4537393529e-05	1.0139592311e-05	5.4688231907e-10	3.0439772986e+00	2.4570490514e-01	1.2361490214e-04	4.0239547357e-16	7.5290881529e-01	1.8474419892e-05	5.8926895619e-08	7.5752615387e-06	6.1757832607e-02	2.1807746464e-11	3.8994477249e-10	0.0000000000e+00	0.0000000000e+00	0.0000000000e+00	0.0000000000e+00
2.4702455922e-01	2.4525102059e-05	1.0460073375e-05	5.6698415483e-10	3.0439772986e+00	2.4569815843e-01	1.2752650863e-04	4.0088982315e-16	7.5291488053e-01	1.8465314287e-05	5.8202169591e-08	7.8173427262e-06	6.1756139804e-02	2.1914159012e-11	4.0497664819e-10	0.0000000000e+00	0.0000000000e+00	0.0000000000e+00	0.0000000000e+00
2.4706929308e-01	2.4235893752e-05	1.0571035948e-05	5.7612710249e-10	3.0439772986e+00	2.4574273048e-01	1.2884837734e-04	3.9552167852e-16	7.5287033506e-01	1.8246485450e-05	5.8850605387e-08	7.8997687704e-06	6.1767323270e-02	2.2605374472e-11	4.1114363021e-10	0.0000000000e+00	0.0000000000e+00	0.0000000000e+00	0.0000000000e+00
2.4691327685e-01	2.4267503752e-05	1.0399353826e-05	5.7065860267e-10	3.0439772986e+00	2.4558727871e-01	1.2686220806e-04	3.9676586369e-16	7.5302667901e-01	1.8274077758e-05	5.8042151173e-08	7.7729487240e-06	6.1728319213e-02	2.2400809855e-11	4.0732034256e-10	0.0000000000e+00	0.0000000000e+00	0.0000000000e+00	0.0000000000e+00
2.4687807414e-01	2.4451448133e-05	1.0545747136e-05	5.8321805149e-10	3.0439772986e+00	2.4555220340e-01	1.2867232169e-04	4.0272048731e-16	7.5306127113e-01	1.8413438612e-05	5.8160336397e-08	7.8834334069e-06	6.1719518534e-02	2.3946999309e-11	4.1525192789e-10	0.0000000000e+00	0.0000000000e+00	0.0000000000e+00	0.0000000000e+00
2.4691414164e-01	2.4428763838e-05	1.0404570103e-05	5.8001937545e-10	3.0439772986e+00	2.4558814037e-01	1.2692520845e-04	3.9998140311e-16	7.5302555961e-01	1.8395483560e-05	5.7935054504e-08	7.7769721701e-06	6.1728535411e-02	2.1115227464e-11	4.1565418732e-10	0.0000000000e+00	0.0000000000e+00	0.0000000000e+00	0.0000000000e+00
2.4706721649e-01	2.4641739859e-05	1.0309378134e-05	5.5601843754e-10	3.0439772986e+00	2.4574066140e-01	1.2566047865e-04	4.1029813901e-16	7.5287239147e-01	1.8552085617e-05	5.8427586779e-08	7.7032185838e-06	6.1766804122e-02	2.1521047427e-11	3.9708988335e-10	0.0000000000e+00	0.0000000000e+00	0.0000000000e+00	0.0000000000e+00
2.4701372498e-01	2.4189514813e-05	1.0435731246e-05	5.6863799744e-10	3.0439772986e+00	2.4568736339e-01	1.2723724151e-04	3.9760360663e-16	7.5292627417e-01	1.8212921262e-05	5.9466458585e-08	7.7978697870e-06	6.1753431246e-02	2.3032169041e-11	4.0511031972e-10	0.0000000000e+00	0.0000000000e+00	0.0000000000e+00	0.0000000000e+00
2.4732647551e-01	2.3901107168e-05	1.0571687529e-05	5.8761413149e-10	3.0439772986e+00	2.4599898321e-01	1.2867844565e-04	3.9096680018e-16	7.5261367561e-01	1.7988300117e-05	5.7605425582e-08	7.8987911833e-06	6.1831618877e-02	2.2535362089e-11	4.1971106925e-10	0.0000000000e+00	0.0000000000e+00	0.0000000000e+00	0.0000000000e+00
2.4674719812e-01	2.4280534587e-05	1.0461513984e-05	5.6496650856e-10	3.0439772986e+00	2.4542180121e-01	1.2773453664e-04	3.9618466339e-16	7.5319258446e-01	1.8287918598e-05	5.7944111659e-08	7.8215906430e-06	6.1686799531e-02	2.1902363608e-11	4.0362622111e-10	0.0000000000e+00	0.0000000000e+00	0.0000000000e+00	0.0000000000e+00
2.4717321228e-01	2.4198630585e-05	1.0398606102e-05	5.5682816784e-10	3.0439772986e+00	2.4584627390e-01	1.2667596287e-04	3.9933460724e-16	7.5276686976e-01	1.8215927398e-05	5.7876908842e-08	7.7698492562e-06	6.1793303069e-02	2.1794223618e-11	3.9736757328e-10	0.0000000000e+00	0.0000000000e+00	0.0000000000e+00	0.0000000000e+00
2.4689989140e-01	2.4594604435e-05	1.0403727493e-05	5.6701617634e-10	3.0439772986e+00	2.4557394170e-01	1.2692461449e-04	4.0384488098e-16	7.5303956094e-01	1.8520710125e-05	5.8278121550e-08	7.7761402616e-06	6.1724972850e-02	2.1232969485e-11	4.0575264299e-10	0.0000000000e+00	0.0000000000e+00	0.0000000000e+00	0.0000000000e+00
2.4712610081e-01	2.4693338605e-05	1.0297542944e-05	5.4711129864e-10	3.0439772986e+00	2.4579933278e-01	1.2547649023e-04	4.1375567485e-16	7.5281346097e-01	1.8589477698e-05	5.9699766647e-08	7.6924291768e-06	6.1781525203e-02	1.9957530211e-11	3.9191522006e-10	0.0000000000e+00	0.0000000000e+00	0.0000000000e+00	0.0000000000e+00
2.4683364292e-01	2.4207865824e-05	1.0635837147e-05	5.7464598976e-10	3.0439772986e+00	2.4550793302e-01	1.2980258621e-04	3.9628182471e-16	7.5310586214e-01	1.8231085662e-05	5.7245161779e-08	7.9526661423e-06	6.1708410731e-02	2.1434346267e-11	4.1133491728e-10	0.0000000000e+00	0.0000000000e+00	0.0000000000e+00	0.0000000000e+00
2.4694916484e-01	2.4618983359e-05	1.0361220730e-05	5.6516690303e-10	3.0439772986e+00	2.4562303682e-01	1.2637255505e-04	4.0500718725e-16	7.5299035078e-01	1.8537856915e-05	5.9966903785e-08	7.7419323283e-06	6.1737291209e-02	2.3876710399e-11	4.0168851416e-10	0.0000000000e+00	0.0000000000e+00	0.0000000000e+00	0.0000000000e+00
2.4701874520e-01	2.4429061662e-05	1.0316975366e-05	5.3562597853e-10	3.0439772986e+00	2.4569236544e-01	1.2578590464e-04	4.0262340367e-16	7.5292116205e-01	1.8393157494e-05	5.8290433958e-08	7.7095786478e-06	6.1754686300e-02	2.2023134525e-11	3.8126099966e-10	0.0000000000e+00	0.0000000000e+00	0.0000000000e+00	0.0000000000e+00
2.4700826765e-01	2.4065984997e-05	1.0547915380e-05	5.7664068776e-10	3.0439772986e+00	2.4568192579e-01	1.2860880408e-04	3.9059163011e-16	7.5293166365e-01	1.8120042121e-05	5.7403059431e-08	7.8844564155e-06	6.1752066912e-02	2.2027037975e-11	4.1214399439e-10	0.0000000000e+00	0.0000000000e+00	0.0000000000e+00	0.0000000000e+00
2.4705794906e-01	2.4255502470e-05	1.0387665856e-05	5.4934636485e-10	3.0439772986e+00	2.4573142749e-01	1.2662109968e-04	3.9744943686e-16	7.5288206292e-01	1.8261532736e-05	5.7497298123e-08	7.7631900004e-06	6.1764487265e-02	2.0646248838e-11	3.9294677559e-10	0.0000000000e+00	0.0000000000e+00	0.0000000000e+00	0.0000000000e+00
2.4691464132e-01	2.4304809378e-05	1.0332324956e-05	5.8582829760e-10	3.0439772986e+00	2.4558863824e-01	1.2604361073e-04	3.9929028624e-16	7.5302540980e-01	1.8302139042e-05	5.7980153657e-08	7.7225230803e-06	6.1728660331e-02	2.2268773978e-11	4.1887481990e-10	0.0000000000e+00	0.0000000000e+00	0.0000000000e+00	0.0000000000e+00
2.4700520303e-01	2.4186364349e-05	1.0264167672e-05	5.3472008220e-10	3.0439772986e+00	2.4567887227e-01	1.2515125867e-04	3.9621168705e-16	7.5293518786e-01	1.8210764784e-05	5.8997540049e-08	7.6692554741e-06	6.1751300758e-02	2.0634286087e-11	3.8197527946e-10	0.0000000000e+00	0.0000000000e+00	0.0000000000e+00	0.0000000000e+00
2.4680745579e-01	2.4249618690e-05	1.0362156750e-05	5.6684884711e-10	3.0439772986e+00	2.4548184069e-01	1.2648042672e-04	3.9908513145e-16	7.5313260263e-01	1.8263178437e-05	5.8961808760e-08	7.7451162729e-06	6.1701863947e-02	2.2386754024e-11	4.0452559350e-10	0.0000000000e+00	0.0000000000e+00	0.0000000000e+00	0.0000000000e+00
2.4705705452e-01	2.4880707189e-05	1.0368016010e-05	5.3947031722e-10	3.0439772986e+00	2.4573053619e-01	1.2638203385e-04	4.1349775766e-16	7.5288206048e-01	1.8732238095e-05	5.9627461117e-08	7.7462657959e-06	6.1764263631e-02	2.3181766118e-11	3.8297575788e-10	0.0000000000e+00	0.0000000000e+00	0.0000000000e+00	0.0000000000e+00
2.4697628151e-01	2.4046957706e-05	1.0414145931e-05	5.5964220600e-10	3.0439772986e+00	2.4565005537e-01	1.2699967303e-04	3.8914454872e-16	7.5296397813e-01	1.8106492936e-05	5.7883024293e-08	7.7835937248e-06	6.1744070376e-02	2.3068010401e-11	3.9832241136e-10	0.0000000000e+00	0.0000000000e+00	0.0000000000e+00	0.0000000000e+00
2.4712102985e-01	2.3795251290e-05	1.0373037572e-05	5.6249697925e-10	3.0439772986e+00	2.4579428015e-01	1.2640004249e-04	3.8744434137e-16	7.5281971304e-01	1.7913534248e-05	5.9458902761e-08	7.7495682656e-06	6.1780257462e-02	2.0284134836e-11	4.0317467967e-10	0.0000000000e+00	0.0000000000e+00	0.0000000000e+00	0.0000000000e+00
2.4702761076e-01	2.4290125192e-05	1.0538335080e-05	5.6737576610e-10	3.0439772986e+00	2.4570119893e-01	1.2847857749e-04	3.9910384533e-16	7.5291200628e-01	1.8288326891e-05	5.7944337480e-08	7.8764946705e-06	6.1756902689e-02	2.2053189436e-11	4.0513083694e-10	0.0000000000e+00	0.0000000000e+00	0.0000000000e+00	0.0000000000e+00
2.4699698472e-01	2.3924276898e-05	1.0499227496e-05	5.3582130687e-10	3.0439772986e+00	2.4567068368e-01	1.2802298270e-04	3.9227495084e-16	7.5294326925e-01	1.8013623262e-05	5.8227479735e-08	7.8470951957e-06	6.1749246179e-02	2.1352886414e-11	3.8209016011e-10	0.0000000000e+00	0.0000000000e+00	0.0000000000e+00	0.0000000000e+00
2.4706358249e-01	2.4643732066e-05	1.0406742124e-05	5.6227273706e-10	3.0439772986e+00	2.4573704054e-01	1.2684968375e-04	4.0779288643e-16	7.5287580226e-01	1.8553669550e-05	5.8922086297e-08	7.7760622395e-06	6.1765895621e-02	2.3777659396e-11	3.9954387861e-10	0.0000000000e+00	0.0000000000e+00	0.0000000000e+00	0.0000000000e+00
2.4683024003e-01	2.4749161487e-05	1.0325275099e-05	5.6067398987e-10	3.0439772986e+00	2.4550454245e-01	1.2601469195e-04	4.0493179818e-16	7.5310915119e-01	1.8638820001e-05	5.9171888035e-08	7.7168872777e-06	6.1707560008e-02	2.2306580493e-11	3.9994213211e-10	0.0000000000e+00	0.0000000000e+00	0.0000000000e+00	0.0000000000e+00
2.4684959469e-01	2.4993806545e-05	1.0278771294e-05	5.1073015727e-10	3.0439772986e+00	2.4552382704e-01	1.2543403369e-04	4.1833047551e-16	7.5308953497e-01	1.8822574148e-05	5.8970255151e-08	7.6818648388e-06	6.1712398672e-02	2.2047611514e-11	3.6257792512e-10	0.0000000000e+00	0.0000000000e+00	0.0000000000e+00	0.0000000000e+00
2.4700178769e-01	2.4484131563e-05	1.0459052962e-05	5.5996011666e-10	3.0439772986e+00	2.4567546927e-01	1.2752969125e-04	3.9923837899e-16	7.5293771427e-01	1.8435026054e-05	5.7252600791e-08	7.8177628297e-06	6.1750446921e-02	2.0174495805e-11	4.0144059451e-10	0.0000000000e+00	0.0000000000e+00	0.0000000000e+00	0.0000000000e+00
2.4692907735e-01	2.4141268098e-05	1.0283616005e-05	5.7573254948e-10	3.0439772986e+00	2.4560302202e-01	1.2543973293e-04	3.9582203867e-16	7.5301133129e-01	1.8178648429e-05	5.8382191749e-08	7.6852971867e-06	6.1732269337e-02	2.1336101179e-11	4.1219703237e-10	0.0000000000e+00	0.0000000000e+00	0.0000000000e+00	0.0000000000e+00
2.4727726104e-01	2.4046207130e-05	1.0429413251e-05	5.7053912237e-10	3.0439772986e+00	2.4594994658e-01	1.2698027014e-04	3.9549441331e-16	7.5266298907e-01	1.8098690134e-05	5.7946202795e-08	7.7918871488e-06	6.1819315261e-02	2.1620513001e-11	4.0780316822e-10	0.0000000000e+00	0.0000000000e+00	0.0000000000e+00	0.0000000000e+00
2.4693303287e-01	2.4466690558e-05	1.0272223327e-05	5.6122480127e-10	3.0439772986e+00	2.4560696323e-01	1.2529802230e-04	4.0305654605e-16	7.5300691184e-01	1.8423587100e-05	5.9085091410e-08	7.6759700736e-06	6.1733258217e-02	2.2194712357e-11	4.0041144210e-10	0.0000000000e+00	0.0000000000e+00	0.0000000000e+00	0.0000000000e+00
2.4687298578e-01	2.4478012666e-05	1.0522595294e-05	5.7227602679e-10	3.0439772986e+00	2.4554713346e-01	1.2839335387e-04	4.0019589889e-16	7.5306637143e-01	1.8433568178e-05	5.7439043110e-08	7.8667736133e-06	6.1718246446e-02	2.1113206991e-11	4.0984862396e-10	0.0000000000e+00	0.0000000000e+00	0.0000000000e+00	0.0000000000e+00
2.4700574658e-01	2.4522411410e-05	1.0582958654e-05	5.5000144745e-10	3.0439772986e+00	2.4567941384e-01	1.2903769803e-04	4.0538228060e-16	7.5293341825e-01	1.8463743047e-05	5.8443478141e-08	7.9098197562e-06	6.1751436644e-02	2.1294282808e-11	3.9282018706e-10	0.0000000000e+00	0.0000000000e+00	0.0000000000e+00	0.0000000000e+00
2.4709923907e-01	2.4201378083e-05	1.0373959649e-05	5.5179909990e-10	3.0439772986e+00	2.4577256817e-01	1.2642598221e-04	3.9900528928e-16	7.5284088863e-01	1.8219786982e-05	5.8634762095e-08	7.7513062384e-06	6.1774809767e-02	2.1891956592e-11	3.9352496813e-10	0.0000000000e+00	0.0000000000e+00	0.0000000000e+00	0.0000000000e+00
2.4709797006e-01	2.4214364458e-05	1.0279664686e-05	5.6302587487e-10	3.0439772986e+00	2.4577130375e-01	1.2527770951e-04	3.9525334935e-16	7.5284235088e-01	1.8229599064e-05	5.9285492781e-08	7.6796814358e-06	6.1774492515e-02	2.3258185224e-11	4.0061153802e-10	0.0000000000e+00	0.0000000000e+00	0.0000000000e+00	0.0000000000e+00
2.4705066874e-01	2.4444407679e-05	1.0402088048e-05	5.7215946762e-10	3.0439772986e+00	2.4572417350e-01	1.2680180911e-04	4.0232518308e-16	7.5288902554e-01	1.8403926278e-05	5.8510878769e-08	7.7731070556e-06	6.1762667185e-02	2.2577236575e-11	4.0819534746e-10	0.0000000000e+00	0.0000000000e+00	0.0000000000e+00	0.0000000000e+00
2.4682255914e-01	2.4312529422e-05	1.0432586708e-05	5.6638037592e-10	3.0439772986e+00	2.4549688936e-01	1.2732970607e-04	3.9542549330e-16	7.5311724662e-01	1.8310185216e-05	5.7757047206e-08	7.7992039297e-06	6.1705639786e-02	2.2157527991e-11	4.0439330126e-10	0.0000000000e+00	0.0000000000e+00	0.0000000000e+00	0.0000000000e+00
2.4711038546e-01	2.4402436312e-05	1.0483624301e-05	5.6370194462e-10	3.0439772986e+00	2.4578367425e-01	1.2775470208e-04	4.0109272360e-16	7.5282919270e-01	1.8370866429e-05	5.7778024605e-08	7.8346003945e-06	6.1777596365e-02	2.1334154732e-11	4.0303712516e-10	0.0000000000e+00	0.0000000000e+00	0.0000000000e+00	0.0000000000e+00
2.4720332019e-01	2.4102488817e-05	1.0345928784e-05	5.5862886607e-10	3.0439772986e+00	2.4587627297e-01	1.2601390108e-04	3.9543974382e-16	7.5273702791e-01	1.8142835797e-05	5.7612092647e-08	7.7301515914e-06	6.1800830048e-02	2.1932897850e-11	3.9856773450e-10	0.0000000000e+00	0.0000000000e+00	0.0000000000e+00	0.0000000000e+00
2.4691908471e-01	2.4328067426e-05	1.0373202782e-05	5.3932031327e-10	3.0439772986e+00	2.4559306555e-01	1.2653923253e-04	3.9580438817e-16	7.5302083965e-01	1.8319541760e-05	5.8164651795e-08	7.7530732171e-06	6.1729771178e-02	2.1944951847e-11	3.8417448329e-10	0.0000000000e+00	0.0000000000e+00	0.0000000000e+00	0.0000000000e+00
2.4710364263e-01	2.4577178252e-05	1.0472740209e-05	5.5631899451e-10	3.0439772986e+00	2.4577695580e-01	1.2762665229e-04	4.0515413749e-16	7.5283569653e-01	1.8502577108e-05	5.7852208680e-08	7.8264004609e-06	6.1775910657e-02	2.3445101124e-11	3.9537169660e-10	0.0000000000e+00	0.0000000000e+00	0.0000000000e+00	0.0000000000e+00
2.4681594894e-01	2.4405775037e-05	1.0280415959e-05	5.3824673959e-10	3.0439772986e+00	2.4549030309e-01	1.2547695782e-04	4.0185345334e-16	7.5312405978e-01	1.8380576378e-05	5.7891714462e-08	7.6845368890e-06	6.1703987236e-02	2.1969944473e-11	3.8339662521e-10	0.0000000000e+00	0.0000000000e+00	0.0000000000e+00	0.0000000000e+00
2.4698782627e-01	2.4638214829e-05	1.0287896573e-05	5.4491959033e-10	3.0439772986e+00	2.4566155837e-01	1.2545218379e-04	4.0380634178e-16	7.5295182921e-01	1.8551388924e-05	5.9320777245e-08	7.6869697664e-06	6.1746956568e-02	2.1637454827e-11	3.8866074749e-10	0.0000000000e+00	0.0000000000e+00	0.0000000000e+00	0.0000000000e+00
2.4692748555e-01	2.4719563841e-05	1.0263039545e-05	5.4677933750e-10	3.0439772986e+00	2.4560143598e-01	1.2518967551e-04	4.0893396980e-16	7.5301209873e-01	1.8614130647e-05	5.7676452207e-08	7.6705164951e-06	6.1731871387e-02	2.2044436104e-11	3.8968702037e-10	0.0000000000e+00	0.0000000000e+00	0.0000000000e+00	0.0000000000e+00
2.4704987402e-01	2.4100039261e-05	1.0529521549e-05	5.7373810434e-10	3.0439772986e+00	2.4572338166e-01	1.2835581553e-04	3.9329002980e-16	7.5289005088e-01	1.8144679785e-05	5.7187898222e-08	7.8703841162e-06	6.1762468506e-02	2.1486429195e-11	4.1047528137e-10	0.0000000000e+00	0.0000000000e+00	0.0000000000e+00	0.0000000000e+00
2.4717012089e-01	2.4134602107e-05	1.0403951158e-05	5.4931608892e-10	3.0439772986e+00	2.4584319369e-01	1.2674319624e-04	3.9373689410e-16	7.5277004526e-01	1.8167805520e-05	5.7825224764e-08	7.7739575592e-06	6.1792530223e-02	2.2508422165e-11	3.9100027495e-10	0.0000000000e+00	0.0000000000e+00	0.0000000000e+00	0.0000000000e+00
2.4714887917e-01	2.4526600029e-05	1.0478747868e-05	5.7253275904e-10	3.0439772986e+00	2.4582202877e-01	1.2766883099e-04	4.0291833290e-16	7.5279052612e-01	1.8463392140e-05	5.8168079650e-08	7.8301340411e-06	6.1787219792e-02	2.1615381186e-11	4.0938185572e-10	0.0000000000e+00	0.0000000000e+00	0.0000000000e+00	0.0000000000e+00
2.4682283961e-01	2.4719272418e-05	1.0302967821e-05	5.4154935376e-10	3.0439772986e+00	2.4549716881e-01	1.2574746466e-04	4.0648178289e-16	7.5311664654e-01	1.8616495548e-05	5.8022348215e-08	7.7013142268e-06	6.1705709902e-02	2.2877912709e-11	3.8497192053e-10	0.0000000000e+00	0.0000000000e+00	0.0000000000e+00	0.0000000000e+00
2.4707938617e-01	2.3812733480e-05	1.0387588828e-05	5.4415556777e-10	3.0439772986e+00	2.4575278707e-01	1.2660568236e-04	3.8796556808e-16	7.5286129435e-01	1.7927685350e-05	5.8887403854e-08	7.7615261666e-06	6.1769846542e-02	2.0676960471e-11	3.8899670461e-10	0.0000000000e+00	0.0000000000e+00	0.0000000000e+00	0.0000000000e+00
2.4707508859e-01	2.4233888447e-05	1.0342792960e-05	5.4262598464e-10	3.0439772986e+00	2.4574850503e-01	1.2606252574e-04	3.9319161721e-16	7.5286505868e-01	1.8244847848e-05	5.8347095273e-08	7.7283803336e-06	6.1768772147e-02	2.2305108439e-11	3.8621903532e-10	0.0000000000e+00	0.0000000000e+00	0.0000000000e+00	0.0000000000e+00
2.4694107808e-01	2.4269908134e-05	1.0418206426e-05	5.5170924731e-10	3.0439772986e+00	2.4561497933e-01	1.2707318444e-04	3.9507494737e-16	7.5299883390e-01	1.8275212524e-05	5.7182554444e-08	7.7877147356e-06	6.1735269520e-02	2.2086237980e-11	3.9335018190e-10	0.0000000000e+00	0.0000000000e+00	0.0000000000e+00	0.0000000000e+00
2.4709834670e-01	2.3796902052e-05	1.0544303907e-05	5.7472869907e-10	3.0439772986e+00	2.4577167902e-01	1.2850259828e-04	3.9239116149e-16	7.5284200508e-01	1.7915307455e-05	5.8162782129e-08	7.8800321130e-06	6.1774586674e-02	2.0715504504e-11	4.1196440168e-10	0.0000000000e+00	0.0000000000e+00	0.0000000000e+00	0.0000000000e+00
2.4720656659e-01	2.4400535303e-05	1.0558000999e-05	5.7280760789e-10	3.0439772986e+00	2.4587950763e-01	1.2859454886e-04	4.0399685474e-16	7.5273285417e-01	1.8367084582e-05	5.7999506830e-08	7.8893547194e-06	6.1801641647e-02	2.1951666777e-11	4.0921943880e-10	0.0000000000e+00	0.0000000000e+00	0.0000000000e+00	0.0000000000e+00
2.4679344778e-01	2.4239246006e-05	1.0206438967e-05	5.5937488153e-10	3.0439772986e+00	2.4546788340e-01	1.2458918538e-04	3.9994977527e-16	7.5314697699e-01	1.8255714854e-05	5.8149793665e-08	7.6287988603e-06	6.1698361946e-02	2.1634380327e-11	3.9965712070e-10	0.0000000000e+00	0.0000000000e+00	0.0000000000e+00	0.0000000000e+00
2.4707506169e-01	2.4450247549e-05	1.0300305768e-05	5.5129210140e-10	3.0439772986e+00	2.4574847823e-01	1.2554465291e-04	4.0847242560e-16	7.5286485572e-01	1.8407732093e-05	5.8164842547e-08	7.6965733733e-06	6.1768765423e-02	2.0349479581e-11	3.9469896880e-10	0.0000000000e+00	0.0000000000e+00	0.0000000000e+00	0.0000000000e+00
2.4701394906e-01	2.4184002653e-05	1.0409049256e-05	5.8278304309e-10	3.0439772986e+00	2.4568758665e-01	1.2691178104e-04	3.9723614570e-16	7.5292611860e-01	1.8208767249e-05	5.8286752504e-08	7.7789583019e-06	6.1753487265e-02	2.1929056040e-11	4.1686351858e-10	0.0000000000e+00	0.0000000000e+00	0.0000000000e+00	0.0000000000e+00
2.4709509467e-01	2.4329081876e-05	1.0285030932e-05	5.2959418604e-10	3.0439772986e+00	2.4576843876e-01	1.2534501420e-04	3.9986475249e-16	7.5284504138e-01	1.8316028652e-05	5.8498516816e-08	7.6845360207e-06	6.1773773668e-02	2.1160581391e-11	3.7754177551e-10	0.0000000000e+00	0.0000000000e+00	0.0000000000e+00	0.0000000000e+00
2.4699746826e-01	2.3954557505e-05	1.0516758587e-05	5.5630007560e-10	3.0439772986e+00	2.4567116547e-01	1.2823640122e-04	3.8922160408e-16	7.5294270044e-01	1.8036409216e-05	5.7775512913e-08	7.8607410971e-06	6.1749367065e-02	2.0658324018e-11	3.9820375716e-10	0.0000000000e+00	0.0000000000e+00	0.0000000000e+00	0.0000000000e+00
2.4697914417e-01	2.4744949420e-05	1.0304442746e-05	5.4142804702e-10	3.0439772986e+00	2.4565290768e-01	1.2565978325e-04	4.0680560182e-16	7.5296031254e-01	1.8631964849e-05	5.9046675704e-08	7.6997897550e-06	6.1744786041e-02	2.1541864293e-11	3.8613196721e-10	0.0000000000e+00	0.0000000000e+00	0.0000000000e+00	0.0000000000e+00
2.4706204548e-01	2.4034350572e-05	1.0594681869e-05	5.6758041192e-10	3.0439772986e+00	2.4573550909e-01	1.2914166728e-04	3.9010525207e-16	7.5287783217e-01	1.8094929756e-05	5.8157551626e-08	7.9183435667e-06	6.1765511369e-02	2.3518780423e-11	4.0379992968e-10	0.0000000000e+00	0.0000000000e+00	0.0000000000e+00	0.0000000000e+00
2.4710659788e-01	2.4050055666e-05	1.0496725747e-05	5.7383842990e-10	3.0439772986e+00	2.4577990037e-01	1.2791704713e-04	3.9298670437e-16	7.5283348086e-01	1.8105687122e-05	5.7344118630e-08	7.8449424631e-06	6.1776649471e-02	2.2156592373e-11	4.0984819026e-10	0.0000000000e+00	0.0000000000e+00	0.0000000000e+00	0.0000000000e+00
2.4697742049e-01	2.4125648791e-05	1.0359176924e-05	5.4231681314e-10	3.0439772986e+00	2.4565119024e-01	1.2632855770e-04	3.9606991154e-16	7.5296284499e-01	1.8165717151e-05	5.8357354541e-08	7.7417179743e-06	6.1744355123e-02	2.2508864188e-11	3.8583554632e-10	0.0000000000e+00	0.0000000000e+00	0.0000000000e+00	0.0000000000e+00
2.4674226244e-01	2.4151006670e-05	1.0317370916e-05	5.9794688000e-10	3.0439772986e+00	2.4541688340e-01	1.2597798980e-04	3.9255767718e-16	7.5319804036e-01	1.8190490896e-05	5.8241556770e-08	7.7127819985e-06	6.1685565609e-02	2.1116195402e-11	4.2925622285e-10	0.0000000000e+00	0.0000000000e+00	0.0000000000e+00	0.0000000000e+00
2.4709975844e-01	2.4021051358e-05	1.0440025005e-05	5.5790741855e-10	3.0439772986e+00	2.4577308567e-01	1.2723077686e-04	3.8941658981e-16	7.5284049156e-01	1.8084020112e-05	5.8222754943e-08	7.8014508020e-06	6.1774939611e-02	2.1542012284e-11	3.9847328294e-10	0.0000000000e+00	0.0000000000e+00	0.0000000000e+00	0.0000000000e+00
2.4660543848e-01	2.4360545748e-05	1.0291484703e-05	5.5045606442e-10	3.0439772986e+00	2.4528055507e-01	1.2575442820e-04	4.0112195775e-16	7.5333459654e-01	1.8351641903e-05	5.8384288650e-08	7.6945471878e-06	6.1651359619e-02	2.2281480066e-11	3.9239611714e-10	0.0000000000e+00	0.0000000000e+00	0.0000000000e+00	0.0000000000e+00
2.4684392339e-01	2.4777310104e-05	1.0267766453e-05	5.5987067814e-10	3.0439772986e+00	2.4551817627e-01	1.2530361994e-04	4.0989627884e-16	7.5309555647e-01	1.8659682141e-05	5.8865956684e-08	7.6737433337e-06	6.1710980848e-02	2.2889458166e-11	3.9874666174e-10	0.0000000000e+00	0.0000000000e+00	0.0000000000e+00	0.0000000000e+00
2.4686199029e-01	2.4518244199e-05	1.0303361521e-05	5.2162710805e-10	3.0439772986e+00	2.4553617777e-01	1.2572584102e-04	4.0432789776e-16	7.5307780097e-01	1.8464145425e-05	5.7997427039e-08	7.7012354096e-06	6.1715497573e-02	2.0948481479e-11	3.7187731398e-10	0.0000000000e+00	0.0000000000e+00	0.0000000000e+00	0.0000000000e+00
2.4692794503e-01	2.4343645863e-05	1.0444384535e-05	5.4824045335e-10	3.0439772986e+00	2.4560189380e-01	1.2740145314e-04	3.9903175763e-16	7.5301179574e-01	1.8331052486e-05	5.8490779091e-08	7.8062539753e-06	6.1731986259e-02	2.1269547439e-11	3.9156198083e-10	0.0000000000e+00	0.0000000000e+00	0.0000000000e+00	0.0000000000e+00
2.4710322504e-01	2.4818387456e-05	1.0321749750e-05	5.5178480649e-10	3.0439772986e+00	2.4577653972e-01	1.2578687700e-04	4.1060254747e-16	7.5283609194e-01	1.8684177821e-05	5.7327603848e-08	7.7132581396e-06	6.1775806259e-02	2.0453421732e-11	3.9495009558e-10	0.0000000000e+00	0.0000000000e+00	0.0000000000e+00	0.0000000000e+00
2.4680128067e-01	2.4648173760e-05	1.0421358273e-05	5.5290223083e-10	3.0439772986e+00	2.4547568792e-01	1.2720714182e-04	4.0738067881e-16	7.5313804330e-01	1.8563477357e-05	5.7771348352e-08	7.7909500297e-06	6.1700320166e-02	2.2158980470e-11	3.9425272379e-10	0.0000000000e+00	0.0000000000e+00	0.0000000000e+00	0.0000000000e+00
2.4710799486e-01	2.4415782893e-05	1.0372587943e-05	5.2248220576e-10	3.0439772986e+00	2.4578129230e-01	1.2640326269e-04	4.0394038942e-16	7.5283181399e-01	1.8380978125e-05	5.9097265097e-08	7.7497169318e-06	6.1776998716e-02	2.0815267131e-11	3.7252595961e-10	0.0000000000e+00	0.0000000000e+00	0.0000000000e+00	0.0000000000e+00
2.4686577326e-01	2.4587653230e-05	1.0425495026e-05	5.3544904100e-10	3.0439772986e+00	2.4553994705e-01	1.2721351140e-04	4.0619855358e-16	7.5307363779e-01	1.8516313463e-05	5.8475775764e-08	7.7926896894e-06	6.1716443316e-02	2.2913381406e-11	3.8031917575e-10	0.0000000000e+00	0.0000000000e+00	0.0000000000e+00	0.0000000000e+00
2.4680385082e-01	2.3948422746e-05	1.0585060265e-05	5.7400759513e-10	3.0439772986e+00	2.4547824877e-01	1.2920368279e-04	3.8858645514e-16	7.5313615734e-01	1.8036423082e-05	5.8092174120e-08	7.9138994387e-06	6.1700962704e-02	2.1168289529e-11	4.1113758495e-10	0.0000000000e+00	0.0000000000e+00	0.0000000000e+00	0.0000000000e+00
2.4697528768e-01	2.4603839630e-05	1.0528577128e-05	5.7692752114e-10	3.0439772986e+00	2.4564906514e-01	1.2839565132e-04	4.0312956666e-16	7.5296387477e-01	1.8525802422e-05	5.8150159214e-08	7.8694880710e-06	6.1743821919e-02	2.1508444854e-11	4.1289713692e-10	0.0000000000e+00	0.0000000000e+00	0.0000000000e+00	0.0000000000e+00
2.4689824063e-01	2.4258276202e-05	1.0179328841e-05	5.3928070516e-10	3.0439772986e+00	2.4557229690e-01	1.2418823918e-04	3.9612858725e-16	7.5304222512e-01	1.8267506289e-05	5.8275672394e-08	7.6071887681e-06	6.1724560158e-02	2.1180204487e-11	3.8492093769e-10	0.0000000000e+00	0.0000000000e+00	0.0000000000e+00	0.0000000000e+00
2.4692094778e-01	2.4403628503e-05	1.0409133817e-05	5.5392207105e-10	3.0439772986e+00	2.4559492187e-01	1.2697623812e-04	3.9716444324e-16	7.5301878170e-01	1.8376390604e-05	5.8479247392e-08	7.7797940182e-06	6.1730236945e-02	2.1943362763e-11	3.9517036034e-10	0.0000000000e+00	0.0000000000e+00	0.0000000000e+00	0.0000000000e+00
2.4687620630e-01	2.4403774150e-05	1.0430287506e-05	5.6707522361e-10	3.0439772986e+00	2.4555034232e-01	1.2726489338e-04	3.9773611990e-16	7.5306347153e-01	1.8377590880e-05	5.7851019287e-08	7.7968174989e-06	6.1719051574e-02	2.1304783478e-11	4.0573885303e-10	0.0000000000e+00	0.0000000000e+00	0.0000000000e+00	0.0000000000e+00
2.4710337306e-01	2.4286983208e-05	1.0429290924e-05	5.4966243743e-10	3.0439772986e+00	2.4577668721e-01	1.2709742958e-04	3.9957514171e-16	7.5283650114e-01	1.8284127461e-05	5.8445692557e-08	7.7931051963e-06	6.1775843265e-02	2.0556914403e-11	3.9324903180e-10	0.0000000000e+00	0.0000000000e+00	0.0000000000e+00	0.0000000000e+00
2.4697618113e-01	2.4265127123e-05	1.0397556092e-05	5.5876492231e-10	3.0439772986e+00	2.4564995536e-01	1.2679738070e-04	3.9316261558e-16	7.5296378746e-01	1.8270762022e-05	5.8177037314e-08	7.7708061782e-06	6.1744045282e-02	2.1443254005e-11	3.9928649820e-10	0.0000000000e+00	0.0000000000e+00	0.0000000000e+00	0.0000000000e+00
2.4700929000e-01	2.4384437780e-05	1.0253669454e-05	5.4243973717e-10	3.0439772986e+00	2.4568294445e-01	1.2502046085e-04	4.0562246359e-16	7.5293082664e-01	1.8359794895e-05	5.9422968795e-08	7.6608808490e-06	6.1752322500e-02	2.1809243355e-11	3.8661035635e-10	0.0000000000e+00	0.0000000000e+00	0.0000000000e+00	0.0000000000e+00
2.4698428873e-01	2.4983073640e-05	1.0200818633e-05	5.4368764189e-10	3.0439772986e+00	2.4565803362e-01	1.2439265479e-04	4.1407247453e-16	7.5295504387e-01	1.8811131309e-05	5.8318625384e-08	7.6224392163e-06	6.1746072182e-02	2.2097778413e-11	3.8727457384e-10	0.0000000000e+00	0.0000000000e+00	0.0000000000e+00	0.0000000000e+00
2.4698442903e-01	2.4537262683e-05	1.0520538778e-05	5.5248216294e-10	3.0439772986e+00	2.4565817342e-01	1.2829133815e-04	3.9957279243e-16	7.5295485269e-01	1.8475451009e-05	5.7360287919e-08	7.8641304375e-06	6.1746107257e-02	2.3289978934e-11	3.9270414667e-10	0.0000000000e+00	0.0000000000e+00	0.0000000000e+00	0.0000000000e+00
2.4685226059e-01	2.4060446824e-05	1.0485633880e-05	5.8672814288e-10	3.0439772986e+00	2.4552648329e-01	1.2795674640e-04	3.9156022480e-16	7.5308780725e-01	1.8119629140e-05	5.8161865781e-08	7.8384411608e-06	6.1713065148e-02	2.2238035881e-11	4.1961977469e-10	0.0000000000e+00	0.0000000000e+00	0.0000000000e+00	0.0000000000e+00
2.4702331840e-01	2.4559394095e-05	1.0355770140e-05	5.3763239003e-10	3.0439772986e+00	2.4569692210e-01	1.2625574368e-04	4.0675722736e-16	7.5291630535e-01	1.8491168264e-05	5.8514981179e-08	7.7385132116e-06	6.1755829600e-02	2.1068205162e-11	3.8372398758e-10	0.0000000000e+00	0.0000000000e+00	0.0000000000e+00	0.0000000000e+00
2.4722672559e-01	2.3618203258e-05	1.0449125421e-05	5.5326007723e-10	3.0439772986e+00	2.4589959377e-01	1.2725491924e-04	3.8463594163e-16	7.5271412037e-01	1.7777755090e-05	5.8110266099e-08	7.8070939837e-06	6.1806681397e-02	2.2744872620e-11	3.9370179975e-10	0.0000000000e+00	0.0000000000e+00	0.0000000000e+00	0.0000000000e+00
2.4719972936e-01	2.4275058745e-05	1.0591396276e-05	5.7830335528e-10	3.0439772986e+00	2.4587269512e-01	1.2900605645e-04	3.9204077858e-16	7.5273980429e-01	1.8272802969e-05	5.7090890545e-08	7.9154746695e-06	6.1799932340e-02	2.1853645617e-11	4.1345830886e-10	0.0000000000e+00	0.0000000000e+00	0.0000000000e+00	0.0000000000e+00
2.4661121761e-01	2.4598287924e-05	1.0407612540e-05	5.4639082580e-10	3.0439772986e+00	2.4528631327e-01	1.2716936511e-04	4.0468514335e-16	7.5332819729e-01	1.8530583899e-05	5.8789945722e-08	7.7815580475e-06	6.1652804404e-02	2.0958652775e-11	3.9065296304e-10	0.0000000000e+00	0.0000000000e+00	0.0000000000e+00	0.0000000000e+00
2.4713182712e-01	2.4474645974e-05	1.0406610186e-05	5.4482105264e-10	3.0439772986e+00	2.4580503838e-01	1.2680159571e-04	3.9956731342e-16	7.5280781807e-01	1.8424704834e-05	5.8357157588e-08	7.7758203499e-06	6.1782956780e-02	2.1418871028e-11	3.8872667685e-10	0.0000000000e+00	0.0000000000e+00	0.0000000000e+00	0.0000000000e+00
2.4700098629e-01	2.4513507313e-05	1.0518293144e-05	5.4271658537e-10	3.0439772986e+00	2.4567467078e-01	1.2825254301e-04	3.9849588185e-16	7.5293833766e-01	1.8457159447e-05	5.8278941008e-08	7.8613472136e-06	6.1750246572e-02	2.0188702632e-11	3.8844342097e-10	0.0000000000e+00	0.0000000000e+00	0.0000000000e+00	0.0000000000e+00
2.4706438097e-01	2.4226417462e-05	1.0357550144e-05	5.4045069281e-10	3.0439772986e+00	2.4573783614e-01	1.2624965579e-04	3.9070372052e-16	7.5287574338e-01	1.8239482056e-05	5.7544788502e-08	7.7404034755e-06	6.1766095242e-02	2.0801768194e-11	3.8609044891e-10	0.0000000000e+00	0.0000000000e+00	0.0000000000e+00	0.0000000000e+00
2.4680982006e-01	2.4140651973e-05	1.0367645521e-05	5.6509882619e-10	3.0439772986e+00	2.4548419640e-01	1.2654583866e-04	3.9421726756e-16	7.5313039028e-01	1.8181058642e-05	5.7801495934e-08	7.7503874213e-06	6.1702455016e-02	2.1623222360e-11	4.0396987715e-10	0.0000000000e+00	0.0000000000e+00	0.0000000000e+00	0.0000000000e+00
2.4696488435e-01	2.4457006427e-05	1.0152474757e-05	5.1623471313e-10	3.0439772986e+00	2.4563869946e-01	1.2381619735e-04	4.0342392909e-16	7.5297534819e-01	1.8415522930e-05	5.9082937704e-08	7.5854802773e-06	6.1741221088e-02	2.1193421398e-11	3.6751859147e-10	0.0000000000e+00	0.0000000000e+00	0.0000000000e+00	0.0000000000e+00
2.4688116511e-01	2.4471083213e-05	1.0112144318e-05	5.4826397354e-10	3.0439772986e+00	2.4555528319e-01	1.2337988771e-04	4.0685790974e-16	7.5305913052e-01	1.8428172648e-05	5.9096655280e-08	7.5559459524e-06	6.1720291278e-02	2.1405357777e-11	3.9146983343e-10	0.0000000000e+00	0.0000000000e+00	0.0000000000e+00	0.0000000000e+00
2.4719501559e-01	2.4486245529e-05	1.0202522146e-05	5.5826239821e-10	3.0439772986e+00	2.4586799839e-01	1.2427270526e-04	4.0553292751e-16	7.5274507797e-01	1.8431900800e-05	5.9449608311e-08	7.6204487201e-06	6.1798753897e-02	2.2548874447e-11	3.9768039802e-10	0.0000000000e+00	0.0000000000e+00	0.0000000000e+00	0.0000000000e+00
2.4695871043e-01	2.4099158359e-05	1.0477440227e-05	5.5456899331e-10	3.0439772986e+00	2.4563254788e-01	1.2778357685e-04	3.9194286194e-16	7.5298132626e-01	1.8146216223e-05	5.7832507279e-08	7.8314843310e-06	6.1739677608e-02	2.2561748522e-11	3.9501834757e-10	0.0000000000e+00	0.0000000000e+00	0.0000000000e+00	0.0000000000e+00
2.4688257981e-01	2.4420989728e-05	1.0258556925e-05	5.4637401557e-10	3.0439772986e+00	2.4555669277e-01	1.2516529653e-04	4.0016891412e-16	7.5305746064e-01	1.8390408511e-05	5.7644503294e-08	7.6676383246e-06	6.1720644954e-02	2.1596713524e-11	3.8985431520e-10	0.0000000000e+00	0.0000000000e+00	0.0000000000e+00	0.0000000000e+00
2.4687707941e-01	2.4787567728e-05	1.0135739458e-05	5.1326798302e-10	3.0439772986e+00	2.4555121227e-01	1.2367040635e-04	4.1243113276e-16	7.5306268616e-01	1.8666592337e-05	5.8626140526e-08	7.5742210418e-06	6.1719269852e-02	2.0889414322e-11	3.6563355169e-10	0.0000000000e+00	0.0000000000e+00	0.0000000000e+00	0.0000000000e+00
2.4692910378e-01	2.3930231230e-05	1.0333611946e-05	5.6391683373e-10	3.0439772986e+00	2.4560304836e-01	1.2604960069e-04	3.9042865717e-16	7.5301150978e-01	1.8019739548e-05	5.8585395574e-08	7.7227433374e-06	6.1732275946e-02	2.0653076834e-11	4.0398278953e-10	0.0000000000e+00	0.0000000000e+00	0.0000000000e+00	0.0000000000e+00
2.4683938097e-01	2.4547586864e-05	1.0448332817e-05	5.5556888202e-10	3.0439772986e+00	2.4551365030e-01	1.2751028294e-04	4.0121389926e-16	7.5310003660e-01	1.8486788566e-05	5.8262221955e-08	7.8103776049e-06	6.1709845243e-02	2.2162707176e-11	3.9623623821e-10	0.0000000000e+00	0.0000000000e+00	0.0000000000e+00	0.0000000000e+00
2.4699982673e-01	2.4912765931e-05	1.0315367924e-05	5.4317869850e-10	3.0439772986e+00	2.4567351541e-01	1.2577897833e-04	4.1130899840e-16	7.5293935426e-01	1.8757801893e-05	5.9545811029e-08	7.7073006528e-06	6.1749956683e-02	2.1743233884e-11	3.8723738462e-10	0.0000000000e+00	0.0000000000e+00	0.0000000000e+00	0.0000000000e+00
2.4690921879e-01	2.4305710029e-05	1.0324257476e-05	5.5932741694e-10	3.0439772986e+00	2.4558323533e-01	1.2594887157e-04	3.9547505737e-16	7.5303084891e-01	1.8302949457e-05	5.8977334261e-08	7.7155070375e-06	6.1727304697e-02	2.2763432911e-11	3.9842736668e-10	0.0000000000e+00	0.0000000000e+00	0.0000000000e+00	0.0000000000e+00
2.4697647164e-01	2.4288679233e-05	1.0382157198e-05	5.6956884927e-10	3.0439772986e+00	2.4565024482e-01	1.2660939449e-04	4.0208896576e-16	7.5296349622e-01	1.8288488834e-05	5.8275975258e-08	7.7591094066e-06	6.1744117910e-02	2.2046930076e-11	4.0681762201e-10	0.0000000000e+00	0.0000000000e+00	0.0000000000e+00	0.0000000000e+00
2.4690265445e-01	2.4413598486e-05	1.0535832306e-05	5.5835570146e-10	3.0439772986e+00	2.4557669474e-01	1.2853436787e-04	4.0173632477e-16	7.5303677233e-01	1.8384337405e-05	5.7548162686e-08	7.8763209910e-06	6.1725663611e-02	2.1243231084e-11	3.9921914415e-10	0.0000000000e+00	0.0000000000e+00	0.0000000000e+00	0.0000000000e+00
2.4700010497e-01	2.4614999838e-05	1.0397554475e-05	5.3253989151e-10	3.0439772986e+00	2.4567379265e-01	1.2678096300e-04	3.9926935415e-16	7.5293933884e-01	1.8533601704e-05	5.8591360481e-08	7.7701364317e-06	6.1750026243e-02	2.0510103863e-11	3.8046012996e-10	0.0000000000e+00	0.0000000000e+00	0.0000000000e+00	0.0000000000e+00
2.4688740778e-01	2.4473684124e-05	1.0382543743e-05	5.7336052575e-10	3.0439772986e+00	2.4556150326e-01	1.2667471768e-04	3.9836179871e-16	7.5305227347e-01	1.8429963470e-05	5.8692380284e-08	7.7599057895e-06	6.1721851946e-02	2.2299666728e-11	4.0947078071e-10	0.0000000000e+00	0.0000000000e+00	0.0000000000e+00	0.0000000000e+00
2.4692507638e-01	2.4402634236e-05	1.0376050805e-05	5.3222467282e-10	3.0439772986e+00	2.4559903554e-01	1.2656987629e-04	4.0265109450e-16	7.5301472977e-01	1.8375543025e-05	5.9332937446e-08	7.7539861556e-06	6.1731269096e-02	2.2015216211e-11	3.7875780197e-10	0.0000000000e+00	0.0000000000e+00	0.0000000000e+00	0.0000000000e+00
2.4703843300e-01	2.4378976118e-05	1.0275790624e-05	5.5465175328e-10	3.0439772986e+00	2.4571198202e-01	1.2527054292e-04	4.0042621496e-16	7.5290164416e-01	1.8354971202e-05	5.8589355149e-08	7.6780703008e-06	6.1759608250e-02	2.2473550329e-11	3.9512466665e-10	0.0000000000e+00	0.0000000000e+00	0.0000000000e+00	0.0000000000e+00
2.4693286656e-01	2.4983362300e-05	1.0202189862e-05	5.3274952152e-10	3.0439772986e+00	2.4560679752e-01	1.2444378042e-04	4.1792043597e-16	7.5300645842e-01	1.8812633165e-05	5.9888583007e-08	7.6224262731e-06	6.1733216641e-02	2.3113010988e-11	3.7805081944e-10	0.0000000000e+00	0.0000000000e+00	0.0000000000e+00	0.0000000000e+00
2.4706615209e-01	2.4647266413e-05	1.0360059052e-05	5.5860902825e-10	3.0439772986e+00	2.4573960085e-01	1.2627892769e-04	4.0860212817e-16	7.5287333299e-01	1.8556269614e-05	5.9089637019e-08	7.7407225514e-06	6.1766538022e-02	2.3021017174e-11	3.9754082377e-10	0.0000000000e+00	0.0000000000e+00	0.0000000000e+00	0.0000000000e+00
2.4697934245e-01	2.4387210507e-05	1.0285211593e-05	5.4864330794e-10	3.0439772986e+00	2.4565310525e-01	1.2542522797e-04	3.9827919363e-16	7.5296069635e-01	1.8362611005e-05	5.7667228247e-08	7.6866928549e-06	6.1744835614e-02	2.2671611992e-11	3.9043523521e-10	0.0000000000e+00	0.0000000000e+00	0.0000000000e+00	0.0000000000e+00
2.4686174148e-01	2.4878754363e-05	1.0389824068e-05	5.3676164957e-10	3.0439772986e+00	2.4553592985e-01	1.2678093784e-04	4.1015913011e-16	7.5307731142e-01	1.8735625447e-05	5.9014327700e-08	7.7653264474e-06	6.1715435369e-02	2.2630784606e-11	3.8159223533e-10	0.0000000000e+00	0.0000000000e+00	0.0000000000e+00	0.0000000000e+00
2.4708235779e-01	2.4681427880e-05	1.0376908897e-05	5.5306453961e-10	3.0439772986e+00	2.4575574794e-01	1.2647327761e-04	4.0678370827e-16	7.5285703914e-01	1.8581586715e-05	5.8974243020e-08	7.7533546643e-06	6.1770589447e-02	2.1311723831e-11	3.9506680791e-10	0.0000000000e+00	0.0000000000e+00	0.0000000000e+00	0.0000000000e+00
2.4693373089e-01	2.4272500791e-05	1.0363278913e-05	5.5959813517e-10	3.0439772986e+00	2.4560765872e-01	1.2640823574e-04	3.9578106857e-16	7.5300630063e-01	1.8277346028e-05	5.8244935411e-08	7.7453693811e-06	6.1733432722e-02	2.2192260362e-11	3.9918866124e-10	0.0000000000e+00	0.0000000000e+00	0.0000000000e+00	0.0000000000e+00
2.4716005612e-01	2.4192791810e-05	1.0468337905e-05	5.7304853416e-10	3.0439772986e+00	2.4583316531e-01	1.2753442825e-04	3.9652238171e-16	7.5277987610e-01	1.8211846821e-05	5.9074764447e-08	7.8212793465e-06	6.1790014030e-02	2.2020590572e-11	4.0935881397e-10	0.0000000000e+00	0.0000000000e+00	0.0000000000e+00	0.0000000000e+00
2.4703486639e-01	2.4324961779e-05	1.0357001578e-05	5.4763804140e-10	3.0439772986e+00	2.4570842832e-01	1.2626297672e-04	4.0268238790e-16	7.5290510843e-01	1.8314387985e-05	5.9144945920e-08	7.7386944500e-06	6.1758716598e-02	2.1913475503e-11	3.9040600344e-10	0.0000000000e+00	0.0000000000e+00	0.0000000000e+00	0.0000000000e+00
2.4706863456e-01	2.4007972186e-05	1.0371814940e-05	5.1946504455e-10	3.0439772986e+00	2.4574207435e-01	1.2642069054e-04	3.9193044506e-16	7.5287178691e-01	1.8074924920e-05	5.8104752331e-08	7.7505420954e-06	6.1767158640e-02	1.9663865084e-11	3.7142671125e-10	0.0000000000e+00	0.0000000000e+00	0.0000000000e+00	0.0000000000e+00
2.4683856556e-01	2.4344700570e-05	1.0396925207e-05	5.6440723642e-10	3.0439772986e+00	2.4551283783e-01	1.2688353778e-04	4.0413444741e-16	7.5310127360e-01	1.8334025005e-05	5.8736986944e-08	7.7712006276e-06	6.1709641390e-02	2.1314711042e-11	4.0374109753e-10	0.0000000000e+00	0.0000000000e+00	0.0000000000e+00	0.0000000000e+00
2.4694712248e-01	2.4352780363e-05	1.0595799021e-05	5.5603173240e-10	3.0439772986e+00	2.4562100185e-01	1.2923502997e-04	3.9713293677e-16	7.5299226402e-01	1.8337455220e-05	5.8452848838e-08	7.9201018450e-06	6.1736780620e-02	2.0722959093e-11	3.9796463395e-10	0.0000000000e+00	0.0000000000e+00	0.0000000000e+00	0.0000000000e+00
2.4706503642e-01	2.4049748618e-05	1.0181571133e-05	5.2956952867e-10	3.0439772986e+00	2.4573848922e-01	1.2410429463e-04	3.9343777292e-16	7.5287575147e-01	1.8106472564e-05	5.8929493523e-08	7.6065285245e-06	6.1766259106e-02	2.0792180428e-11	3.7790787642e-10	0.0000000000e+00	0.0000000000e+00	0.0000000000e+00	0.0000000000e+00
2.4706009282e-01	2.3758769470e-05	1.0314323955e-05	5.4518067337e-10	3.0439772986e+00	2.4573356350e-01	1.2572579766e-04	3.8571109818e-16	7.5288083290e-01	1.7887522147e-05	5.7731973758e-08	7.7077248360e-06	6.1765023204e-02	2.0905935985e-11	3.8955014346e-10	0.0000000000e+00	0.0000000000e+00	0.0000000000e+00	0.0000000000e+00
2.4692480006e-01	2.4272064065e-05	1.0561777482e-05	5.6879964742e-10	3.0439772986e+00	2.4559876021e-01	1.2883557385e-04	3.9583967700e-16	7.5301478298e-01	1.8277223054e-05	5.7481347249e-08	7.8956932311e-06	6.1731200014e-02	2.0761542260e-11	4.0755300080e-10	0.0000000000e+00	0.0000000000e+00	0.0000000000e+00	0.0000000000e+00
2.4690466700e-01	2.4302052253e-05	1.0577955336e-05	5.5398923317e-10	3.0439772986e+00	2.4557870001e-01	1.2904687343e-04	3.9351575226e-16	7.5303483279e-01	1.8300291855e-05	5.7128961274e-08	7.9084398663e-06	6.1726166750e-02	2.1552280431e-11	3.9562090914e-10	0.0000000000e+00	0.0000000000e+00	0.0000000000e+00	0.0000000000e+00
2.4694153788e-01	2.4465750042e-05	1.0382337397e-05	5.7161166144e-10	3.0439772986e+00	2.4561543747e-01	1.2663533279e-04	4.0145982239e-16	7.5299816013e-01	1.8422664768e-05	5.8563099345e-08	7.7593178583e-06	6.1735384471e-02	2.2274917347e-11	4.0814761203e-10	0.0000000000e+00	0.0000000000e+00	0.0000000000e+00	0.0000000000e+00
2.4707897629e-01	2.4215815545e-05	1.0378594399e-05	5.2888580526e-10	3.0439772986e+00	2.4575237867e-01	1.2649623691e-04	3.9980962145e-16	7.5286111772e-01	1.8231145958e-05	5.8340971225e-08	7.7552992084e-06	6.1769744072e-02	2.2671480418e-11	3.7550607807e-10	0.0000000000e+00	0.0000000000e+00	0.0000000000e+00	0.0000000000e+00
2.4704791382e-01	2.4284543731e-05	1.0344849744e-05	5.5827037865e-10	3.0439772986e+00	2.4572142855e-01	1.2610600183e-04	3.9838257919e-16	7.5289215029e-01	1.8283642349e-05	5.8798349629e-08	7.7297578182e-06	6.1761978454e-02	2.1671486095e-11	3.9864589973e-10	0.0000000000e+00	0.0000000000e+00	0.0000000000e+00	0.0000000000e+00
2.4686223368e-01	2.4430460191e-05	1.0398975994e-05	5.6548397732e-10	3.0439772986e+00	2.4553642028e-01	1.2689238775e-04	4.0407419412e-16	7.5307747358e-01	1.8398029239e-05	5.8314813767e-08	7.7729197557e-06	6.1715558420e-02	2.3246906916e-11	4.0260633807e-10	0.0000000000e+00	0.0000000000e+00	0.0000000000e+00	0.0000000000e+00
2.4680674763e-01	2.4401372952e-05	1.0314306582e-05	5.3011637684e-10	3.0439772986e+00	2.4548113509e-01	1.2589682735e-04	4.0106969998e-16	7.5313319047e-01	1.8377483863e-05	5.9350381995e-08	7.7086962415e-06	6.1701686907e-02	2.1423366631e-11	3.7782487158e-10	0.0000000000e+00	0.0000000000e+00	0.0000000000e+00	0.0000000000e+00
2.4689386560e-01	2.4545756623e-05	1.0409940101e-05	5.4941523441e-10	3.0439772986e+00	2.4556793770e-01	1.2700453368e-04	4.0774949709e-16	7.5304564588e-01	1.8484075150e-05	5.9275529603e-08	7.7798845376e-06	6.1723466400e-02	2.2959459965e-11	3.9077529008e-10	0.0000000000e+00	0.0000000000e+00	0.0000000000e+00	0.0000000000e+00
2.4713393506e-01	2.4135897526e-05	1.0300296033e-05	5.5324860796e-10	3.0439772986e+00	2.4580713869e-01	1.2550489103e-04	3.9531107528e-16	7.5280646032e-01	1.8169659583e-05	5.7972864374e-08	7.6961565326e-06	6.1783483764e-02	2.1568982118e-11	3.9492014412e-10	0.0000000000e+00	0.0000000000e+00	0.0000000000e+00	0.0000000000e+00
2.4690304589e-01	2.4320141560e-05	1.0402736124e-05	5.5837626792e-10	3.0439772986e+00	2.4557708477e-01	1.2691043687e-04	3.9893957413e-16	7.5303682232e-01	1.8313962118e-05	5.8472862948e-08	7.7751704914e-06	6.1725761472e-02	2.1782935362e-11	3.9869495509e-10	0.0000000000e+00	0.0000000000e+00	0.0000000000e+00	0.0000000000e+00
2.4705093470e-01	2.4525253650e-05	1.0361924233e-05	5.5090906091e-10	3.0439772986e+00	2.4572443850e-01	1.2631202504e-04	4.0346583282e-16	7.5288872870e-01	1.8464787042e-05	5.8395350116e-08	7.7429806123e-06	6.1762733674e-02	2.2187659136e-11	3.9258556336e-10	0.0000000000e+00	0.0000000000e+00	0.0000000000e+00	0.0000000000e+00
2.4705535797e-01	2.4265134449e-05	1.0324476866e-05	5.7181594130e-10	3.0439772986e+00	2.4572884578e-01	1.2585262796e-04	4.0008536620e-16	7.5288478189e-01	1.8268850457e-05	5.8643246828e-08	7.7144982666e-06	6.1763839493e-02	2.2092950341e-11	4.0841856990e-10	0.0000000000e+00	0.0000000000e+00	0.0000000000e+00	0.0000000000e+00
2.4698936608e-01	2.4045445857e-05	1.0268164067e-05	5.5022863386e-10	3.0439772986e+00	2.4566309261e-01	1.2521068177e-04	3.9744861407e-16	7.5295122665e-01	1.8105047953e-05	5.8805413058e-08	7.6726213163e-06	6.1747341520e-02	2.0428319159e-11	3.9386700564e-10	0.0000000000e+00	0.0000000000e+00	0.0000000000e+00	0.0000000000e+00
2.4704116148e-01	2.4243572491e-05	1.0448340704e-05	6.0385043096e-10	3.0439772986e+00	2.4571470064e-01	1.2737217389e-04	3.9493733764e-16	7.5289872980e-01	1.8252954934e-05	5.7855880639e-08	7.8086865639e-06	6.1760290371e-02	2.1587543849e-11	4.3305067861e-10	0.0000000000e+00	0.0000000000e+00	0.0000000000e+00	0.0000000000e+00
2.4701107618e-01	2.4134047441e-05	1.0479525957e-05	5.6542147788e-10	3.0439772986e+00	2.4568472416e-01	1.2777302380e-04	3.8787121255e-16	7.5292890739e-01	1.8171221971e-05	5.8044832674e-08	7.8322931958e-06	6.1752769044e-02	2.2379601626e-11	4.0334257393e-10	0.0000000000e+00	0.0000000000e+00	0.0000000000e+00	0.0000000000e+00
2.4695120598e-01	2.4363430372e-05	1.0265943906e-05	5.4407356935e-10	3.0439772986e+00	2.4562507058e-01	1.2520921905e-04	4.0011114912e-16	7.5298890994e-01	1.8345392878e-05	5.7718226646e-08	7.6724236846e-06	6.1737801496e-02	2.0967340329e-11	3.8871402358e-10	0.0000000000e+00	0.0000000000e+00	0.0000000000e+00	0.0000000000e+00
2.4699825501e-01	2.4123618196e-05	1.0313371913e-05	5.6683792529e-10	3.0439772986e+00	2.4567194938e-01	1.2575590215e-04	3.9272192903e-16	7.5294211851e-01	1.8163688191e-05	5.9177860638e-08	7.7061942368e-06	6.1749563753e-02	2.2439749995e-11	4.0435639832e-10	0.0000000000e+00	0.0000000000e+00	0.0000000000e+00	0.0000000000e+00
2.4699907477e-01	2.4481973331e-05	1.0513308202e-05	5.4472837688e-10	3.0439772986e+00	2.4567276618e-01	1.2819308769e-04	4.0054086693e-16	7.5294030775e-01	1.8433464534e-05	5.8194388652e-08	7.8576991243e-06	6.1749768694e-02	2.1553567219e-11	3.8859438451e-10	0.0000000000e+00	0.0000000000e+00	0.0000000000e+00	0.0000000000e+00
2.4695515868e-01	2.4029321736e-05	1.0472772130e-05	5.6468970839e-10	3.0439772986e+00	2.4562900898e-01	1.2772910345e-04	3.8876981435e-16	7.5298499339e-01	1.8093718668e-05	5.7809218095e-08	7.8280310349e-06	6.1738789670e-02	2.1619038719e-11	4.0358383762e-10	0.0000000000e+00	0.0000000000e+00	0.0000000000e+00	0.0000000000e+00
2.4714024634e-01	2.4354369327e-05	1.0354391596e-05	5.5625791868e-10	3.0439772986e+00	2.4581342716e-01	1.2615966822e-04	3.9973352777e-16	7.5279969845e-01	1.8333961886e-05	5.8581182092e-08	7.7362016888e-06	6.1785061586e-02	2.0888338431e-11	3.9786245501e-10	0.0000000000e+00	0.0000000000e+00	0.0000000000e+00	0.0000000000e+00
2.4691672554e-01	2.4363662698e-05	1.0720309311e-05	5.7231383070e-10	3.0439772986e+00	2.4559071492e-01	1.3077498267e-04	3.9580070172e-16	7.5302236078e-01	1.8346382802e-05	5.8443837091e-08	8.0141887887e-06	6.1729181386e-02	2.2962561327e-11	4.0800255058e-10	0.0000000000e+00	0.0000000000e+00	0.0000000000e+00	0.0000000000e+00
2.4688415903e-01	2.4723598941e-05	1.0294370017e-05	5.3804110345e-10	3.0439772986e+00	2.4555826627e-01	1.2560109802e-04	4.0596612257e-16	7.5305534497e-01	1.8618238329e-05	5.8457915497e-08	7.6937724488e-06	6.1721039758e-02	2.3499076340e-11	3.8167565242e-10	0.0000000000e+00	0.0000000000e+00	0.0000000000e+00	0.0000000000e+00
2.4691869376e-01	2.4248180184e-05	1.0584445725e-05	5.5849040621e-10	3.0439772986e+00	2.4559267601e-01	1.2911632481e-04	3.9337739887e-16	7.5302087360e-01	1.8259385825e-05	5.8332342989e-08	7.9119762233e-06	6.1729673439e-02	2.4075465697e-11	3.9647946789e-10	0.0000000000e+00	0.0000000000e+00	0.0000000000e+00	0.0000000000e+00
2.4706393883e-01	2.4432593707e-05	1.0259652550e-05	5.5063592843e-10	3.0439772986e+00	2.4573739560e-01	1.2505665045e-04	4.0100096821e-16	7.5287609610e-01	1.8394715768e-05	5.7982599937e-08	7.6662645592e-06	6.1765984708e-02	2.2481886952e-11	3.9207874122e-10	0.0000000000e+00	0.0000000000e+00	0.0000000000e+00	0.0000000000e+00
2.4714005331e-01	2.4561017011e-05	1.0387757672e-05	5.6539508112e-10	3.0439772986e+00	2.4581323483e-01	1.2656627250e-04	4.0983758196e-16	7.5279950497e-01	1.8489521447e-05	5.8122046027e-08	7.7617767875e-06	6.1785013328e-02	2.2378933786e-11	4.0325020339e-10	0.0000000000e+00	0.0000000000e+00	0.0000000000e+00	0.0000000000e+00
2.4694266268e-01	2.4665118319e-05	1.0346097800e-05	5.2985469126e-10	3.0439772986e+00	2.4561655819e-01	1.2619251173e-04	4.0313975441e-16	7.5299681728e-01	1.8572755592e-05	5.8908263974e-08	7.7316704506e-06	6.1735665671e-02	2.0677843963e-11	3.7830105217e-10	0.0000000000e+00	0.0000000000e+00	0.0000000000e+00	0.0000000000e+00
2.4686578229e-01	2.4530998433e-05	1.0348237401e-05	5.6821471284e-10	3.0439772986e+00	2.4553995605e-01	1.2627083925e-04	4.0496818284e-16	7.5307388844e-01	1.8473654377e-05	5.9285731902e-08	7.7337016459e-06	6.1716445573e-02	2.3044467586e-11	4.0486319568e-10	0.0000000000e+00	0.0000000000e+00	0.0000000000e+00	0.0000000000e+00
2.4702663604e-01	2.4206824486e-05	1.0342966929e-05	5.5135805542e-10	3.0439772986e+00	2.4570022774e-01	1.2609749376e-04	3.9176806702e-16	7.5291354768e-01	1.8225646102e-05	5.8710503463e-08	7.7286494208e-06	6.1756659011e-02	2.1607394178e-11	3.9351755537e-10	0.0000000000e+00	0.0000000000e+00	0.0000000000e+00	0.0000000000e+00
2.4701094876e-01	2.4136281544e-05	1.0547845756e-05	5.6443556455e-10	3.0439772986e+00	2.4568459720e-01	1.2860608328e-04	3.9197627139e-16	7.5292887713e-01	1.8172903361e-05	5.8115944796e-08	7.8836617167e-06	6.1752737189e-02	2.0684914517e-11	4.0429492131e-10	0.0000000000e+00	0.0000000000e+00	0.0000000000e+00	0.0000000000e+00
2.4709250658e-01	2.4350525522e-05	1.0338711972e-05	5.6269362536e-10	3.0439772986e+00	2.4576586003e-01	1.2600095917e-04	4.0253747436e-16	7.5284747557e-01	1.8332231668e-05	5.8877487027e-08	7.7245957216e-06	6.1773126646e-02	2.2290198001e-11	4.0133227737e-10	0.0000000000e+00	0.0000000000e+00	0.0000000000e+00	0.0000000000e+00
2.4713597517e-01	2.3823463192e-05	1.0659688128e-05	5.8725147632e-10	3.0439772986e+00	2.4580917143e-01	1.2988245354e-04	3.8787848904e-16	7.5280407897e-01	1.7934400266e-05	5.8208109821e-08	7.9664485931e-06	6.1783993792e-02	2.1708788331e-11	4.2037651842e-10	0.0000000000e+00	0.0000000000e+00	0.0000000000e+00	0.0000000000e+00
2.4712528328e-01	2.4392454336e-05	1.0253491367e-05	5.6495269400e-10	3.0439772986e+00	2.4579851820e-01	1.2494035844e-04	4.0582352698e-16	7.5281483080e-01	1.8363001384e-05	5.9254717791e-08	7.6597256506e-06	6.1781320820e-02	2.3296440663e-11	4.0200832608e-10	0.0000000000e+00	0.0000000000e+00	0.0000000000e+00	0.0000000000e+00
2.4710504910e-01	2.4152624315e-05	1.0689282490e-05	5.8740612683e-10	3.0439772986e+00	2.4577835719e-01	1.3026459845e-04	3.9406534089e-16	7.5283444017e-01	1.8182927405e-05	5.7577219070e-08	7.9896827799e-06	6.1776262275e-02	2.0884326189e-11	4.2133523646e-10	0.0000000000e+00	0.0000000000e+00	0.0000000000e+00	0.0000000000e+00
2.4697579345e-01	2.4393597477e-05	1.0393784026e-05	5.8753953935e-10	3.0439772986e+00	2.4564956908e-01	1.2675161371e-04	4.0434469711e-16	7.5296399002e-01	1.8367500487e-05	5.7801452605e-08	7.7683436387e-06	6.1743948361e-02	2.3068078791e-11	4.1932803706e-10	0.0000000000e+00	0.0000000000e+00	0.0000000000e+00	0.0000000000e+00
2.4712022942e-01	2.4406001309e-05	1.0285116957e-05	5.7290160845e-10	3.0439772986e+00	2.4579348262e-01	1.2532911013e-04	4.0387828146e-16	7.5281979240e-01	1.8373320839e-05	5.9369918415e-08	7.6834696940e-06	6.1780057356e-02	2.2002204691e-11	4.0928946525e-10	0.0000000000e+00	0.0000000000e+00	0.0000000000e+00	0.0000000000e+00
2.4701121389e-01	2.4390009535e-05	1.0454171482e-05	5.5938179826e-10	3.0439772986e+00	2.4568486138e-01	1.2746373604e-04	4.0136407734e-16	7.5292844157e-01	1.8363931869e-05	5.8444602233e-08	7.8127984395e-06	6.1752803472e-02	2.1142856748e-11	4.0003160886e-10	0.0000000000e+00	0.0000000000e+00	0.0000000000e+00	0.0000000000e+00
2.4702999901e-01	2.4317648922e-05	1.0301452569e-05	5.6225584539e-10	3.0439772986e+00	2.4570357854e-01	1.2558908371e-04	4.0202639006e-16	7.5291011182e-01	1.8309003769e-05	5.8833322714e-08	7.6972344832e-06	6.1757499752e-02	2.1659465937e-11	4.0166864548e-10	0.0000000000e+00	0.0000000000e+00	0.0000000000e+00	0.0000000000e+00
2.4712226736e-01	2.4371061501e-05	1.0555093838e-05	5.8915851827e-10	3.0439772986e+00	2.4579551318e-01	1.2861740461e-04	3.9866321752e-16	7.5281719746e-01	1.8346954218e-05	5.7873741456e-08	7.8881824208e-06	6.1780566839e-02	2.2745739294e-11	4.2078292529e-10	0.0000000000e+00	0.0000000000e+00	0.0000000000e+00	0.0000000000e+00
2.4701738606e-01	2.4315518687e-05	1.0406017356e-05	5.4879739784e-10	3.0439772986e+00	2.4569101122e-01	1.2687243814e-04	4.0522596701e-16	7.5292249088e-01	1.8307700897e-05	5.8613870486e-08	7.7763106376e-06	6.1754346514e-02	2.2490667578e-11	3.9071123619e-10	0.0000000000e+00	0.0000000000e+00	0.0000000000e+00	0.0000000000e+00
2.4720002113e-01	2.4233263850e-05	1.0561644209e-05	5.7112285343e-10	3.0439772986e+00	2.4587298584e-01	1.2864348881e-04	3.9418846189e-16	7.5273964268e-01	1.8241338371e-05	5.8084531320e-08	7.8920837568e-06	6.1800005283e-02	2.1526678479e-11	4.0838013414e-10	0.0000000000e+00	0.0000000000e+00	0.0000000000e+00	0.0000000000e+00
2.4692143794e-01	2.3898331380e-05	1.0443249818e-05	5.6828563071e-10	3.0439772986e+00	2.4559541026e-01	1.2739218341e-04	3.8685339933e-16	7.5301897537e-01	1.7995897009e-05	5.7923148141e-08	7.8060421297e-06	6.1730359486e-02	2.0266828027e-11	4.0766303533e-10	0.0000000000e+00	0.0000000000e+00	0.0000000000e+00	0.0000000000e+00
2.4704470508e-01	2.4190569337e-05	1.0422358478e-05	5.6027121903e-10	3.0439772986e+00	2.4571823142e-01	1.2705303638e-04	3.9320566127e-16	7.5289532520e-01	1.8212966568e-05	5.8814514855e-08	7.7881304608e-06	6.1761176270e-02	2.1297801346e-11	4.0052778031e-10	0.0000000000e+00	0.0000000000e+00	0.0000000000e+00	0.0000000000e+00
2.4686854153e-01	2.4684548437e-05	1.0304457872e-05	5.3295820409e-10	3.0439772986e+00	2.4554270529e-01	1.2573474641e-04	4.1131539656e-16	7.5307099726e-01	1.8589217508e-05	5.8671278578e-08	7.7013170876e-06	6.1717135382e-02	2.2227129950e-11	3.7912823631e-10	0.0000000000e+00	0.0000000000e+00	0.0000000000e+00	0.0000000000e+00
2.4705259989e-01	2.4243706439e-05	1.0363825257e-05	5.7927365868e-10	3.0439772986e+00	2.4572609767e-01	1.2633413802e-04	3.9559600168e-16	7.5288748311e-01	1.8252783122e-05	5.6890228905e-08	7.7459040843e-06	6.1763149974e-02	2.1971771433e-11	4.1415611548e-10	0.0000000000e+00	0.0000000000e+00	0.0000000000e+00	0.0000000000e+00
2.4704397319e-01	2.4176679580e-05	1.0398263828e-05	5.5630873970e-10	3.0439772986e+00	2.4571750218e-01	1.2675982366e-04	3.9847718191e-16	7.5289613238e-01	1.8202528550e-05	5.7649214259e-08	7.7711634050e-06	6.1760993298e-02	2.2300225128e-11	3.9654247340e-10	0.0000000000e+00	0.0000000000e+00	0.0000000000e+00	0.0000000000e+00
2.4700582513e-01	2.4992210762e-05	1.0108105517e-05	5.2321704312e-10	3.0439772986e+00	2.4567949212e-01	1.2324783567e-04	4.1288218459e-16	7.5293370495e-01	1.8817477844e-05	5.8778140491e-08	7.5519551961e-06	6.1751456284e-02	2.1524794816e-11	3.7242295195e-10	0.0000000000e+00	0.0000000000e+00	0.0000000000e+00	0.0000000000e+00
2.4684582457e-01	2.4442566248e-05	1.0261819028e-05	5.6491821385e-10	3.0439772986e+00	2.4552007057e-01	1.2522984543e-04	4.0453435118e-16	7.5309417299e-01	1.8407554214e-05	5.7661338182e-08	7.6704547759e-06	6.1711456143e-02	2.0334433518e-11	4.0510218155e-10	0.0000000000e+00	0.0000000000e+00	0.0000000000e+00	0.0000000000e+00
2.4699165995e-01	2.4451129776e-05	1.0320806941e-05	5.5576639817e-10	3.0439772986e+00	2.4566537818e-01	1.2585093834e-04	4.0594768601e-16	7.5294820315e-01	1.8410434230e-05	5.8891587728e-08	7.7121414538e-06	6.1747914988e-02	2.1224311964e-11	3.9723899891e-10	0.0000000000e+00	0.0000000000e+00	0.0000000000e+00	0.0000000000e+00
2.4678184814e-01	2.4198594606e-05	1.0339179797e-05	5.5105558315e-10	3.0439772986e+00	2.4545632576e-01	1.2621737816e-04	3.9914598435e-16	7.5315833709e-01	1.8225373273e-05	5.8380951555e-08	7.7286585111e-06	6.1695462035e-02	2.3015688485e-11	3.9201641817e-10	0.0000000000e+00	0.0000000000e+00	0.0000000000e+00	0.0000000000e+00
2.4704085686e-01	2.3820916676e-05	1.0389634855e-05	5.3565103144e-10	3.0439772986e+00	2.4571439712e-01	1.2665684765e-04	3.8835157655e-16	7.5289980373e-01	1.7934763490e-05	5.8711305765e-08	7.7636427371e-06	6.1760214215e-02	2.2171622879e-11	3.8111993356e-10	0.0000000000e+00	0.0000000000e+00	0.0000000000e+00	0.0000000000e+00
2.4684371818e-01	2.3973402614e-05	1.0417592261e-05	5.8517923128e-10	3.0439772986e+00	2.4551797180e-01	1.2713232035e-04	3.8777312228e-16	7.5309663380e-01	1.8054288810e-05	5.8188050562e-08	7.7872656135e-06	6.1710929544e-02	2.0493784985e-11	4.2020272427e-10	0.0000000000e+00	0.0000000000e+00	0.0000000000e+00	0.0000000000e+00
2.4689749957e-01	2.4497360058e-05	1.0492784887e-05	5.5218802877e-10	3.0439772986e+00	2.4557155852e-01	1.2801274471e-04	4.0326616671e-16	7.5304189792e-01	1.8447538512e-05	5.8731773498e-08	7.8427748720e-06	6.1724374893e-02	2.0935213851e-11	3.9488550735e-10	0.0000000000e+00	0.0000000000e+00	0.0000000000e+00	0.0000000000e+00
2.4695073980e-01	2.4242639135e-05	1.0129260400e-05	5.5646182188e-10	3.0439772986e+00	2.4562460608e-01	1.2354254041e-04	3.9307138680e-16	7.5298986665e-01	1.8254461610e-05	5.8745406387e-08	7.5684850315e-06	6.1737684950e-02	2.1865293270e-11	3.9714481978e-10	0.0000000000e+00	0.0000000000e+00	0.0000000000e+00	0.0000000000e+00
2.4694333862e-01	2.4056288056e-05	1.0468440486e-05	5.5028381242e-10	3.0439772986e+00	2.4561723169e-01	1.2768438363e-04	3.9125279193e-16	7.5299678176e-01	1.8114307487e-05	5.7693082584e-08	7.8250089132e-06	6.1735834655e-02	2.0640064547e-11	3.9372187526e-10	0.0000000000e+00	0.0000000000e+00	0.0000000000e+00	0.0000000000e+00
2.4717221313e-01	2.4028142397e-05	1.0562765435e-05	5.9893738658e-10	3.0439772986e+00	2.4584527836e-01	1.2867642552e-04	3.8979628334e-16	7.5276775457e-01	1.8087610799e-05	5.8218128742e-08	7.8930910896e-06	6.1793053281e-02	2.1762609545e-11	4.2909814208e-10	0.0000000000e+00	0.0000000000e+00	0.0000000000e+00	0.0000000000e+00
2.4691678452e-01	2.4458792550e-05	1.0406633053e-05	5.5590320419e-10	3.0439772986e+00	2.4559077368e-01	1.2694856163e-04	3.9914301791e-16	7.5302286719e-01	1.8418030094e-05	5.8678562683e-08	7.7777540968e-06	6.1729196130e-02	2.2690139698e-11	3.9591768501e-10	0.0000000000e+00	0.0000000000e+00	0.0000000000e+00	0.0000000000e+00
2.4703311676e-01	2.4142872509e-05	1.0357436932e-05	5.6247542903e-10	3.0439772986e+00	2.4570668501e-01	1.2626951767e-04	3.9648836021e-16	7.5290713103e-01	1.8177340876e-05	5.7545908218e-08	7.7406422170e-06	6.1758279190e-02	2.3643972639e-11	3.9984778891e-10	0.0000000000e+00	0.0000000000e+00	0.0000000000e+00	0.0000000000e+00
2.4707355358e-01	2.3777501845e-05	1.0482117783e-05	5.6656027281e-10	3.0439772986e+00	2.4574697557e-01	1.2776179559e-04	3.8437306169e-16	7.5286696593e-01	1.7901295671e-05	5.8617378969e-08	7.8330228328e-06	6.1768388394e-02	2.0966651248e-11	4.0557786236e-10	0.0000000000e+00	0.0000000000e+00	0.0000000000e+00	0.0000000000e+00
2.4693768684e-01	2.3883527809e-05	1.0490570217e-05	5.6204914140e-10	3.0439772986e+00	2.4561160036e-01	1.2795822627e-04	3.8736989352e-16	7.5300264320e-01	1.7984359569e-05	5.6722414057e-08	7.8427046880e-06	6.1734421710e-02	1.9730764986e-11	4.0349372410e-10	0.0000000000e+00	0.0000000000e+00	0.0000000000e+00	0.0000000000e+00
2.4703843119e-01	2.4199180557e-05	1.0432523527e-05	5.4578480973e-10	3.0439772986e+00	2.4571198022e-01	1.2718123619e-04	3.9081653176e-16	7.5290156274e-01	1.8219600858e-05	5.9640358107e-08	7.7950229085e-06	6.1759607798e-02	2.2030705811e-11	3.8889153035e-10	0.0000000000e+00	0.0000000000e+00	0.0000000000e+00	0.0000000000e+00
2.4708304959e-01	2.4010982970e-05	1.0483091495e-05	5.6246460806e-10	3.0439772986e+00	2.4575643724e-01	1.2776708160e-04	3.9251271876e-16	7.5285711696e-01	1.8076839414e-05	5.8223126582e-08	7.8340469130e-06	6.1770762397e-02	2.2778832296e-11	4.0067665092e-10	0.0000000000e+00	0.0000000000e+00	0.0000000000e+00	0.0000000000e+00
2.4711825653e-01	2.4495138253e-05	1.0374460127e-05	5.6816136028e-10	3.0439772986e+00	2.4579151686e-01	1.2641908388e-04	4.0219212489e-16	7.5282142920e-01	1.8440464988e-05	5.9218180026e-08	7.7508977200e-06	6.1779564132e-02	2.2224407009e-11	4.0549964025e-10	0.0000000000e+00	0.0000000000e+00	0.0000000000e+00	0.0000000000e+00
2.4695322171e-01	2.4436185794e-05	1.0323120241e-05	5.6480204839e-10	3.0439772986e+00	2.4562707902e-01	1.2590516911e-04	4.0077457103e-16	7.5298665555e-01	1.8400121816e-05	5.8131111374e-08	7.7150406738e-06	6.1738305428e-02	2.1546107493e-11	4.0374229797e-10	0.0000000000e+00	0.0000000000e+00	0.0000000000e+00	0.0000000000e+00
2.4698067165e-01	2.3824344807e-05	1.0235842237e-05	5.6614964918e-10	3.0439772986e+00	2.4565442963e-01	1.2482244960e-04	3.9103448755e-16	7.5296032625e-01	1.7938786439e-05	5.8926293298e-08	7.6482568165e-06	6.1745167912e-02	2.2076230555e-11	4.0421199400e-10	0.0000000000e+00	0.0000000000e+00	0.0000000000e+00	0.0000000000e+00
2.4697264010e-01	2.4333537124e-05	1.0259062573e-05	5.7009129159e-10	3.0439772986e+00	2.4564642714e-01	1.2511088005e-04	3.9973794660e-16	7.5296753795e-01	1.8322363538e-05	5.8959315165e-08	7.6657817723e-06	6.1743160024e-02	2.1744554415e-11	4.0751568182e-10	0.0000000000e+00	0.0000000000e+00	0.0000000000e+00	0.0000000000e+00
2.4691366792e-01	2.4203069714e-05	1.0424880980e-05	5.5981009034e-10	3.0439772986e+00	2.4558766836e-01	1.2717335422e-04	3.9123461826e-16	7.5302632741e-01	1.8225548699e-05	5.7701527553e-08	7.7925083102e-06	6.1728416980e-02	2.0612376104e-11	4.0093936027e-10	0.0000000000e+00	0.0000000000e+00	0.0000000000e+00	0.0000000000e+00
2.4696525397e-01	2.4604771992e-05	1.0311174548e-05	5.6439194935e-10	3.0439772986e+00	2.4563906773e-01	1.2575130010e-04	4.0681825926e-16	7.5297439738e-01	1.8526763364e-05	5.8035874989e-08	7.7060145667e-06	6.1741313491e-02	2.3228710695e-11	4.0174397726e-10	0.0000000000e+00	0.0000000000e+00	0.0000000000e+00	0.0000000000e+00
2.4727414162e-01	2.4419287531e-05	1.0200348442e-05	5.6735559163e-10	3.0439772986e+00	2.4594683843e-01	1.2419343263e-04	4.0540800483e-16	7.5266606388e-01	1.8379569029e-05	5.9333663093e-08	7.6181224493e-06	6.1818535406e-02	2.2471467152e-11	4.0455783282e-10	0.0000000000e+00	0.0000000000e+00	0.0000000000e+00	0.0000000000e+00
2.4702244130e-01	2.4354751485e-05	1.0308089085e-05	5.3654201065e-10	3.0439772986e+00	2.4569604817e-01	1.2567508661e-04	4.0117626217e-16	7.5291759820e-01	1.8337120993e-05	5.8562930072e-08	7.7025787462e-06	6.1755610326e-02	2.2143252924e-11	3.8182866907e-10	0.0000000000e+00	0.0000000000e+00	0.0000000000e+00	0.0000000000e+00
2.4713156067e-01	2.4520108428e-05	1.0411180545e-05	5.6929311331e-10	3.0439772986e+00	2.4580477289e-01	1.2685745262e-04	4.0311306108e-16	7.5280800560e-01	1.8458933923e-05	5.7867657663e-08	7.7797524043e-06	6.1782890168e-02	2.0859055359e-11	4.0770935787e-10	0.0000000000e+00	0.0000000000e+00	0.0000000000e+00	0.0000000000e+00
2.4696795924e-01	2.4145818905e-05	1.0638817000e-05	5.9827702336e-10	3.0439772986e+00	2.4564176322e-01	1.2974521137e-04	3.9190613866e-16	7.5297164319e-01	1.8181116937e-05	5.8073933058e-08	7.9526535854e-06	6.1741989810e-02	2.3104734782e-11	4.2738089858e-10	0.0000000000e+00	0.0000000000e+00	0.0000000000e+00	0.0000000000e+00
2.4696261705e-01	2.4510245387e-05	1.0348693665e-05	5.5501077916e-10	3.0439772986e+00	2.4563644036e-01	1.2621066868e-04	4.0367672420e-16	7.5297709173e-01	1.8455653289e-05	5.9389455935e-08	7.7329398034e-06	6.1740654264e-02	2.2404129436e-11	3.9550627293e-10	0.0000000000e+00	0.0000000000e+00	0.0000000000e+00	0.0000000000e+00
2.4676033196e-01	2.4689430975e-05	1.0300610614e-05	5.3942721660e-10	3.0439772986e+00	2.4543488749e-01	1.2576098588e-04	4.0832681790e-16	7.5317919945e-01	1.8595565856e-05	5.9435262964e-08	7.6987703931e-06	6.1690082990e-02	2.0886913189e-11	3.8539844597e-10	0.0000000000e+00	0.0000000000e+00	0.0000000000e+00	0.0000000000e+00
2.4715924037e-01	2.4060244694e-05	1.0454126465e-05	5.5723228354e-10	3.0439772986e+00	2.4583235251e-01	1.2736188966e-04	3.9694786521e-16	7.5278092351e-01	1.8112093220e-05	5.7970849221e-08	7.8116961258e-06	6.1789810091e-02	2.1502372627e-11	3.9797146039e-10	0.0000000000e+00	0.0000000000e+00	0.0000000000e+00	0.0000000000e+00
2.4695462960e-01	2.4765604120e-05	1.0304294462e-05	5.5528374913e-10	3.0439772986e+00	2.4562848181e-01	1.2567453476e-04	4.0875035066e-16	7.5298479429e-01	1.8648123324e-05	5.9802140927e-08	7.6991749046e-06	6.1738657401e-02	2.1671985333e-11	3.9644823428e-10	0.0000000000e+00	0.0000000000e+00	0.0000000000e+00	0.0000000000e+00
2.4704639502e-01	2.3870568603e-05	1.0517573197e-05	5.4442106420e-10	3.0439772986e+00	2.4571991524e-01	1.2821262542e-04	3.8666760120e-16	7.5289390226e-01	1.7972005545e-05	5.8933519721e-08	7.8596832068e-06	6.1761598754e-02	2.0563861911e-11	3.8932743758e-10	0.0000000000e+00	0.0000000000e+00	0.0000000000e+00	0.0000000000e+00
2.4689456207e-01	2.4590749044e-05	1.0277273813e-05	5.3392532706e-10	3.0439772986e+00	2.4556863165e-01	1.2538553233e-04	4.0682333107e-16	7.5304518148e-01	1.8517945076e-05	5.8272131800e-08	7.6809793920e-06	6.1723640517e-02	2.2181461414e-11	3.7988843340e-10	0.0000000000e+00	0.0000000000e+00	0.0000000000e+00	0.0000000000e+00
2.4704395215e-01	2.4659878891e-05	1.0495527070e-05	5.5655017631e-10	3.0439772986e+00	2.4571748121e-01	1.2794536274e-04	4.0743659945e-16	7.5289520621e-01	1.8566304603e-05	5.8661479911e-08	7.8433705376e-06	6.1760988039e-02	2.2563942746e-11	3.9646001701e-10	0.0000000000e+00	0.0000000000e+00	0.0000000000e+00	0.0000000000e+00
2.4699619378e-01	2.4856010096e-05	1.0361309203e-05	5.3141215911e-10	3.0439772986e+00	2.4566989560e-01	1.2634162157e-04	4.1065071375e-16	7.5294296868e-01	1.8715158031e-05	5.8992909357e-08	7.7424820015e-06	6.1749048444e-02	2.1827694814e-11	3.7829535386e-10	0.0000000000e+00	0.0000000000e+00	0.0000000000e+00	0.0000000000e+00
2.4696292815e-01	2.4159270383e-05	1.0426879349e-05	5.7029792841e-10	3.0439772986e+00	2.4563675033e-01	1.2716405287e-04	3.9620303976e-16	7.5297713248e-01	1.8191378136e-05	5.8011170658e-08	7.7931905426e-06	6.1740732038e-02	2.1709418098e-11	4.0771188070e-10	0.0000000000e+00	0.0000000000e+00	0.0000000000e+00	0.0000000000e+00
2.4696952895e-01	2.4768374171e-05	1.0057154126e-05	5.4124485410e-10	3.0439772986e+00	2.4564332725e-01	1.2265059423e-04	4.1104544274e-16	7.5297045027e-01	1.8649853852e-05	5.9377569147e-08	7.5133623014e-06	6.1742382237e-02	2.1184139105e-11	3.8635724239e-10	0.0000000000e+00	0.0000000000e+00	0.0000000000e+00	0.0000000000e+00
2.4708152401e-01	2.4300437767e-05	1.0583545064e-05	5.7280963310e-10	3.0439772986e+00	2.4575491718e-01	1.2899234594e-04	3.9652412278e-16	7.5285797970e-01	1.8294778483e-05	5.7894551373e-08	7.9100118037e-06	6.1770381002e-02	2.0928460212e-11	4.1031584291e-10	0.0000000000e+00	0.0000000000e+00	0.0000000000e+00	0.0000000000e+00
2.4692988530e-01	2.4267153085e-05	1.0323516176e-05	5.3871524596e-10	3.0439772986e+00	2.4560382705e-01	1.2592584204e-04	3.9898791815e-16	7.5301024389e-01	1.8273414863e-05	5.8971323299e-08	7.7147421099e-06	6.1732471326e-02	1.9717794771e-11	3.8594030398e-10	0.0000000000e+00	0.0000000000e+00	0.0000000000e+00	0.0000000000e+00
2.4681451935e-01	2.4654711293e-05	1.0307314942e-05	5.5747648133e-10	3.0439772986e+00	2.4548887867e-01	1.2580616631e-04	4.0531475894e-16	7.5312505346e-01	1.8568080761e-05	5.9182115210e-08	7.7035150019e-06	6.1703629837e-02	2.3070191662e-11	3.9677931314e-10	0.0000000000e+00	0.0000000000e+00	0.0000000000e+00	0.0000000000e+00
2.4706984417e-01	2.4033694592e-05	1.0289953783e-05	5.6607356862e-10	3.0439772986e+00	2.4574327958e-01	1.2542210440e-04	3.9452100031e-16	7.5287072331e-01	1.8094265031e-05	5.9168337868e-08	7.6878366096e-06	6.1767461042e-02	2.1020255966e-11	4.0515996109e-10	0.0000000000e+00	0.0000000000e+00	0.0000000000e+00	0.0000000000e+00
2.4709648560e-01	2.4470806832e-05	1.0594114830e-05	5.5594166626e-10	3.0439772986e+00	2.4576982466e-01	1.2911073837e-04	4.0459959724e-16	7.5284273902e-01	1.8422669242e-05	5.8201604908e-08	7.9175008213e-06	6.1774121401e-02	2.2511243044e-11	3.9602540372e-10	0.0000000000e+00	0.0000000000e+00	0.0000000000e+00	0.0000000000e+00
2.4698226605e-01	2.4531846920e-05	1.0499406251e-05	5.8054106735e-10	3.0439772986e+00	2.4565601826e-01	1.2803513883e-04	4.0059624414e-16	7.5295707123e-01	1.8471427609e-05	5.7770810440e-08	7.8478313699e-06	6.1745566512e-02	2.3203268228e-11	4.1391923357e-10	0.0000000000e+00	0.0000000000e+00	0.0000000000e+00	0.0000000000e+00
2.4699568973e-01	2.4404316310e-05	1.0467671436e-05	5.4849882656e-10	3.0439772986e+00	2.4566939338e-01	1.2763898017e-04	4.0112600941e-16	7.5294391251e-01	1.8375081404e-05	5.8672821319e-08	7.8228966647e-06	6.1748922433e-02	2.2282504830e-11	3.9070634764e-10	0.0000000000e+00	0.0000000000e+00	0.0000000000e+00	0.0000000000e+00
2.4705908089e-01	2.4142741556e-05	1.0287816569e-05	5.8772158788e-10	3.0439772986e+00	2.4573255523e-01	1.2540328338e-04	3.9473433660e-16	7.5288132626e-01	1.8176619282e-05	5.8256517145e-08	7.6872484660e-06	6.1764770222e-02	2.1221286746e-11	4.2126332181e-10	0.0000000000e+00	0.0000000000e+00	0.0000000000e+00	0.0000000000e+00
2.4685282246e-01	2.4235173907e-05	1.0369076416e-05	5.6347223889e-10	3.0439772986e+00	2.4552704312e-01	1.2653400712e-04	3.9742203494e-16	7.5308724571e-01	1.8251200367e-05	5.8835530560e-08	7.7499836680e-06	6.1713205615e-02	2.1494024163e-11	4.0284973226e-10	0.0000000000e+00	0.0000000000e+00	0.0000000000e+00	0.0000000000e+00
2.4702032206e-01	2.4165065452e-05	1.0509868878e-05	5.9646135372e-10	3.0439772986e+00	2.4569393660e-01	1.2813659454e-04	3.9431193821e-16	7.5291954684e-01	1.8194350130e-05	5.8712212609e-08	7.8543735003e-06	6.1755080515e-02	2.2630237297e-11	4.2645717485e-10	0.0000000000e+00	0.0000000000e+00	0.0000000000e+00	0.0000000000e+00
2.4706965566e-01	2.4340250011e-05	1.0434480618e-05	5.5619162051e-10	3.0439772986e+00	2.4574309176e-01	1.2718370768e-04	3.9968626802e-16	7.5287012389e-01	1.8325047041e-05	5.8716922855e-08	7.7970917927e-06	6.1767413916e-02	2.1589280405e-11	3.9715077383e-10	0.0000000000e+00	0.0000000000e+00	0.0000000000e+00	0.0000000000e+00
2.4685445538e-01	2.4303590046e-05	1.0595916281e-05	5.6377962485e-10	3.0439772986e+00	2.4552867013e-01	1.2930089632e-04	3.9523309729e-16	7.5308499744e-01	1.8302669048e-05	5.8589659272e-08	7.9210359257e-06	6.1713613844e-02	2.3319784019e-11	4.0125419332e-10	0.0000000000e+00	0.0000000000e+00	0.0000000000e+00	0.0000000000e+00
2.4692953252e-01	2.4414713272e-05	1.0352401496e-05	5.4305134657e-10	3.0439772986e+00	2.4560347555e-01	1.2627837539e-04	4.0299045555e-16	7.5301030916e-01	1.8384530789e-05	5.8852039184e-08	7.7366130116e-06	6.1732383130e-02	2.0250654203e-11	3.8867260817e-10	0.0000000000e+00	0.0000000000e+00	0.0000000000e+00	0.0000000000e+00
2.4683288935e-01	2.4366619249e-05	1.0658448066e-05	5.8542006989e-10	3.0439772986e+00	2.4550718217e-01	1.3007901303e-04	3.9724426237e-16	7.5310632542e-01	1.8350655085e-05	5.7726311958e-08	7.9692183455e-06	6.1708222337e-02	2.2428305020e-11	4.1845525264e-10	0.0000000000e+00	0.0000000000e+00	0.0000000000e+00	0.0000000000e+00
2.4697380737e-01	2.4472914491e-05	1.0181332163e-05	5.2661421479e-10	3.0439772986e+00	2.4564759019e-01	1.2416216056e-04	4.0824786017e-16	7.5296633669e-01	1.8427280773e-05	5.9266963296e-08	7.6069334181e-06	6.1743451842e-02	2.2300070024e-11	3.7422270614e-10	0.0000000000e+00	0.0000000000e+00	0.0000000000e+00	0.0000000000e+00
2.4686259248e-01	2.4320780685e-05	1.0189460220e-05	5.3877675410e-10	3.0439772986e+00	2.4553677778e-01	1.2433565950e-04	3.9616618201e-16	7.5307775343e-01	1.8315438880e-05	5.8705423222e-08	7.6147503876e-06	6.1715648121e-02	2.0993292251e-11	3.8474749533e-10	0.0000000000e+00	0.0000000000e+00	0.0000000000e+00	0.0000000000e+00
2.4694584296e-01	2.4625156140e-05	1.0418210997e-05	5.2157885132e-10	3.0439772986e+00	2.4561972697e-01	1.2706989401e-04	4.0313427555e-16	7.5299353458e-01	1.8542583362e-05	5.9493869576e-08	7.7853516533e-06	6.1736460741e-02	2.1495579341e-11	3.7124992348e-10	0.0000000000e+00	0.0000000000e+00	0.0000000000e+00	0.0000000000e+00
2.4707057546e-01	2.3922961230e-05	1.0619487177e-05	5.7400353763e-10	3.0439772986e+00	2.4574400823e-01	1.2943811021e-04	3.9114877843e-16	7.5286941452e-01	1.8010865815e-05	5.7715897356e-08	7.9373711964e-06	6.1767643865e-02	2.0804227483e-11	4.1134547983e-10	0.0000000000e+00	0.0000000000e+00	0.0000000000e+00	0.0000000000e+00
2.4701450072e-01	2.4208028202e-05	1.0546182542e-05	5.8590412960e-10	3.0439772986e+00	2.4568813631e-01	1.2858333092e-04	3.9854360500e-16	7.5292522107e-01	1.8226834985e-05	5.8421058455e-08	7.8820657634e-06	6.1753625180e-02	2.1588412569e-11	4.1955358373e-10	0.0000000000e+00	0.0000000000e+00	0.0000000000e+00	0.0000000000e+00
2.4696109103e-01	2.3987376775e-05	1.0409126811e-05	5.4030497280e-10	3.0439772986e+00	2.4563491986e-01	1.2694885109e-04	3.9755761470e-16	7.5297926856e-01	1.8061997418e-05	5.8940478949e-08	7.7789162137e-06	6.1740272757e-02	2.3269464163e-11	3.8356897906e-10	0.0000000000e+00	0.0000000000e+00	0.0000000000e+00	0.0000000000e+00
2.4710130985e-01	2.4565950507e-05	1.0364789798e-05	5.6063875564e-10	3.0439772986e+00	2.4577463146e-01	1.2631273594e-04	3.9936157525e-16	7.5283828979e-01	1.8494188166e-05	5.9119639440e-08	7.7438909862e-06	6.1775327463e-02	2.1549551489e-11	4.0052077049e-10	0.0000000000e+00	0.0000000000e+00	0.0000000000e+00	0.0000000000e+00
2.4697347189e-01	2.4641988014e-05	1.0232981603e-05	5.5082418956e-10	3.0439772986e+00	2.4564725592e-01	1.2479219318e-04	4.0286147366e-16	7.5296630076e-01	1.8554586558e-05	5.7651735893e-08	7.6474385677e-06	6.1743367972e-02	2.3238375249e-11	3.9151367714e-10	0.0000000000e+00	0.0000000000e+00	0.0000000000e+00	0.0000000000e+00
2.4717017651e-01	2.4359267986e-05	1.0542880246e-05	5.6102826823e-10	3.0439772986e+00	2.4584324911e-01	1.2843551098e-04	4.0235864640e-16	7.5276933765e-01	1.8336910028e-05	5.9553694339e-08	7.8768032857e-06	6.1792544127e-02	2.2827109913e-11	3.9949776797e-10	0.0000000000e+00	0.0000000000e+00	0.0000000000e+00	0.0000000000e+00
2.4682738416e-01	2.4049002372e-05	1.0207661618e-05	5.7898158109e-10	3.0439772986e+00	2.4550169692e-01	1.2458141187e-04	3.9240984903e-16	7.5311332696e-01	1.8111624186e-05	5.9151239773e-08	7.6283747622e-06	6.1706846041e-02	1.9949032367e-11	4.1608971242e-10	0.0000000000e+00	0.0000000000e+00	0.0000000000e+00	0.0000000000e+00
2.4707125179e-01	2.4338668752e-05	1.0353806515e-05	5.7353806402e-10	3.0439772986e+00	2.4574468211e-01	1.2619933599e-04	4.0076169614e-16	7.5286871237e-01	1.8323822204e-05	5.9104255217e-08	7.7359527241e-06	6.1767812947e-02	2.3335395995e-11	4.0846346776e-10	0.0000000000e+00	0.0000000000e+00	0.0000000000e+00	0.0000000000e+00
2.4691884059e-01	2.4340706200e-05	1.0360014022e-05	5.6600671528e-10	3.0439772986e+00	2.4559282231e-01	1.2637851495e-04	3.9470983794e-16	7.5302109437e-01	1.8329065221e-05	5.8951348958e-08	7.7423577476e-06	6.1729710147e-02	2.1404327018e-11	4.0481066914e-10	0.0000000000e+00	0.0000000000e+00	0.0000000000e+00	0.0000000000e+00
2.4699338637e-01	2.4162399145e-05	1.0406435179e-05	5.3961615871e-10	3.0439772986e+00	2.4566709835e-01	1.2689394372e-04	3.9883664143e-16	7.5294671831e-01	1.8192999143e-05	5.8028540051e-08	7.7774626776e-06	6.1748346593e-02	2.1084164787e-11	3.8521805106e-10	0.0000000000e+00	0.0000000000e+00	0.0000000000e+00	0.0000000000e+00
2.4695669013e-01	2.4418728361e-05	1.0391368771e-05	5.4455283265e-10	3.0439772986e+00	2.4563053488e-01	1.2673517202e-04	4.0035311661e-16	7.5298305965e-01	1.8386888794e-05	5.8782265951e-08	7.7657423853e-06	6.1739172532e-02	2.1973654392e-11	3.8806540368e-10	0.0000000000e+00	0.0000000000e+00	0.0000000000e+00	0.0000000000e+00
2.4706442018e-01	2.4453517308e-05	1.0344975440e-05	5.0246739862e-10	3.0439772986e+00	2.4573787520e-01	1.2609630189e-04	3.9894858852e-16	7.5287539084e-01	1.8410451401e-05	5.8794863448e-08	7.7296825645e-06	6.1766105044e-02	2.1408301669e-11	3.5688703746e-10	0.0000000000e+00	0.0000000000e+00	0.0000000000e+00	0.0000000000e+00
2.4712367612e-01	2.4112158946e-05	1.0326254827e-05	5.6280088604e-10	3.0439772986e+00	2.4579691685e-01	1.2582812231e-04	3.9773451333e-16	7.5281669551e-01	1.8152035820e-05	5.8617143281e-08	7.7151598929e-06	6.1780919030e-02	2.1824817449e-11	4.0186108581e-10	0.0000000000e+00	0.0000000000e+00	0.0000000000e+00	0.0000000000e+00
2.4692763958e-01	2.4413124565e-05	1.0334947642e-05	5.3872360211e-10	3.0439772986e+00	2.4560158945e-01	1.2606676396e-04	4.0307381455e-16	7.5301224379e-01	1.8383381706e-05	5.9195115937e-08	7.7231469973e-06	6.1731909894e-02	2.1868870476e-11	3.8379659794e-10	0.0000000000e+00	0.0000000000e+00	0.0000000000e+00	0.0000000000e+00
2.4700211911e-01	2.4683097171e-05	1.0277133464e-05	5.4668838505e-10	3.0439772986e+00	2.4567579950e-01	1.2531129930e-04	4.0638412560e-16	7.5293749424e-01	1.8584829334e-05	5.9694949691e-08	7.6783441689e-06	6.1750529777e-02	2.3181682305e-11	3.8844050046e-10	0.0000000000e+00	0.0000000000e+00	0.0000000000e+00	0.0000000000e+00
2.4683665099e-01	2.4344401105e-05	1.0248408845e-05	5.5477674931e-10	3.0439772986e+00	2.4551093020e-01	1.2507239562e-04	4.0237760199e-16	7.5310352404e-01	1.8333854263e-05	5.9344335359e-08	7.6587684815e-06	6.1709162748e-02	2.1157005578e-11	3.9664731938e-10	0.0000000000e+00	0.0000000000e+00	0.0000000000e+00	0.0000000000e+00
2.4734113539e-01	2.4390218601e-05	1.0197499846e-05	5.5897598540e-10	3.0439772986e+00	2.4601359012e-01	1.2411408165e-04	4.0475603522e-16	7.5259912567e-01	1.8356057194e-05	5.9246881754e-08	7.6153825862e-06	6.1835283847e-02	2.2582457650e-11	3.9810238023e-10	0.0000000000e+00	0.0000000000e+00	0.0000000000e+00	0.0000000000e+00
2.4696086284e-01	2.3848703612e-05	1.0533664390e-05	5.8333160805e-10	3.0439772986e+00	2.4563469250e-01	1.2846784635e-04	3.9160826944e-16	7.5297942402e-01	1.7957583110e-05	5.7165164373e-08	7.8744673808e-06	6.1740215710e-02	2.1571739549e-11	4.1766495869e-10	0.0000000000e+00	0.0000000000e+00	0.0000000000e+00	0.0000000000e+00
2.4692093065e-01	2.4465434671e-05	1.0279009373e-05	5.3089564762e-10	3.0439772986e+00	2.4559490480e-01	1.2538895487e-04	4.0888907508e-16	7.5301899981e-01	1.8422937146e-05	5.9202866398e-08	7.6810864910e-06	6.1730232662e-02	2.2060087225e-11	3.7771442235e-10	0.0000000000e+00	0.0000000000e+00	0.0000000000e+00	0.0000000000e+00
2.4703856382e-01	2.4296976037e-05	1.0571186605e-05	5.6563158769e-10	3.0439772986e+00	2.4571211237e-01	1.2887148503e-04	3.9729823655e-16	7.5290096959e-01	1.8293216816e-05	5.8344011440e-08	7.9007126332e-06	6.1759640956e-02	2.1052141942e-11	4.0481242886e-10	0.0000000000e+00	0.0000000000e+00	0.0000000000e+00	0.0000000000e+00
2.4712142357e-01	2.4363704398e-05	1.0325315585e-05	5.4915382041e-10	3.0439772986e+00	2.4579467245e-01	1.2581813774e-04	4.0080422920e-16	7.5281857137e-01	1.8341449138e-05	5.8292815236e-08	7.7147965123e-06	6.1780355893e-02	2.1628745055e-11	3.9178444949e-10	0.0000000000e+00	0.0000000000e+00	0.0000000000e+00	0.0000000000e+00
2.4699311659e-01	2.4555706658e-05	1.0336759536e-05	5.4605029961e-10	3.0439772986e+00	2.4566682955e-01	1.2604444320e-04	4.0164610001e-16	7.5294655318e-01	1.8489134689e-05	5.8850044367e-08	7.7241774196e-06	6.1748279148e-02	2.2377973601e-11	3.8876871735e-10	0.0000000000e+00	0.0000000000e+00	0.0000000000e+00	0.0000000000e+00
2.4694696955e-01	2.3748982687e-05	1.0532597819e-05	5.4964493481e-10	3.0439772986e+00	2.4562084947e-01	1.2846446156e-04	3.8403167630e-16	7.5299346897e-01	1.7882828858e-05	5.7788590677e-08	7.8731887782e-06	6.1736742386e-02	2.3095339567e-11	3.9078370660e-10	0.0000000000e+00	0.0000000000e+00	0.0000000000e+00	0.0000000000e+00
2.4707577246e-01	2.4374026588e-05	1.0363159958e-05	5.3797421446e-10	3.0439772986e+00	2.4574918642e-01	1.2631026025e-04	3.9790403777e-16	7.5286411790e-01	1.8350330027e-05	5.8569531067e-08	7.7434817492e-06	6.1768943114e-02	2.1686024778e-11	3.8333545764e-10	0.0000000000e+00	0.0000000000e+00	0.0000000000e+00	0.0000000000e+00
2.4688196114e-01	2.4239836472e-05	1.0193799275e-05	5.3644357071e-10	3.0439772986e+00	2.4555607633e-01	1.2437566746e-04	3.9996053243e-16	7.5305849843e-01	1.8254014856e-05	5.8882839637e-08	7.6176443354e-06	6.1720490284e-02	2.0815278014e-11	3.8315811184e-10	0.0000000000e+00	0.0000000000e+00	0.0000000000e+00	0.0000000000e+00
2.4695468734e-01	2.4058035817e-05	1.0549805978e-05	5.7651357522e-10	3.0439772986e+00	2.4562853934e-01	1.2866892059e-04	3.9228872419e-16	7.5298524738e-01	1.8115346051e-05	5.6811587981e-08	7.8870366760e-06	6.1738671836e-02	2.1977343372e-11	4.1212887368e-10	0.0000000000e+00	0.0000000000e+00	0.0000000000e+00	0.0000000000e+00
2.4691604378e-01	2.3964272150e-05	1.0594171946e-05	5.7274437057e-10	3.0439772986e+00	2.4559003562e-01	1.2923688326e-04	3.9078628053e-16	7.5302392886e-01	1.8045670367e-05	5.8079346890e-08	7.9195856347e-06	6.1729010946e-02	2.2295463976e-11	4.0899475218e-10	0.0000000000e+00	0.0000000000e+00	0.0000000000e+00	0.0000000000e+00
2.4703639700e-01	2.4614921319e-05	1.0411450426e-05	5.6148548700e-10	3.0439772986e+00	2.4570995339e-01	1.2692562790e-04	4.0501428001e-16	7.5290301831e-01	1.8532648556e-05	5.8624762504e-08	7.7801876881e-06	6.1759099250e-02	2.1720753338e-11	4.0102336456e-10	0.0000000000e+00	0.0000000000e+00	0.0000000000e+00	0.0000000000e+00
2.4711439878e-01	2.4399906060e-05	1.0264545519e-05	5.2678234045e-10	3.0439772986e+00	2.4578767306e-01	1.2508236643e-04	4.0085628320e-16	7.5282567845e-01	1.8368875834e-05	5.9002550753e-08	7.6684108938e-06	6.1778599696e-02	2.1793594465e-11	3.7478167838e-10	0.0000000000e+00	0.0000000000e+00	0.0000000000e+00	0.0000000000e+00
2.4696249093e-01	2.4289592566e-05	1.0581905144e-05	5.4737674269e-10	3.0439772986e+00	2.4563631469e-01	1.2905492502e-04	3.9562883070e-16	7.5297702339e-01	1.8289505110e-05	5.8085119154e-08	7.9098463181e-06	6.1740622732e-02	2.0615681663e-11	3.9154642872e-10	0.0000000000e+00	0.0000000000e+00	0.0000000000e+00	0.0000000000e+00
2.4693743275e-01	2.3930602362e-05	1.0506424755e-05	5.9512970687e-10	3.0439772986e+00	2.4561134719e-01	1.2815176815e-04	3.9170292620e-16	7.5300279039e-01	1.8019810354e-05	5.8164499925e-08	7.8532026575e-06	6.1734358189e-02	2.2424234440e-11	4.2571009547e-10	0.0000000000e+00	0.0000000000e+00	0.0000000000e+00	0.0000000000e+00
2.4703170874e-01	2.4369736731e-05	1.0483683980e-05	5.4481861932e-10	3.0439772986e+00	2.4570528209e-01	1.2780948096e-04	3.9725789194e-16	7.5290791231e-01	1.8348167606e-05	5.9584783032e-08	7.8336638353e-06	6.1757927185e-02	2.3679968937e-11	3.8651828032e-10	0.0000000000e+00	0.0000000000e+00	0.0000000000e+00	0.0000000000e+00
2.4692148903e-01	2.4526844235e-05	1.0262132486e-05	5.4573960711e-10	3.0439772986e+00	2.4559546116e-01	1.2518269646e-04	4.0121464917e-16	7.5301838704e-01	1.8469164685e-05	5.7482870519e-08	7.6700915819e-06	6.1730372257e-02	2.1025298456e-11	3.8992666023e-10	0.0000000000e+00	0.0000000000e+00	0.0000000000e+00	0.0000000000e+00
2.4706979937e-01	2.3809468848e-05	1.0456477531e-05	5.5111416503e-10	3.0439772986e+00	2.4574323494e-01	1.2745185189e-04	3.8318744893e-16	7.5287072970e-01	1.7925452185e-05	5.7296557233e-08	7.8150793119e-06	6.1767449842e-02	2.0808559466e-11	3.9410916411e-10	0.0000000000e+00	0.0000000000e+00	0.0000000000e+00	0.0000000000e+00
2.4691312000e-01	2.4062809025e-05	1.0766058089e-05	5.9540998076e-10	3.0439772986e+00	2.4558712242e-01	1.3133567072e-04	3.9098426091e-16	7.5302631563e-01	1.8119928424e-05	5.7679392904e-08	8.0494456635e-06	6.1728280000e-02	2.1610160631e-11	4.2674922347e-10	0.0000000000e+00	0.0000000000e+00	0.0000000000e+00	0.0000000000e+00
2.4686069716e-01	2.4434186614e-05	1.0409728949e-05	5.5416439072e-10	3.0439772986e+00	2.4553488931e-01	1.2702464428e-04	3.9957997576e-16	7.5307898014e-01	1.8400872336e-05	5.9159309339e-08	7.7801887511e-06	6.1715174289e-02	2.1370217538e-11	3.9595933665e-10	0.0000000000e+00	0.0000000000e+00	0.0000000000e+00	0.0000000000e+00
2.4698257057e-01	2.4308631584e-05	1.0440197853e-05	5.6437874232e-10	3.0439772986e+00	2.4565632168e-01	1.2731299229e-04	3.9831730502e-16	7.5295723667e-01	1.8303360065e-05	5.8831361415e-08	7.8021911643e-06	6.1745642642e-02	2.1630249676e-11	4.0332280857e-10	0.0000000000e+00	0.0000000000e+00	0.0000000000e+00	0.0000000000e+00
2.4688138407e-01	2.4330472695e-05	1.0370514708e-05	5.7179287957e-10	3.0439772986e+00	2.4555550135e-01	1.2653209459e-04	3.9944857817e-16	7.5305853957e-01	1.8322270235e-05	5.8063332154e-08	7.7515413284e-06	6.1720346016e-02	2.1537496392e-11	4.0905601443e-10	0.0000000000e+00	0.0000000000e+00	0.0000000000e+00	0.0000000000e+00
2.4709209527e-01	2.4274236069e-05	1.0549816152e-05	5.4523376147e-10	3.0439772986e+00	2.4576545021e-01	1.2857397111e-04	3.9569587600e-16	7.5284752505e-01	1.8274798547e-05	5.9012414259e-08	7.8833905655e-06	6.1773023818e-02	2.2333795202e-11	3.8814409270e-10	0.0000000000e+00	0.0000000000e+00	0.0000000000e+00	0.0000000000e+00
2.4706339168e-01	2.4115256550e-05	1.0491004754e-05	5.9467455728e-10	3.0439772986e+00	2.4573685042e-01	1.2787701032e-04	3.9185159700e-16	7.5287659827e-01	1.8155812318e-05	5.7473580008e-08	7.8409583919e-06	6.1765847919e-02	2.1931665495e-11	4.2578489227e-10	0.0000000000e+00	0.0000000000e+00	0.0000000000e+00	0.0000000000e+00
2.4692349918e-01	2.4528701312e-05	1.0318961167e-05	5.3563781284e-10	3.0439772986e+00	2.4559746404e-01	1.2587453888e-04	4.0866372563e-16	7.5301624594e-01	1.8470510579e-05	5.8811733173e-08	7.7115336665e-06	6.1730874796e-02	2.1860292926e-11	3.8148368208e-10	0.0000000000e+00	0.0000000000e+00	0.0000000000e+00	0.0000000000e+00
2.4690804782e-01	2.3929407130e-05	1.0580510355e-05	5.8698276856e-10	3.0439772986e+00	2.4558206860e-01	1.2907579195e-04	3.8693202004e-16	7.5303200748e-01	1.8019609489e-05	5.8335196140e-08	7.9091277566e-06	6.1727011955e-02	2.2640973128e-11	4.1937583944e-10	0.0000000000e+00	0.0000000000e+00	0.0000000000e+00	0.0000000000e+00
2.4707465951e-01	2.4306705491e-05	1.0326469513e-05	5.0918356883e-10	3.0439772986e+00	2.4574807751e-01	1.2586384653e-04	4.0009712197e-16	7.5286541513e-01	1.8299677920e-05	5.8388162917e-08	7.7160535935e-06	6.1768664878e-02	2.0123387992e-11	3.6322331093e-10	0.0000000000e+00	0.0000000000e+00	0.0000000000e+00	0.0000000000e+00
2.4703112271e-01	2.4306352625e-05	1.0421926487e-05	5.7095002211e-10	3.0439772986e+00	2.4570469818e-01	1.2705701826e-04	3.9460472047e-16	7.5290873307e-01	1.8300465161e-05	5.7819987942e-08	7.7889394795e-06	6.1757780678e-02	2.1163293628e-11	4.0870996416e-10	0.0000000000e+00	0.0000000000e+00	0.0000000000e+00	0.0000000000e+00
2.4704909056e-01	2.4375438579e-05	1.0412593222e-05	5.4392620836e-10	3.0439772986e+00	2.4572260103e-01	1.2693095795e-04	4.0068663246e-16	7.5289068386e-01	1.8352040621e-05	5.8049746342e-08	7.7814946850e-06	6.1762272640e-02	2.2394114737e-11	3.8712286024e-10	0.0000000000e+00	0.0000000000e+00	0.0000000000e+00	0.0000000000e+00
2.4692924403e-01	2.4049639873e-05	1.0326837323e-05	5.5897102292e-10	3.0439772986e+00	2.4560318810e-01	1.2596684119e-04	3.9695410853e-16	7.5301120506e-01	1.8109648302e-05	5.9142358459e-08	7.7170818584e-06	6.1732311007e-02	2.1155732217e-11	3.9975571135e-10	0.0000000000e+00	0.0000000000e+00	0.0000000000e+00	0.0000000000e+00
2.4699875644e-01	2.4023821642e-05	1.0385555704e-05	5.4972700365e-10	3.0439772986e+00	2.4567244899e-01	1.2663573027e-04	3.8688710329e-16	7.5294160444e-01	1.8088534812e-05	5.7907395810e-08	7.7618095787e-06	6.1749689110e-02	2.1856319255e-11	3.9205601288e-10	0.0000000000e+00	0.0000000000e+00	0.0000000000e+00	0.0000000000e+00
2.4709704102e-01	2.4297528733e-05	1.0352214554e-05	5.5478803145e-10	3.0439772986e+00	2.4577037807e-01	1.2616245236e-04	3.9491157270e-16	7.5284299084e-01	1.8292224202e-05	5.8520235426e-08	7.7350719312e-06	6.1774260254e-02	2.2047186462e-11	3.9562109442e-10	0.0000000000e+00	0.0000000000e+00	0.0000000000e+00	0.0000000000e+00
2.4702690805e-01	2.4224576427e-05	1.0512912545e-05	5.6345550869e-10	3.0439772986e+00	2.4570049876e-01	1.2816914833e-04	3.9531065356e-16	7.5291286507e-01	1.8238995243e-05	5.8334032963e-08	7.8569730715e-06	6.1756727011e-02	2.1052240521e-11	4.0318066087e-10	0.0000000000e+00	0.0000000000e+00	0.0000000000e+00	0.0000000000e+00
2.4723583262e-01	2.4267652328e-05	1.0454468353e-05	5.6456881668e-10	3.0439772986e+00	2.4590866788e-01	1.2731359073e-04	3.9766414583e-16	7.5270402433e-01	1.8266359568e-05	5.9079960613e-08	7.8100404410e-06	6.1808958154e-02	2.1956573912e-11	4.0299664642e-10	0.0000000000e+00	0.0000000000e+00	0.0000000000e+00	0.0000000000e+00
2.4699539869e-01	2.4396524561e-05	1.0293410019e-05	5.4752716788e-10	3.0439772986e+00	2.4566910339e-01	1.2551436378e-04	4.0658574640e-16	7.5294460886e-01	1.8369231643e-05	5.8375101021e-08	7.6919924798e-06	6.1748849673e-02	2.2695362470e-11	3.8956226679e-10	0.0000000000e+00	0.0000000000e+00	0.0000000000e+00	0.0000000000e+00
2.4707144676e-01	2.4445637223e-05	1.0186675751e-05	5.5174229681e-10	3.0439772986e+00	2.4574487637e-01	1.2416213652e-04	4.1105680018e-16	7.5286873394e-01	1.8404355947e-05	5.9256274634e-08	7.6099734010e-06	6.1767861689e-02	2.1379411658e-11	3.9401011280e-10	0.0000000000e+00	0.0000000000e+00	0.0000000000e+00	0.0000000000e+00
2.4703239261e-01	2.4749332219e-05	1.0353693536e-05	5.8113983974e-10	3.0439772986e+00	2.4570596348e-01	1.2622422092e-04	4.0902610012e-16	7.5290695034e-01	1.8633944244e-05	5.9183419886e-08	7.7361844049e-06	6.1758098152e-02	2.2573420463e-11	4.1497080400e-10	0.0000000000e+00	0.0000000000e+00	0.0000000000e+00	0.0000000000e+00
2.4695861499e-01	2.4417059103e-05	1.0334490010e-05	5.5939689808e-10	3.0439772986e+00	2.4563245278e-01	1.2604018483e-04	3.9971887577e-16	7.5298126586e-01	1.8385588072e-05	5.9393495139e-08	7.7222838745e-06	6.1739653747e-02	2.1063172410e-11	4.0015221202e-10	0.0000000000e+00	0.0000000000e+00	0.0000000000e+00	0.0000000000e+00
2.4705998274e-01	2.4103498416e-05	1.0404014855e-05	6.1422947209e-10	3.0439772986e+00	2.4573345382e-01	1.2681903263e-04	3.9570361278e-16	7.5288022100e-01	1.8147047215e-05	5.8728128917e-08	7.7742488744e-06	6.1764995685e-02	2.2891858764e-11	4.3954936193e-10	0.0000000000e+00	0.0000000000e+00	0.0000000000e+00	0.0000000000e+00
2.4711689404e-01	2.4700223965e-05	1.0171550783e-05	5.4237204099e-10	3.0439772986e+00	2.4579015929e-01	1.2394744287e-04	4.0748858825e-16	7.5282294118e-01	1.8594895253e-05	5.8853975886e-08	7.5985228006e-06	6.1779223510e-02	2.3129616515e-11	3.8518049860e-10	0.0000000000e+00	0.0000000000e+00	0.0000000000e+00	0.0000000000e+00
2.4703906698e-01	2.4372827762e-05	1.0494014839e-05	5.6612394375e-10	3.0439772986e+00	2.4571261371e-01	1.2793036170e-04	4.0291570839e-16	7.5290052656e-01	1.8350314856e-05	5.8577489954e-08	7.8423718083e-06	6.1759766746e-02	2.1932804400e-11	4.0430221094e-10	0.0000000000e+00	0.0000000000e+00	0.0000000000e+00	0.0000000000e+00
2.4699665204e-01	2.3853828681e-05	1.0515663587e-05	5.6082461600e-10	3.0439772986e+00	2.4567035221e-01	1.2822363826e-04	3.8517872279e-16	7.5294367072e-01	1.7960589328e-05	5.8541780898e-08	7.8591605599e-06	6.1749163011e-02	2.2759583788e-11	3.9950976121e-10	0.0000000000e+00	0.0000000000e+00	0.0000000000e+00	0.0000000000e+00
2.4691578699e-01	2.4598945424e-05	1.0292346916e-05	5.4228498713e-10	3.0439772986e+00	2.4558977976e-01	1.2555508793e-04	4.0109762855e-16	7.5302391182e-01	1.8523594110e-05	5.9135441433e-08	7.6912478954e-06	6.1728946747e-02	2.3094942473e-11	3.8525861986e-10	0.0000000000e+00	0.0000000000e+00	0.0000000000e+00	0.0000000000e+00
2.4724941118e-01	2.4705243637e-05	1.0139368177e-05	5.4511279532e-10	3.0439772986e+00	2.4592219736e-01	1.2346732902e-04	4.1164480469e-16	7.5269049973e-01	1.8595402179e-05	5.8826905160e-08	7.5729791946e-06	6.1812352795e-02	2.2623768559e-11	3.8767745376e-10	0.0000000000e+00	0.0000000000e+00	0.0000000000e+00	0.0000000000e+00
2.4703269487e-01	2.4394486079e-05	1.0537181054e-05	5.4822574528e-10	3.0439772986e+00	2.4570626465e-01	1.2846097051e-04	3.9957199211e-16	7.5290676815e-01	1.8366773675e-05	5.7864824393e-08	7.8756501082e-06	6.1758173716e-02	2.2013600818e-11	3.9074927328e-10	0.0000000000e+00	0.0000000000e+00	0.0000000000e+00	0.0000000000e+00
2.4708168226e-01	2.3997895318e-05	1.0421071798e-05	5.6389341603e-10	3.0439772986e+00	2.4575507486e-01	1.2701215097e-04	3.8991517193e-16	7.5285864394e-01	1.8067022926e-05	5.7361951003e-08	7.7882320313e-06	6.1770420565e-02	2.2781975307e-11	4.0175005721e-10	0.0000000000e+00	0.0000000000e+00	0.0000000000e+00	0.0000000000e+00
2.4712107337e-01	2.4054316907e-05	1.0226152573e-05	5.3738698045e-10	3.0439772986e+00	2.4579432351e-01	1.2461014515e-04	3.9413425005e-16	7.5281961134e-01	1.8108561505e-05	5.8578817002e-08	7.6398693882e-06	6.1780268341e-02	2.1281607211e-11	3.8327385055e-10	0.0000000000e+00	0.0000000000e+00	0.0000000000e+00	0.0000000000e+00
2.4699707576e-01	2.4760378206e-05	1.0276616150e-05	5.5841572401e-10	3.0439772986e+00	2.4567077440e-01	1.2530837021e-04	4.0644424101e-16	7.5294242192e-01	1.8643139134e-05	5.8747395003e-08	7.6789528579e-06	6.1749268941e-02	2.1977019979e-11	3.9847786769e-10	0.0000000000e+00	0.0000000000e+00	0.0000000000e+00	0.0000000000e+00
2.4708985266e-01	2.4180779236e-05	1.0372009082e-05	5.5490153162e-10	3.0439772986e+00	2.4576321571e-01	1.2640859452e-04	3.9193207177e-16	7.5285030969e-01	1.8204507136e-05	5.7291346822e-08	7.7512789023e-06	6.1772463166e-02	2.3067409622e-11	3.9469038031e-10	0.0000000000e+00	0.0000000000e+00	0.0000000000e+00	0.0000000000e+00
2.4675044137e-01	2.5089406786e-05	1.0117047753e-05	5.3075719802e-10	3.0439772986e+00	2.4542503272e-01	1.2352639439e-04	4.1873055439e-16	7.5318890156e-01	1.8897062738e-05	5.9014976502e-08	7.5610331076e-06	6.1687610343e-02	2.2436580064e-11	3.7732385091e-10	0.0000000000e+00	0.0000000000e+00	0.0000000000e+00	0.0000000000e+00
2.4715366024e-01	2.4515660735e-05	1.0257623866e-05	5.5555674835e-10	3.0439772986e+00	2.4582679255e-01	1.2497161989e-04	4.0179614774e-16	7.5278626134e-01	1.8455052589e-05	5.8663894574e-08	7.6631344256e-06	6.1788415059e-02	2.3217907934e-11	3.9499757961e-10	0.0000000000e+00	0.0000000000e+00	0.0000000000e+00	0.0000000000e+00
2.4698832306e-01	2.4286195229e-05	1.0386315682e-05	5.6122232776e-10	3.0439772986e+00	2.4566205336e-01	1.2665203489e-04	4.0041884338e-16	7.5295164014e-01	1.8286330530e-05	5.9291466489e-08	7.7611019611e-06	6.1747080766e-02	2.0961457455e-11	4.0161181471e-10	0.0000000000e+00	0.0000000000e+00	0.0000000000e+00	0.0000000000e+00
2.4713235899e-01	2.4157950542e-05	1.0362554517e-05	5.5424170810e-10	3.0439772986e+00	2.4580556832e-01	1.2626452558e-04	3.9266536913e-16	7.5280786247e-01	1.8186295109e-05	5.7012097390e-08	7.7440004181e-06	6.1783089746e-02	2.0058944511e-11	3.9717857105e-10	0.0000000000e+00	0.0000000000e+00	0.0000000000e+00	0.0000000000e+00
2.4685362567e-01	2.4559864930e-05	1.0429558332e-05	5.7670940852e-10	3.0439772986e+00	2.4552784343e-01	1.2727141332e-04	3.9893009065e-16	7.5308581686e-01	1.8495685943e-05	5.7783169503e-08	7.7965692863e-06	6.1713406418e-02	2.0786673860e-11	4.1352500214e-10	0.0000000000e+00	0.0000000000e+00	0.0000000000e+00	0.0000000000e+00
2.4687109943e-01	2.4240883434e-05	1.0543278364e-05	5.8111032666e-10	3.0439772986e+00	2.4554525394e-01	1.2864708032e-04	3.9544270398e-16	7.5306856798e-01	1.8255047374e-05	5.7382836148e-08	7.8824287033e-06	6.1717774858e-02	2.1861475307e-11	4.1575444623e-10	0.0000000000e+00	0.0000000000e+00	0.0000000000e+00	0.0000000000e+00
2.4689633783e-01	2.4047193967e-05	1.0780787891e-05	5.7016838804e-10	3.0439772986e+00	2.4557040098e-01	1.3152722902e-04	3.8680264600e-16	7.5304308683e-01	1.8108573174e-05	5.7225046193e-08	8.0611727460e-06	6.1724084456e-02	2.2297555755e-11	4.0706380719e-10	0.0000000000e+00	0.0000000000e+00	0.0000000000e+00	0.0000000000e+00
2.4691256769e-01	2.4769572946e-05	1.0076145802e-05	5.1835160097e-10	3.0439772986e+00	2.4558657211e-01	1.2291984271e-04	4.0872595449e-16	7.5302736240e-01	1.8652166183e-05	5.9606149336e-08	7.5280073468e-06	6.1728141924e-02	2.0746025878e-11	3.6958691300e-10	0.0000000000e+00	0.0000000000e+00	0.0000000000e+00	0.0000000000e+00
2.4684271649e-01	2.4457867815e-05	1.0473462163e-05	5.5916059769e-10	3.0439772986e+00	2.4551697374e-01	1.2781467874e-04	4.0138182483e-16	7.5309677969e-01	1.8419141490e-05	5.8747755205e-08	7.8287828716e-06	6.1710679123e-02	2.2696454774e-11	3.9840559068e-10	0.0000000000e+00	0.0000000000e+00	0.0000000000e+00	0.0000000000e+00
2.4703430051e-01	2.4610607592e-05	1.0318908602e-05	5.7526211753e-10	3.0439772986e+00	2.4570786448e-01	1.2579890761e-04	4.0291019013e-16	7.5290533006e-01	1.8529457632e-05	5.9415688556e-08	7.7097455980e-06	6.1758575127e-02	2.2448705958e-11	4.1066920851e-10	0.0000000000e+00	0.0000000000e+00	0.0000000000e+00	0.0000000000e+00
2.4717450857e-01	2.4331716913e-05	1.0361680970e-05	5.5505772586e-10	3.0439772986e+00	2.4584756551e-01	1.2622524146e-04	4.0080389462e-16	7.5276545661e-01	1.8316075992e-05	5.9219973052e-08	7.7406955335e-06	6.1793627142e-02	2.2072485199e-11	3.9575579725e-10	0.0000000000e+00	0.0000000000e+00	0.0000000000e+00	0.0000000000e+00
2.4694837799e-01	2.4257116014e-05	1.0294079290e-05	5.7919272584e-10	3.0439772986e+00	2.4562225282e-01	1.2555429937e-04	4.0019601017e-16	7.5299183406e-01	1.8265410276e-05	5.8326755060e-08	7.6930308897e-06	6.1737094498e-02	2.2750749659e-11	4.1337664325e-10	0.0000000000e+00	0.0000000000e+00	0.0000000000e+00	0.0000000000e+00
2.4683353374e-01	2.4554120947e-05	1.0368866032e-05	5.3539030454e-10	3.0439772986e+00	2.4550782423e-01	1.2654448778e-04	4.0246448865e-16	7.5310605316e-01	1.8491857115e-05	5.8313331419e-08	7.7505424417e-06	6.1708383434e-02	2.2325868737e-11	3.8087981042e-10	0.0000000000e+00	0.0000000000e+00	0.0000000000e+00	0.0000000000e+00
2.4714687679e-01	2.4409989781e-05	1.0320941131e-05	5.5442170520e-10	3.0439772986e+00	2.4582003363e-01	1.2574761956e-04	3.9944910652e-16	7.5279306035e-01	1.8375670910e-05	5.8957556847e-08	7.7105753027e-06	6.1786719198e-02	2.2682358247e-11	3.9468245393e-10	0.0000000000e+00	0.0000000000e+00	0.0000000000e+00	0.0000000000e+00
2.4698786551e-01	2.3896679549e-05	1.0361583697e-05	5.6080881786e-10	3.0439772986e+00	2.4566159747e-01	1.2635086862e-04	3.9127883440e-16	7.5295274005e-01	1.7993070345e-05	5.8244663996e-08	7.7435381722e-06	6.1746966377e-02	2.2018915299e-11	4.0024362076e-10	0.0000000000e+00	0.0000000000e+00	0.0000000000e+00	0.0000000000e+00
2.4692832324e-01	2.4100237078e-05	1.0296575110e-05	5.6133323580e-10	3.0439772986e+00	2.4560227065e-01	1.2559832309e-04	3.9465233750e-16	7.5301211792e-01	1.8147770565e-05	5.9137765533e-08	7.6943080653e-06	6.1732080811e-02	2.0773623768e-11	4.0191710498e-10	0.0000000000e+00	0.0000000000e+00	0.0000000000e+00	0.0000000000e+00
2.4695117577e-01	2.4639347044e-05	1.0368180192e-05	5.3674404723e-10	3.0439772986e+00	2.4562504048e-01	1.2645606223e-04	4.0419067532e-16	7.5298829377e-01	1.8553139891e-05	5.8830903059e-08	7.7482874094e-06	6.1737793942e-02	2.1267242737e-11	3.8289474157e-10	0.0000000000e+00	0.0000000000e+00	0.0000000000e+00	0.0000000000e+00
2.4706568731e-01	2.4222917525e-05	1.0358712596e-05	5.6425100266e-10	3.0439772986e+00	2.4573913775e-01	1.2626293884e-04	3.9330382930e-16	7.5287443966e-01	1.8236815459e-05	5.8153336964e-08	7.7406566047e-06	6.1766421827e-02	2.1598492493e-11	4.0321166497e-10	0.0000000000e+00	0.0000000000e+00	0.0000000000e+00	0.0000000000e+00
2.4708689054e-01	2.4420356563e-05	1.0141293055e-05	5.4744194207e-10	3.0439772986e+00	2.4576026430e-01	1.2359874317e-04	4.0246929861e-16	7.5285343196e-01	1.8384949248e-05	5.9549217910e-08	7.5753580631e-06	6.1771722635e-02	2.3175028343e-11	3.8896851654e-10	0.0000000000e+00	0.0000000000e+00	0.0000000000e+00	0.0000000000e+00
2.4698428357e-01	2.3867078133e-05	1.0566354402e-05	5.8103983460e-10	3.0439772986e+00	2.4565802849e-01	1.2885028654e-04	3.9024688346e-16	7.5295590365e-01	1.7970857383e-05	5.7474777509e-08	7.8985241499e-06	6.1746070894e-02	2.1899150778e-11	4.1559822295e-10	0.0000000000e+00	0.0000000000e+00	0.0000000000e+00	0.0000000000e+00
2.4700845221e-01	2.4451657513e-05	1.0476773991e-05	5.8312955391e-10	3.0439772986e+00	2.4568210969e-01	1.2774119210e-04	4.0062239175e-16	7.5293105903e-01	1.8410412386e-05	5.8013589039e-08	7.8302749471e-06	6.1752113052e-02	2.3060994429e-11	4.1599535815e-10	0.0000000000e+00	0.0000000000e+00	0.0000000000e+00	0.0000000000e+00
2.4695925186e-01	2.3993169705e-05	1.0274831469e-05	5.5669421116e-10	3.0439772986e+00	2.4563308734e-01	1.2531228448e-04	3.8808067887e-16	7.5298140212e-01	1.8066410566e-05	5.7522144257e-08	7.6792348616e-06	6.1739812964e-02	2.1913542138e-11	3.9726684553e-10	0.0000000000e+00	0.0000000000e+00	0.0000000000e+00	0.0000000000e+00
2.4703667580e-01	2.4008341028e-05	1.0463460824e-05	5.7344602944e-10	3.0439772986e+00	2.4571023118e-01	1.2755962847e-04	3.9513915056e-16	7.5290353532e-01	1.8075964837e-05	5.8184773219e-08	7.8197918728e-06	6.1759168949e-02	2.3431269490e-11	4.0831827339e-10	0.0000000000e+00	0.0000000000e+00	0.0000000000e+00	0.0000000000e+00
2.4696910598e-01	2.4314200783e-05	1.0463272274e-05	5.8118542445e-10	3.0439772986e+00	2.4564290581e-01	1.2760360103e-04	3.9618411275e-16	7.5297063959e-01	1.8307879315e-05	5.8548935634e-08	7.8199878806e-06	6.1742276495e-02	2.2677951254e-11	4.1493760951e-10	0.0000000000e+00	0.0000000000e+00	0.0000000000e+00	0.0000000000e+00
2.4734834985e-01	2.4002182634e-05	1.0478359977e-05	5.9184994530e-10	3.0439772986e+00	2.4602077852e-01	1.2752748819e-04	3.9340560486e-16	7.5259186155e-01	1.8063847310e-05	5.7555699101e-08	7.8283727419e-06	6.1837087463e-02	2.2644103029e-11	4.2277734906e-10	0.0000000000e+00	0.0000000000e+00	0.0000000000e+00	0.0000000000e+00
2.4695509292e-01	2.5178450148e-05	1.0139924056e-05	5.0844784532e-10	3.0439772986e+00	2.4562894346e-01	1.2366947050e-04	4.2114539172e-16	7.5298408085e-01	1.8958972142e-05	5.8621325628e-08	7.5765800695e-06	6.1738773231e-02	2.0092955584e-11	3.6276017788e-10	0.0000000000e+00	0.0000000000e+00	0.0000000000e+00	0.0000000000e+00
2.4703331579e-01	2.4316244098e-05	1.0461564702e-05	5.8549626416e-10	3.0439772986e+00	2.4570688333e-01	1.2753873891e-04	3.9928269288e-16	7.5290643567e-01	1.8307856673e-05	5.8298599259e-08	7.8182807917e-06	6.1758328948e-02	2.1789271436e-11	4.1903463392e-10	0.0000000000e+00	0.0000000000e+00	0.0000000000e+00	0.0000000000e+00
2.4708081001e-01	2.4374893598e-05	1.0260647158e-05	5.4223514474e-10	3.0439772986e+00	2.4575420576e-01	1.2505744575e-04	4.0117466007e-16	7.5285931093e-01	1.8350865598e-05	5.9120941136e-08	7.6657028076e-06	6.1770202503e-02	2.3373280297e-11	3.8485349714e-10	0.0000000000e+00	0.0000000000e+00	0.0000000000e+00	0.0000000000e+00
2.4704012121e-01	2.4044265070e-05	1.0264233233e-05	5.4097688270e-10	3.0439772986e+00	2.4571366413e-01	1.2512860104e-04	3.9745205824e-16	7.5290048622e-01	1.8102938862e-05	5.8855738787e-08	7.6690904531e-06	6.1760030303e-02	2.1956354932e-11	3.8534540309e-10	0.0000000000e+00	0.0000000000e+00	0.0000000000e+00	0.0000000000e+00
2.4705880478e-01	2.4422363791e-05	1.0080836250e-05	5.4535998546e-10	3.0439772986e+00	2.4573228012e-01	1.2288048792e-04	4.0152401160e-16	7.5288164901e-01	1.8387149524e-05	5.9701118543e-08	7.5299755009e-06	6.1764701196e-02	2.1543560941e-11	3.8904796422e-10	0.0000000000e+00	0.0000000000e+00	0.0000000000e+00	0.0000000000e+00
2.4708064083e-01	2.4467571243e-05	1.0372908720e-05	5.2330717566e-10	3.0439772986e+00	2.4575403719e-01	1.2642574609e-04	4.0469358427e-16	7.5285908713e-01	1.8420633351e-05	5.8623153530e-08	7.7507154366e-06	6.1770160208e-02	2.1737775847e-11	3.7223878671e-10	0.0000000000e+00	0.0000000000e+00	0.0000000000e+00	0.0000000000e+00
2.4694835322e-01	2.4284255165e-05	1.0483615411e-05	5.4240520201e-10	3.0439772986e+00	2.4562222814e-01	1.2786596125e-04	3.9763448260e-16	7.5299139004e-01	1.8285835052e-05	5.8713233498e-08	7.8353589072e-06	6.1737088304e-02	2.1563228381e-11	3.8686321865e-10	0.0000000000e+00	0.0000000000e+00	0.0000000000e+00	0.0000000000e+00
2.4704245828e-01	2.4703157529e-05	1.0451183770e-05	5.7231158300e-10	3.0439772986e+00	2.4571599274e-01	1.2740582637e-04	4.0717141579e-16	7.5289673487e-01	1.8598926645e-05	5.8769941543e-08	7.8098921947e-06	6.1760614569e-02	2.3998358525e-11	4.0689316364e-10	0.0000000000e+00	0.0000000000e+00	0.0000000000e+00	0.0000000000e+00
2.4697654628e-01	2.3844258443e-05	1.0700410408e-05	5.9413578849e-10	3.0439772986e+00	2.4565031919e-01	1.3049040036e-04	3.8848130376e-16	7.5296337183e-01	1.7953853236e-05	5.7728694319e-08	7.9992884064e-06	6.1744136571e-02	2.2495055626e-11	4.2486743100e-10	0.0000000000e+00	0.0000000000e+00	0.0000000000e+00	0.0000000000e+00
2.4684891811e-01	2.4876257980e-05	1.0004035288e-05	5.1856469782e-10	3.0439772986e+00	2.4552315291e-01	1.2208194531e-04	4.1286419019e-16	7.5309100914e-01	1.8734086226e-05	5.9629070370e-08	7.4743199601e-06	6.1712229528e-02	2.1151988124e-11	3.6937442346e-10	0.0000000000e+00	0.0000000000e+00	0.0000000000e+00	0.0000000000e+00
2.4686657845e-01	2.4323548001e-05	1.0335359122e-05	5.8038725982e-10	3.0439772986e+00	2.4554074933e-01	1.2611321358e-04	3.9807421802e-16	7.5307343380e-01	1.8317417815e-05	5.8487626885e-08	7.7247967568e-06	6.1716644614e-02	2.2915558933e-11	4.1415866776e-10	0.0000000000e+00	0.0000000000e+00	0.0000000000e+00	0.0000000000e+00
2.4688180616e-01	2.4399558855e-05	1.0387129870e-05	5.8780616993e-10	3.0439772986e+00	2.4555592192e-01	1.2673450695e-04	3.9530929242e-16	7.5305797584e-01	1.8374282403e-05	5.8827465328e-08	7.7632835297e-06	6.1720451541e-02	2.3256715772e-11	4.1939540874e-10	0.0000000000e+00	0.0000000000e+00	0.0000000000e+00	0.0000000000e+00
2.4679478134e-01	2.4889909385e-05	1.0311181901e-05	5.5818302417e-10	3.0439772986e+00	2.4546921213e-01	1.2586666771e-04	4.1059431836e-16	7.5314442690e-01	1.8745696539e-05	5.9102291509e-08	7.7067068922e-06	6.1698695335e-02	2.1991696414e-11	3.9840073743e-10	0.0000000000e+00	0.0000000000e+00	0.0000000000e+00	0.0000000000e+00
2.4704774434e-01	2.3945280133e-05	1.0406423449e-05	5.5914757046e-10	3.0439772986e+00	2.4572125968e-01	1.2685677710e-04	3.8613474281e-16	7.5289269150e-01	1.8028226408e-05	5.7352852035e-08	7.7775673072e-06	6.1761936085e-02	2.1374950140e-11	3.9960316913e-10	0.0000000000e+00	0.0000000000e+00	0.0000000000e+00	0.0000000000e+00
2.4726499160e-01	2.3859103668e-05	1.0325755347e-05	5.7185149139e-10	3.0439772986e+00	2.4593772147e-01	1.2572658733e-04	3.8729705957e-16	7.5267577321e-01	1.7958169302e-05	5.7557178032e-08	7.7143887121e-06	6.1816247900e-02	2.3087279550e-11	4.0733148389e-10	0.0000000000e+00	0.0000000000e+00	0.0000000000e+00	0.0000000000e+00
2.4710129107e-01	2.3985436033e-05	1.0291361407e-05	5.4642297815e-10	3.0439772986e+00	2.4577461275e-01	1.2541807100e-04	3.9561607076e-16	7.5283934847e-01	1.8057180036e-05	5.8796309888e-08	7.6889455067e-06	6.1775322767e-02	2.1125111663e-11	3.9024360719e-10	0.0000000000e+00	0.0000000000e+00	0.0000000000e+00	0.0000000000e+00
2.4713639499e-01	2.4361243760e-05	1.0461502832e-05	5.5152385060e-10	3.0439772986e+00	2.4580958974e-01	1.2746732551e-04	4.0132735933e-16	7.5280329729e-01	1.8339224628e-05	5.9282348621e-08	7.8161714777e-06	6.1784098749e-02	2.2968591623e-11	3.9222038164e-10	0.0000000000e+00	0.0000000000e+00	0.0000000000e+00	0.0000000000e+00
2.4688692891e-01	2.4551343815e-05	1.0352634687e-05	5.2216424832e-10	3.0439772986e+00	2.4556102612e-01	1.2631012213e-04	4.0574811466e-16	7.5305270319e-01	1.8488455827e-05	5.9426821927e-08	7.7366527140e-06	6.1721732227e-02	2.1924268155e-11	3.7129293055e-10	0.0000000000e+00	0.0000000000e+00	0.0000000000e+00	0.0000000000e+00
2.4694498934e-01	2.4220121023e-05	1.0240321643e-05	5.4698909866e-10	3.0439772986e+00	2.4561887643e-01	1.2490093619e-04	3.9430089241e-16	7.5299539975e-01	1.8237639712e-05	5.8277934314e-08	7.6526371546e-06	6.1736247335e-02	2.1847868896e-11	3.9003240611e-10	0.0000000000e+00	0.0000000000e+00	0.0000000000e+00	0.0000000000e+00
2.4699456630e-01	2.4480187613e-05	1.0332042638e-05	5.4516807369e-10	3.0439772986e+00	2.4566827401e-01	1.2598596505e-04	4.0114285694e-16	7.5294522796e-01	1.8432240443e-05	5.9341489852e-08	7.7201207092e-06	6.1748641575e-02	2.1742352630e-11	3.8873934689e-10	0.0000000000e+00	0.0000000000e+00	0.0000000000e+00	0.0000000000e+00
2.4689876360e-01	2.3979237677e-05	1.0520593439e-05	5.8431421645e-10	3.0439772986e+00	2.4557281797e-01	1.2835126080e-04	3.8630507138e-16	7.5304135128e-01	1.8057357543e-05	5.7302971767e-08	7.8651389276e-06	6.1724690899e-02	2.1742857012e-11	4.1826991012e-10	0.0000000000e+00	0.0000000000e+00	0.0000000000e+00	0.0000000000e+00
2.4698379796e-01	2.4448132899e-05	1.0543735364e-05	5.5432690609e-10	3.0439772986e+00	2.4565754463e-01	1.2857465614e-04	3.9907618480e-16	7.5295556551e-01	1.8408357732e-05	5.7925739559e-08	7.8810384843e-06	6.1745949491e-02	2.1681158659e-11	3.9570237039e-10	0.0000000000e+00	0.0000000000e+00	0.0000000000e+00	0.0000000000e+00
2.4703411915e-01	2.4568168857e-05	1.0467546582e-05	5.3050490760e-10	3.0439772986e+00	2.4570768378e-01	1.2761104737e-04	4.0424672055e-16	7.5290523984e-01	1.8497503066e-05	5.7674655368e-08	7.8233960147e-06	6.1758529787e-02	2.1723874476e-11	3.7769605021e-10	0.0000000000e+00	0.0000000000e+00	0.0000000000e+00	0.0000000000e+00
2.4695597048e-01	2.4432571049e-05	1.0317387532e-05	5.5224201770e-10	3.0439772986e+00	2.4562981783e-01	1.2583339369e-04	4.0544353727e-16	7.5298392547e-01	1.8397333258e-05	5.9015257196e-08	7.7098117069e-06	6.1738992619e-02	2.2336463223e-11	3.9349289907e-10	0.0000000000e+00	0.0000000000e+00	0.0000000000e+00	0.0000000000e+00
2.4696041663e-01	2.4739499842e-05	1.0364777605e-05	5.7885459359e-10	3.0439772986e+00	2.4563424790e-01	1.2640825688e-04	4.0784200685e-16	7.5297891030e-01	1.8628321633e-05	5.8318290522e-08	7.7461406558e-06	6.1740104157e-02	2.2676867833e-11	4.1318843327e-10	0.0000000000e+00	0.0000000000e+00	0.0000000000e+00	0.0000000000e+00
2.4711780104e-01	2.4723087573e-05	1.0167706380e-05	5.3502983945e-10	3.0439772986e+00	2.4579106301e-01	1.2389998790e-04	4.1486893761e-16	7.5282200856e-01	1.8612084445e-05	5.9193364684e-08	7.5952797747e-06	6.1779450259e-02	2.2355898854e-11	3.8042633952e-10	0.0000000000e+00	0.0000000000e+00	0.0000000000e+00	0.0000000000e+00
2.4703673107e-01	2.4146058285e-05	1.0445890276e-05	5.4538515823e-10	3.0439772986e+00	2.4571028625e-01	1.2734536046e-04	3.9139292829e-16	7.5290331253e-01	1.8179647267e-05	5.8059378884e-08	7.8066860122e-06	6.1759182767e-02	2.2536933207e-11	3.8808535903e-10	0.0000000000e+00	0.0000000000e+00	0.0000000000e+00	0.0000000000e+00
2.4701654439e-01	2.4619415039e-05	1.0128319855e-05	5.4049794892e-10	3.0439772986e+00	2.4569017259e-01	1.2348727612e-04	4.0747346233e-16	7.5292350214e-01	1.8536536192e-05	6.0238319131e-08	7.5656117367e-06	6.1754136098e-02	2.0976356146e-11	3.8597725245e-10	0.0000000000e+00	0.0000000000e+00	0.0000000000e+00	0.0000000000e+00
2.4694466256e-01	2.4572505982e-05	1.0483324262e-05	5.6433127956e-10	3.0439772986e+00	2.4561855083e-01	1.2786487416e-04	4.0402286274e-16	7.5299464688e-01	1.8502965464e-05	5.8381194217e-08	7.8355058566e-06	6.1736165639e-02	2.1300119784e-11	4.0363831279e-10	0.0000000000e+00	0.0000000000e+00	0.0000000000e+00	0.0000000000e+00
2.4700534141e-01	2.4539721663e-05	1.0476589875e-05	5.6098301512e-10	3.0439772986e+00	2.4567901014e-01	1.2774106129e-04	4.0459448675e-16	7.5293403751e-01	1.8476791711e-05	5.8132801737e-08	7.8300483120e-06	6.1751335352e-02	2.2288033157e-11	4.0009517339e-10	0.0000000000e+00	0.0000000000e+00	0.0000000000e+00	0.0000000000e+00
2.4696166512e-01	2.4195848879e-05	1.0297598612e-05	5.4489398272e-10	3.0439772986e+00	2.4563549188e-01	1.2558826434e-04	3.9551163071e-16	7.5297863248e-01	1.8218957200e-05	5.9050453684e-08	7.6948212667e-06	6.1740416281e-02	2.0792827094e-11	3.8950069886e-10	0.0000000000e+00	0.0000000000e+00	0.0000000000e+00	0.0000000000e+00
2.4701343560e-01	2.4187221981e-05	1.0279371014e-05	5.6454219959e-10	3.0439772986e+00	2.4568707505e-01	1.2533107991e-04	4.0029829441e-16	7.5292692016e-01	1.8211210553e-05	5.7689139427e-08	7.6819260196e-06	6.1753358900e-02	2.1639029518e-11	4.0341999012e-10	0.0000000000e+00	0.0000000000e+00	0.0000000000e+00	0.0000000000e+00
2.4687339826e-01	2.4842649055e-05	1.0267832736e-05	5.4014538832e-10	3.0439772986e+00	2.4554754445e-01	1.2528454880e-04	4.1110317229e-16	7.5306598551e-01	1.8708153993e-05	6.0037277291e-08	7.6723183009e-06	6.1718349566e-02	2.2108546699e-11	3.8465657248e-10	0.0000000000e+00	0.0000000000e+00	0.0000000000e+00	0.0000000000e+00
2.4707836643e-01	2.3912586857e-05	1.0627932413e-05	5.8001245450e-10	3.0439772986e+00	2.4575177102e-01	1.2953562121e-04	3.9082450850e-16	7.5286162069e-01	1.8002868896e-05	5.8679551828e-08	7.9426828693e-06	6.1769591609e-02	2.0997152743e-11	4.1567196377e-10	0.0000000000e+00	0.0000000000e+00	0.0000000000e+00	0.0000000000e+00
2.4689771446e-01	2.4583551300e-05	1.0367820311e-05	5.5849716180e-10	3.0439772986e+00	2.4557177264e-01	1.2648804715e-04	4.0351629614e-16	7.5304183550e-01	1.8512442594e-05	5.8625815694e-08	7.7487766211e-06	6.1724428615e-02	2.2493870310e-11	3.9807785754e-10	0.0000000000e+00	0.0000000000e+00	0.0000000000e+00	0.0000000000e+00
2.4718578444e-01	2.4431233533e-05	1.0349314659e-05	5.3890261305e-10	3.0439772986e+00	2.4585880062e-01	1.2606693615e-04	4.0259147721e-16	7.5275405983e-01	1.8390710229e-05	5.9646363060e-08	7.7308422630e-06	6.1796446111e-02	2.1877329244e-11	3.8378380058e-10	0.0000000000e+00	0.0000000000e+00	0.0000000000e+00	0.0000000000e+00
2.4697521108e-01	2.4341863088e-05	1.0332942651e-05	5.4676410644e-10	3.0439772986e+00	2.4564898882e-01	1.2601008720e-04	4.0273095349e-16	7.5296478788e-01	1.8328565777e-05	5.8907038747e-08	7.7214349324e-06	6.1743802771e-02	2.2062525781e-11	3.8963159365e-10	0.0000000000e+00	0.0000000000e+00	0.0000000000e+00	0.0000000000e+00
2.4698546088e-01	2.4526121943e-05	1.0157025141e-05	5.3682168583e-10	3.0439772986e+00	2.4565920153e-01	1.2385796917e-04	4.0007170178e-16	7.5295465884e-01	1.8467057780e-05	5.7621412671e-08	7.5901579871e-06	6.1746365220e-02	2.0514261747e-11	3.8368812757e-10	0.0000000000e+00	0.0000000000e+00	0.0000000000e+00	0.0000000000e+00
2.4723121222e-01	2.4523328946e-05	1.0331239813e-05	5.8884740047e-10	3.0439772986e+00	2.4590406418e-01	1.2581603013e-04	4.0231363137e-16	7.5270853760e-01	1.8458919068e-05	5.8328081312e-08	7.7180843302e-06	6.1807803056e-02	2.2413950787e-11	4.2081651489e-10	0.0000000000e+00	0.0000000000e+00	0.0000000000e+00	0.0000000000e+00
2.4704107430e-01	2.4062580673e-05	1.0539049557e-05	5.7475137483e-10	3.0439772986e+00	2.4571461377e-01	1.2847804651e-04	3.9753121806e-16	7.5289888478e-01	1.8116690153e-05	5.6954950021e-08	7.8778837081e-06	6.1760268574e-02	2.1582222186e-11	4.1114744695e-10	0.0000000000e+00	0.0000000000e+00	0.0000000000e+00	0.0000000000e+00
2.4692360308e-01	2.4341533441e-05	1.0386244742e-05	5.7787017327e-10	3.0439772986e+00	2.4559756756e-01	1.2669524007e-04	3.9928866861e-16	7.5301627170e-01	1.8329570760e-05	5.9428034822e-08	7.7615832577e-06	6.1730900769e-02	2.3771326462e-11	4.1137431695e-10	0.0000000000e+00	0.0000000000e+00	0.0000000000e+00	0.0000000000e+00
2.4683438724e-01	2.3832984849e-05	1.0604787419e-05	5.6774809970e-10	3.0439772986e+00	2.4550867464e-01	1.2942323800e-04	3.8754015219e-16	7.5310575267e-01	1.7948757993e-05	5.7096479694e-08	7.9294299317e-06	6.1708596810e-02	2.2318662784e-11	4.0525569717e-10	0.0000000000e+00	0.0000000000e+00	0.0000000000e+00	0.0000000000e+00
2.4682986412e-01	2.3850179837e-05	1.0477110577e-05	5.6377911115e-10	3.0439772986e+00	2.4550416789e-01	1.2786819636e-04	3.8539279757e-16	7.5311053800e-01	1.7961821768e-05	5.9252859766e-08	7.8311695236e-06	6.1707466030e-02	2.1099689331e-11	4.0348830038e-10	0.0000000000e+00	0.0000000000e+00	0.0000000000e+00	0.0000000000e+00
2.4691760924e-01	2.4267387863e-05	1.0624653734e-05	5.6815138860e-10	3.0439772986e+00	2.4559159541e-01	1.2960754497e-04	3.9330882544e-16	7.5302183823e-01	1.8273873018e-05	5.7431313003e-08	7.9431649725e-06	6.1729402309e-02	2.1148968577e-11	4.0668143446e-10	0.0000000000e+00	0.0000000000e+00	0.0000000000e+00	0.0000000000e+00
2.4706708838e-01	2.4559095025e-05	1.0390648014e-05	5.6093571661e-10	3.0439772986e+00	2.4574053376e-01	1.2665115029e-04	4.0540536979e-16	7.5287246043e-01	1.8489866298e-05	5.8554928459e-08	7.7642778072e-06	6.1766772095e-02	2.1714603318e-11	4.0059844979e-10	0.0000000000e+00	0.0000000000e+00	0.0000000000e+00	0.0000000000e+00
2.4700053362e-01	2.4228020034e-05	1.0585295911e-05	5.4974731641e-10	3.0439772986e+00	2.4567421974e-01	1.2906988871e-04	3.9830182213e-16	7.5293906879e-01	1.8242222843e-05	5.8261892988e-08	7.9118209532e-06	6.1750133404e-02	2.2415457298e-11	3.9151077519e-10	0.0000000000e+00	0.0000000000e+00	0.0000000000e+00	0.0000000000e+00
2.4686286184e-01	2.4006585419e-05	1.0641406188e-05	5.8296298540e-10	3.0439772986e+00	2.4553704617e-01	1.2985019306e-04	3.9097231231e-16	7.5307693608e-01	1.8078805793e-05	5.8465213603e-08	7.9553323538e-06	6.1715715461e-02	2.2824726710e-11	4.1619125218e-10	0.0000000000e+00	0.0000000000e+00	0.0000000000e+00	0.0000000000e+00
2.4705808269e-01	2.4456744428e-05	1.0394921115e-05	5.7203761085e-10	3.0439772986e+00	2.4573156064e-01	1.2670939331e-04	3.9924069124e-16	7.5288160979e-01	1.8413033116e-05	5.7784175296e-08	7.7683607672e-06	6.1764520673e-02	1.9010235907e-11	4.1166636141e-10	0.0000000000e+00	0.0000000000e+00	0.0000000000e+00	0.0000000000e+00
2.4686216488e-01	2.4751681505e-05	1.0364544457e-05	5.4645989463e-10	3.0439772986e+00	2.4553635173e-01	1.2647221926e-04	4.0986789608e-16	7.5307713648e-01	1.8639925431e-05	5.9281270190e-08	7.7460201906e-06	6.1715541221e-02	2.3288459718e-11	3.8823799293e-10	0.0000000000e+00	0.0000000000e+00	0.0000000000e+00	0.0000000000e+00
2.4689977712e-01	2.4661119465e-05	1.0199716678e-05	5.5448396028e-10	3.0439772986e+00	2.4557382783e-01	1.2443583552e-04	4.0521339162e-16	7.5304003595e-01	1.8570810288e-05	5.8656857471e-08	7.6221381565e-06	6.1724944281e-02	2.1327223255e-11	3.9622139813e-10	0.0000000000e+00	0.0000000000e+00	0.0000000000e+00	0.0000000000e+00
2.4684120207e-01	2.4359778084e-05	1.0257352522e-05	5.3724590614e-10	3.0439772986e+00	2.4551546479e-01	1.2517847336e-04	3.9858630331e-16	7.5309893005e-01	1.8345322812e-05	5.7938799821e-08	7.6668624096e-06	6.1710300516e-02	2.1484895968e-11	3.8311442112e-10	0.0000000000e+00	0.0000000000e+00	0.0000000000e+00	0.0000000000e+00
2.4700128822e-01	2.3878514251e-05	1.0353067406e-05	5.7646395201e-10	3.0439772986e+00	2.4567497162e-01	1.2623791647e-04	3.8846302749e-16	7.5293936490e-01	1.7979073355e-05	5.7415557910e-08	7.7378164395e-06	6.1750322055e-02	2.1017113429e-11	4.1302528849e-10	0.0000000000e+00	0.0000000000e+00	0.0000000000e+00	0.0000000000e+00
2.4692176735e-01	2.4635096294e-05	1.0639951134e-05	5.8420865644e-10	3.0439772986e+00	2.4559573848e-01	1.2979115043e-04	4.0478841146e-16	7.5301709208e-01	1.8550648575e-05	5.8874276712e-08	7.9531907861e-06	6.1730441839e-02	2.3025221602e-11	4.1689388203e-10	0.0000000000e+00	0.0000000000e+00	0.0000000000e+00	0.0000000000e+00
2.4715151681e-01	2.4521915058e-05	1.0447535936e-05	5.6080670752e-10	3.0439772986e+00	2.4582465687e-01	1.2728676614e-04	4.0560125358e-16	7.5278796629e-01	1.8459802566e-05	5.9121845619e-08	7.8056574844e-06	6.1787879202e-02	2.2942624254e-11	3.9922591659e-10	0.0000000000e+00	0.0000000000e+00	0.0000000000e+00	0.0000000000e+00
2.4703664955e-01	2.4303561928e-05	1.0383616014e-05	5.3346218470e-10	3.0439772986e+00	2.4571020503e-01	1.2658621710e-04	4.0079981458e-16	7.5290329760e-01	1.8298231919e-05	5.8244005182e-08	7.7596147330e-06	6.1759162388e-02	2.2191167873e-11	3.7945427013e-10	0.0000000000e+00	0.0000000000e+00	0.0000000000e+00	0.0000000000e+00
2.4691950059e-01	2.4258174657e-05	1.0362555611e-05	5.5572129943e-10	3.0439772986e+00	2.4559347992e-01	1.2640909022e-04	4.0011440412e-16	7.5302055302e-01	1.8266904096e-05	5.8648434909e-08	7.7445689222e-06	6.1729875148e-02	2.2006906725e-11	3.9646265350e-10	0.0000000000e+00	0.0000000000e+00	0.0000000000e+00	0.0000000000e+00
2.4693362483e-01	2.4160399192e-05	1.0619994043e-05	5.5657756179e-10	3.0439772986e+00	2.4560755305e-01	1.2953957474e-04	3.9085579343e-16	7.5300599563e-01	1.8192925448e-05	5.7054997609e-08	7.9398641900e-06	6.1733406208e-02	2.0646148515e-11	3.9846009254e-10	0.0000000000e+00	0.0000000000e+00	0.0000000000e+00	0.0000000000e+00
2.4712527760e-01	2.4361977974e-05	1.0198104689e-05	5.5565292255e-10	3.0439772986e+00	2.4579851254e-01	1.2426549534e-04	4.0601986161e-16	7.5281500749e-01	1.8340062631e-05	5.9530681959e-08	7.6177555759e-06	6.1781319400e-02	2.2261273636e-11	3.9604258542e-10	0.0000000000e+00	0.0000000000e+00	0.0000000000e+00	0.0000000000e+00
2.4723265428e-01	2.3962065258e-05	1.0564897152e-05	5.8560992476e-10	3.0439772986e+00	2.4590550103e-01	1.2866061607e-04	3.9426944626e-16	7.5270741296e-01	1.8036424150e-05	5.8047473807e-08	7.8942289294e-06	6.1808163569e-02	2.2744911904e-11	4.1804801957e-10	0.0000000000e+00	0.0000000000e+00	0.0000000000e+00	0.0000000000e+00
2.4712130232e-01	2.4469740270e-05	1.0329413052e-05	5.6838703381e-10	3.0439772986e+00	2.4579455163e-01	1.2586812081e-04	4.0188553493e-16	7.5281852362e-01	1.8421273744e-05	5.8745100330e-08	7.7174283836e-06	6.1780325579e-02	2.2837619980e-11	4.0505466766e-10	0.0000000000e+00	0.0000000000e+00	0.0000000000e+00	0.0000000000e+00
2.4696010415e-01	2.4264756144e-05	1.0494155909e-05	5.4115826720e-10	3.0439772986e+00	2.4563393655e-01	1.2798643449e-04	3.9937168004e-16	7.5297964561e-01	1.8270867482e-05	5.8677587194e-08	7.8432082105e-06	6.1740026037e-02	2.3044347747e-11	3.8443681251e-10	0.0000000000e+00	0.0000000000e+00	0.0000000000e+00	0.0000000000e+00
2.4706794142e-01	2.3923811070e-05	1.0380146180e-05	5.4836854744e-10	3.0439772986e+00	2.4574138371e-01	1.2652272846e-04	3.8927178835e-16	7.5287258775e-01	1.8011581549e-05	5.8846761510e-08	7.7560807545e-06	6.1766985355e-02	2.1129219087e-11	3.9172242826e-10	0.0000000000e+00	0.0000000000e+00	0.0000000000e+00	0.0000000000e+00
2.4701207904e-01	2.4262971751e-05	1.0277611686e-05	5.3478269229e-10	3.0439772986e+00	2.4568572340e-01	1.2531052497e-04	3.9446113201e-16	7.5292816668e-01	1.8268274839e-05	5.7504518164e-08	7.6807988065e-06	6.1753019760e-02	2.0920480312e-11	3.8173247176e-10	0.0000000000e+00	0.0000000000e+00	0.0000000000e+00	0.0000000000e+00
2.4704705372e-01	2.4323604306e-05	1.0429066121e-05	5.2874139916e-10	3.0439772986e+00	2.4572057156e-01	1.2713316387e-04	4.0044491728e-16	7.5289276146e-01	1.8313065615e-05	5.8870544175e-08	7.7930978468e-06	6.1761763430e-02	2.1386572117e-11	3.7669899999e-10	0.0000000000e+00	0.0000000000e+00	0.0000000000e+00	0.0000000000e+00
2.4697362293e-01	2.4875788076e-05	1.0241386901e-05	5.4530792261e-10	3.0439772986e+00	2.4564740642e-01	1.2489453363e-04	4.1150153685e-16	7.5296577872e-01	1.8730617140e-05	5.9707035375e-08	7.6517068280e-06	6.1743405733e-02	2.2701727434e-11	3.8789647716e-10	0.0000000000e+00	0.0000000000e+00	0.0000000000e+00	0.0000000000e+00
2.4702770422e-01	2.4805761176e-05	1.0161052065e-05	5.2415312205e-10	3.0439772986e+00	2.4570129205e-01	1.2387886520e-04	4.1660714184e-16	7.5291198878e-01	1.8676554980e-05	5.9375530545e-08	7.5910023874e-06	6.1756926055e-02	2.2221801649e-11	3.7241936790e-10	0.0000000000e+00	0.0000000000e+00	0.0000000000e+00	0.0000000000e+00
2.4727180143e-01	2.3858266719e-05	1.0377465841e-05	5.7016462663e-10	3.0439772986e+00	2.4594450669e-01	1.2635157296e-04	3.8827552101e-16	7.5266884844e-01	1.7957374137e-05	5.8279643428e-08	7.7525156210e-06	6.1817950356e-02	2.1015959375e-11	4.0812919357e-10	0.0000000000e+00	0.0000000000e+00	0.0000000000e+00	0.0000000000e+00
2.4677804803e-01	2.4770832979e-05	1.0328842562e-05	5.6338464671e-10	3.0439772986e+00	2.4545253940e-01	1.2609362196e-04	4.0846136032e-16	7.5316129829e-01	1.8656432726e-05	5.9383761709e-08	7.7199007123e-06	6.1694512006e-02	2.2329280952e-11	4.0199023100e-10	0.0000000000e+00	0.0000000000e+00	0.0000000000e+00	0.0000000000e+00
2.4693889824e-01	2.4458969141e-05	1.0259644470e-05	5.3213804200e-10	3.0439772986e+00	2.4561280737e-01	1.2514064806e-04	4.0387295065e-16	7.5300108713e-01	1.8417630353e-05	5.8310627653e-08	7.6672128117e-06	6.1734724559e-02	2.1441685746e-11	3.7925883838e-10	0.0000000000e+00	0.0000000000e+00	0.0000000000e+00	0.0000000000e+00
2.4709599439e-01	2.4368143754e-05	1.0351038108e-05	5.3956131818e-10	3.0439772986e+00	2.4576933522e-01	1.2614880735e-04	4.0265636231e-16	7.5284393380e-01	1.8345409203e-05	5.9162518616e-08	7.7335537294e-06	6.1773998597e-02	2.1108379115e-11	3.8509708619e-10	0.0000000000e+00	0.0000000000e+00	0.0000000000e+00	0.0000000000e+00
2.4694638205e-01	2.4206808838e-05	1.0480609603e-05	5.6115769565e-10	3.0439772986e+00	2.4562026410e-01	1.2783067608e-04	3.9761341481e-16	7.5299348436e-01	1.8227569332e-05	5.8130830564e-08	7.8336999128e-06	6.1736595512e-02	2.3044985159e-11	3.9950310337e-10	0.0000000000e+00	0.0000000000e+00	0.0000000000e+00	0.0000000000e+00
2.4697695583e-01	2.4898680817e-05	1.0489471868e-05	5.6489868185e-10	3.0439772986e+00	2.4565072726e-01	1.2791755617e-04	4.1098262251e-16	7.5296185116e-01	1.8747756800e-05	5.8393492111e-08	7.8397786632e-06	6.1744238958e-02	2.2333937407e-11	4.0301321979e-10	0.0000000000e+00	0.0000000000e+00	0.0000000000e+00	0.0000000000e+00
2.4698713151e-01	2.4635939497e-05	1.0304526022e-05	5.3622921263e-10	3.0439772986e+00	2.4566086612e-01	1.2565542953e-04	4.0220996790e-16	7.5295248983e-01	1.8549691984e-05	5.9271294406e-08	7.6995472302e-06	6.1746782877e-02	2.2212923929e-11	3.8154219684e-10	0.0000000000e+00	0.0000000000e+00	0.0000000000e+00	0.0000000000e+00
2.4706618237e-01	2.4281179813e-05	1.0453690450e-05	5.7070812804e-10	3.0439772986e+00	2.4573963102e-01	1.2742023907e-04	4.0228445782e-16	7.5287364238e-01	1.8280660287e-05	5.8763236036e-08	7.8115447696e-06	6.1766545592e-02	2.1316699679e-11	4.0835440742e-10	0.0000000000e+00	0.0000000000e+00	0.0000000000e+00	0.0000000000e+00
2.4699301772e-01	2.4517969787e-05	1.0554675611e-05	5.7652972697e-10	3.0439772986e+00	2.4566673104e-01	1.2870166357e-04	4.0358162622e-16	7.5294621651e-01	1.8460712588e-05	5.9366830651e-08	7.8877362372e-06	6.1748254430e-02	2.2893012741e-11	4.1120286389e-10	0.0000000000e+00	0.0000000000e+00	0.0000000000e+00	0.0000000000e+00
2.4716404599e-01	2.4389419460e-05	1.0550781683e-05	5.9642832813e-10	3.0439772986e+00	2.4583714076e-01	1.2853599178e-04	3.9892961161e-16	7.5277540425e-01	1.8359755093e-05	5.8427259830e-08	7.8839416864e-06	6.1791011498e-02	2.2255058867e-11	4.2672151695e-10	0.0000000000e+00	0.0000000000e+00	0.0000000000e+00	0.0000000000e+00
2.4710633453e-01	2.4392960853e-05	1.0643468434e-05	5.9177508923e-10	3.0439772986e+00	2.4577963797e-01	1.2970534624e-04	4.0080522648e-16	7.5283289645e-01	1.8363823372e-05	5.8095829211e-08	7.9546573402e-06	6.1776583633e-02	2.0508620399e-11	4.2499913407e-10	0.0000000000e+00	0.0000000000e+00	0.0000000000e+00	0.0000000000e+00
2.4702341931e-01	2.4133687113e-05	1.0419586991e-05	5.7622311467e-10	3.0439772986e+00	2.4569702264e-01	1.2703380248e-04	3.9387798163e-16	7.5291670110e-01	1.8170656087e-05	5.7110665284e-08	7.7879703991e-06	6.1755854827e-02	2.0787998833e-11	4.1306000776e-10	0.0000000000e+00	0.0000000000e+00	0.0000000000e+00	0.0000000000e+00
2.4691871631e-01	2.4539269581e-05	1.0250360111e-05	5.6895075910e-10	3.0439772986e+00	2.4559269848e-01	1.2504095682e-04	4.0557474488e-16	7.5302116730e-01	1.8478589425e-05	5.8148819666e-08	7.6605893161e-06	6.1729679077e-02	2.2135070188e-11	4.0629689457e-10	0.0000000000e+00	0.0000000000e+00	0.0000000000e+00	0.0000000000e+00
2.4683810046e-01	2.4323220370e-05	1.0382069119e-05	5.4435968625e-10	3.0439772986e+00	2.4551237442e-01	1.2670256294e-04	4.0132488978e-16	7.5310180469e-01	1.8317861156e-05	5.9660288832e-08	7.7590947013e-06	6.1709525115e-02	2.2406180006e-11	3.8755208210e-10	0.0000000000e+00	0.0000000000e+00	0.0000000000e+00	0.0000000000e+00
2.4719024875e-01	2.3966283203e-05	1.0339045455e-05	5.6313844439e-10	3.0439772986e+00	2.4586324878e-01	1.2593894464e-04	3.8892209151e-16	7.5275031887e-01	1.8040627323e-05	5.8909819357e-08	7.7238099438e-06	6.1797562187e-02	2.3307509129e-11	4.0059513445e-10	0.0000000000e+00	0.0000000000e+00	0.0000000000e+00	0.0000000000e+00
2.4694007559e-01	2.4054162707e-05	1.0605028583e-05	5.9013631115e-10	3.0439772986e+00	2.4561398046e-01	1.2935257651e-04	3.8781606396e-16	7.5299973900e-01	1.8112778240e-05	5.9126714683e-08	7.9264570402e-06	6.1735018897e-02	2.2644496531e-11	4.2172799174e-10	0.0000000000e+00	0.0000000000e+00	0.0000000000e+00	0.0000000000e+00
2.4701953918e-01	2.4445232365e-05	1.0376932522e-05	5.4757962889e-10	3.0439772986e+00	2.4569315655e-01	1.2651634315e-04	4.0187416148e-16	7.5292020831e-01	1.8405309445e-05	5.7909431446e-08	7.7550927646e-06	6.1754884795e-02	2.1989859100e-11	3.9029390915e-10	0.0000000000e+00	0.0000000000e+00	0.0000000000e+00	0.0000000000e+00
2.4712698005e-01	2.3787379897e-05	1.0639417200e-05	5.6941849764e-10	3.0439772986e+00	2.4580020884e-01	1.2964174814e-04	3.8699556250e-16	7.5281317356e-01	1.7907452951e-05	5.7551531363e-08	7.9519418955e-06	6.1781745014e-02	2.0498374422e-11	4.0816737187e-10	0.0000000000e+00	0.0000000000e+00	0.0000000000e+00	0.0000000000e+00
2.4689088538e-01	2.4445250307e-05	1.0412194199e-05	5.5942301529e-10	3.0439772986e+00	2.4556496827e-01	1.2703409514e-04	3.9959023051e-16	7.5304877207e-01	1.8408465727e-05	5.7348090416e-08	7.7835419654e-06	6.1722721345e-02	2.1329196112e-11	3.9994361862e-10	0.0000000000e+00	0.0000000000e+00	0.0000000000e+00	0.0000000000e+00
2.4689823499e-01	2.4028011743e-05	1.0382565390e-05	5.5387598823e-10	3.0439772986e+00	2.4557229128e-01	1.2666771855e-04	3.9318791075e-16	7.5304211836e-01	1.8094104863e-05	5.8356069184e-08	7.7601529657e-06	6.1724558747e-02	2.0178778524e-11	3.9691316896e-10	0.0000000000e+00	0.0000000000e+00	0.0000000000e+00	0.0000000000e+00
2.4701603768e-01	2.4675977082e-05	1.0342484354e-05	5.4488305998e-10	3.0439772986e+00	2.4568966771e-01	1.2609867715e-04	4.0838938886e-16	7.5292343991e-01	1.8579121547e-05	5.9672406126e-08	7.7274264906e-06	6.1754009420e-02	2.2146057738e-11	3.8810917013e-10	0.0000000000e+00	0.0000000000e+00	0.0000000000e+00	0.0000000000e+00
2.4706804835e-01	2.4219168754e-05	1.0562873820e-05	5.6996884306e-10	3.0439772986e+00	2.4574149026e-01	1.2874975964e-04	3.9230965658e-16	7.5287162333e-01	1.8233924895e-05	5.9828654129e-08	7.8926593059e-06	6.1767012089e-02	2.2384348273e-11	4.0672901985e-10	0.0000000000e+00	0.0000000000e+00	0.0000000000e+00	0.0000000000e+00
2.4696230488e-01	2.3921524296e-05	1.0568625101e-05	5.6909950556e-10	3.0439772986e+00	2.4563612932e-01	1.2889319304e-04	3.9037794670e-16	7.5297779355e-01	1.8012376583e-05	5.7277553343e-08	7.9006624561e-06	6.1740576220e-02	2.3330325055e-11	4.0518896495e-10	0.0000000000e+00	0.0000000000e+00	0.0000000000e+00	0.0000000000e+00
2.4712286742e-01	2.4307544081e-05	1.0413285837e-05	5.5976669740e-10	3.0439772986e+00	2.4579611107e-01	1.2688908681e-04	3.9694904372e-16	7.5281701347e-01	1.8299132740e-05	5.8985260953e-08	7.7803134834e-06	6.1780716855e-02	2.1807783925e-11	3.9959410946e-10	0.0000000000e+00	0.0000000000e+00	0.0000000000e+00	0.0000000000e+00
2.4698061976e-01	2.4455505530e-05	1.0252371240e-05	5.5845071121e-10	3.0439772986e+00	2.4565437793e-01	1.2502388580e-04	4.0245639597e-16	7.5295939043e-01	1.8414002537e-05	6.0048014788e-08	7.6595711849e-06	6.1745154941e-02	2.2543453548e-11	3.9794725355e-10	0.0000000000e+00	0.0000000000e+00	0.0000000000e+00	0.0000000000e+00
2.4708802737e-01	2.4509750474e-05	1.0245384591e-05	5.4966502129e-10	3.0439772986e+00	2.4576139701e-01	1.2486655221e-04	4.0664469178e-16	7.5285192554e-01	1.8452212839e-05	5.9296614088e-08	7.6539609035e-06	6.1772006842e-02	2.1807960209e-11	3.9200840947e-10	0.0000000000e+00	0.0000000000e+00	0.0000000000e+00	0.0000000000e+00
2.4699539017e-01	2.4438580363e-05	1.0384573573e-05	5.6473204004e-10	3.0439772986e+00	2.4566909490e-01	1.2662594185e-04	3.9802875894e-16	7.5294434805e-01	1.8400890959e-05	5.7263454511e-08	7.7617425240e-06	6.1748847543e-02	2.1637801515e-11	4.0357399620e-10	0.0000000000e+00	0.0000000000e+00	0.0000000000e+00	0.0000000000e+00
2.4694605861e-01	2.4518767254e-05	1.0329703263e-05	5.5663502048e-10	3.0439772986e+00	2.4561994183e-01	1.2599028802e-04	4.0463361006e-16	7.5299367890e-01	1.8462476756e-05	5.9257182694e-08	7.7189440795e-06	6.1736514652e-02	2.2000739328e-11	3.9714191255e-10	0.0000000000e+00	0.0000000000e+00	0.0000000000e+00	0.0000000000e+00
2.4703318302e-01	2.4873236033e-05	1.0319314424e-05	5.3858661728e-10	3.0439772986e+00	2.4570675104e-01	1.2580454463e-04	4.1193720093e-16	7.5290605130e-01	1.8727209924e-05	5.9615028368e-08	7.7098592464e-06	6.1758295755e-02	2.1336169109e-11	3.8416895419e-10	0.0000000000e+00	0.0000000000e+00	0.0000000000e+00	0.0000000000e+00
2.4690047470e-01	2.4062080420e-05	1.0307816798e-05	5.6911750419e-10	3.0439772986e+00	2.4557452289e-01	1.2575428755e-04	3.9354670034e-16	7.5303999629e-01	1.8119708950e-05	5.8790901050e-08	7.7034074222e-06	6.1725118676e-02	2.0930296135e-11	4.0763794711e-10	0.0000000000e+00	0.0000000000e+00	0.0000000000e+00	0.0000000000e+00
2.4708137851e-01	2.4188588722e-05	1.0594515756e-05	5.4362298995e-10	3.0439772986e+00	2.4575477221e-01	1.2912618249e-04	3.9453635602e-16	7.5285826896e-01	1.8210579034e-05	5.7305218115e-08	7.9188635745e-06	6.1770344628e-02	2.1196662635e-11	3.8807440055e-10	0.0000000000e+00	0.0000000000e+00	0.0000000000e+00	0.0000000000e+00
2.4693841837e-01	2.4103221766e-05	1.0587172244e-05	5.7779465093e-10	3.0439772986e+00	2.4561232924e-01	1.2913592269e-04	3.9337503130e-16	7.5300136260e-01	1.8149758833e-05	5.7139148115e-08	7.9150159776e-06	6.1734604593e-02	2.1629877537e-11	4.1345028192e-10	0.0000000000e+00	0.0000000000e+00	0.0000000000e+00	0.0000000000e+00
2.4692275823e-01	2.4350253678e-05	1.0347955526e-05	5.8078462517e-10	3.0439772986e+00	2.4559672577e-01	1.2622875990e-04	4.0110375992e-16	7.5301718983e-01	1.8336159596e-05	5.7874156631e-08	7.7343142337e-06	6.1730689558e-02	2.2151389896e-11	4.1518941645e-10	0.0000000000e+00	0.0000000000e+00	0.0000000000e+00	0.0000000000e+00
2.4707215417e-01	2.3949820199e-05	1.0478979176e-05	5.8441339220e-10	3.0439772986e+00	2.4574558123e-01	1.2772445851e-04	3.8817566095e-16	7.5286811277e-01	1.8031055935e-05	5.7690998502e-08	7.8315982779e-06	6.1768038543e-02	2.2313013938e-11	4.1767319373e-10	0.0000000000e+00	0.0000000000e+00	0.0000000000e+00	0.0000000000e+00
2.4689404044e-01	2.4562532428e-05	1.0349195737e-05	5.3912889874e-10	3.0439772986e+00	2.4556811191e-01	1.2626333343e-04	4.0598060002e-16	7.5304558306e-01	1.8496706554e-05	5.8827730787e-08	7.7345884068e-06	6.1723510111e-02	2.3354700694e-11	3.8263393520e-10	0.0000000000e+00	0.0000000000e+00	0.0000000000e+00	0.0000000000e+00
2.4699233134e-01	2.4368025078e-05	1.0194902767e-05	5.3573885083e-10	3.0439772986e+00	2.4566604714e-01	1.2431529367e-04	3.9829576684e-16	7.5294794144e-01	1.8347854319e-05	5.8206967574e-08	7.6180240837e-06	6.1748082835e-02	2.0935383479e-11	3.8244808140e-10	0.0000000000e+00	0.0000000000e+00	0.0000000000e+00	0.0000000000e+00
2.4697701981e-01	2.5021830284e-05	1.0195087671e-05	5.4232827542e-10	3.0439772986e+00	2.4565079100e-01	1.2432762091e-04	4.1416218819e-16	7.5296226680e-01	1.8840494050e-05	5.9768223502e-08	7.6167480993e-06	6.1744254952e-02	2.2025088410e-11	3.8632763920e-10	0.0000000000e+00	0.0000000000e+00	0.0000000000e+00	0.0000000000e+00
2.4693162739e-01	2.4075430851e-05	1.0564101785e-05	5.9788279854e-10	3.0439772986e+00	2.4560556283e-01	1.2885924496e-04	3.9099768134e-16	7.5300824690e-01	1.8128997979e-05	5.7338467093e-08	7.8975172983e-06	6.1732906847e-02	2.2354274887e-11	4.2785640309e-10	0.0000000000e+00	0.0000000000e+00	0.0000000000e+00	0.0000000000e+00
2.4693518074e-01	2.4944653327e-05	1.0132971103e-05	5.3937543441e-10	3.0439772986e+00	2.4560910332e-01	1.2359796426e-04	4.1151204780e-16	7.5300435904e-01	1.8783432690e-05	5.9212345691e-08	7.5709590652e-06	6.1733795185e-02	2.1333613965e-11	3.8481843930e-10	0.0000000000e+00	0.0000000000e+00	0.0000000000e+00	0.0000000000e+00
2.4693881285e-01	2.4158196690e-05	1.0489856508e-05	5.7904291131e-10	3.0439772986e+00	2.4561272229e-01	1.2794867607e-04	3.9291790689e-16	7.5300110518e-01	1.8191148807e-05	5.7960044594e-08	7.8409134988e-06	6.1734703213e-02	2.2429908428e-11	4.1359004374e-10	0.0000000000e+00	0.0000000000e+00	0.0000000000e+00	0.0000000000e+00
2.4700726622e-01	2.4260847288e-05	1.0527192989e-05	5.5781493458e-10	3.0439772986e+00	2.4568092798e-01	1.2835678883e-04	3.9684823647e-16	7.5293241849e-01	1.8266778423e-05	5.8038885289e-08	7.8682259920e-06	6.1751816554e-02	2.2103205972e-11	3.9789374179e-10	0.0000000000e+00	0.0000000000e+00	0.0000000000e+00	0.0000000000e+00
2.4696119521e-01	2.4397853057e-05	1.0609383292e-05	5.2359746871e-10	3.0439772986e+00	2.4563502367e-01	1.2939090618e-04	4.0088416484e-16	7.5297809403e-01	1.8371048893e-05	5.8456282603e-08	7.9301769271e-06	6.1740298803e-02	2.0295736143e-11	3.7396168789e-10	0.0000000000e+00	0.0000000000e+00	0.0000000000e+00	0.0000000000e+00
2.4712925547e-01	2.4341528380e-05	1.0394262091e-05	5.6641955771e-10	3.0439772986e+00	2.4580247603e-01	1.2665292662e-04	4.0124973881e-16	7.5281061769e-01	1.8324561015e-05	5.8419077402e-08	7.7664917876e-06	6.1782313868e-02	2.1576863452e-11	4.0482979366e-10	0.0000000000e+00	0.0000000000e+00	0.0000000000e+00	0.0000000000e+00
2.4696646090e-01	2.4258432010e-05	1.0768328195e-05	5.5323241819e-10	3.0439772986e+00	2.4564027030e-01	1.3132563678e-04	3.9540251714e-16	7.5297267954e-01	1.8265936552e-05	5.6797845744e-08	8.0514590896e-06	6.1741615225e-02	2.1324534449e-11	3.9524436189e-10	0.0000000000e+00	0.0000000000e+00	0.0000000000e+00	0.0000000000e+00
2.4695338761e-01	2.4549697259e-05	1.0341409774e-05	5.2870479131e-10	3.0439772986e+00	2.4562724432e-01	1.2612808800e-04	4.0212661993e-16	7.5298627761e-01	1.8485585156e-05	5.9063512428e-08	7.7278761386e-06	6.1738346903e-02	2.1998514080e-11	3.7610893869e-10	0.0000000000e+00	0.0000000000e+00	0.0000000000e+00	0.0000000000e+00
2.4698103157e-01	2.4678074561e-05	1.0443560848e-05	5.4291155421e-10	3.0439772986e+00	2.4565478825e-01	1.2735496084e-04	4.0785720857e-16	7.5295821176e-01	1.8581558891e-05	5.9149033102e-08	7.8044158677e-06	6.1745257891e-02	2.2271567798e-11	3.8651814521e-10	0.0000000000e+00	0.0000000000e+00	0.0000000000e+00	0.0000000000e+00
2.4698909314e-01	2.4278808684e-05	1.0191518234e-05	5.3731520700e-10	3.0439772986e+00	2.4566282066e-01	1.2427621031e-04	4.0042525946e-16	7.5295132135e-01	1.8280761079e-05	6.0156830868e-08	7.6135602902e-06	6.1747273286e-02	2.2956899203e-11	3.8161529589e-10	0.0000000000e+00	0.0000000000e+00	0.0000000000e+00	0.0000000000e+00
2.4677179523e-01	2.4481833580e-05	1.0523109862e-05	5.6176286316e-10	3.0439772986e+00	2.4544630925e-01	1.2846954140e-04	4.0215097159e-16	7.5316754697e-01	1.8438922543e-05	5.9036878944e-08	7.8666279620e-06	6.1692948808e-02	2.1869314447e-11	4.0123224318e-10	0.0000000000e+00	0.0000000000e+00	0.0000000000e+00	0.0000000000e+00
2.4693332752e-01	2.4358100581e-05	1.0576104897e-05	5.5306919825e-10	3.0439772986e+00	2.4560725681e-01	1.2900440005e-04	4.0064373537e-16	7.5300609436e-01	1.8341798184e-05	5.7851355470e-08	7.9060200866e-06	6.1733331880e-02	2.2262568148e-11	3.9420190874e-10	0.0000000000e+00	0.0000000000e+00	0.0000000000e+00	0.0000000000e+00
2.4711848290e-01	2.4182927412e-05	1.0249279616e-05	5.5280598832e-10	3.0439772986e+00	2.4579174241e-01	1.2489365642e-04	3.9382437769e-16	7.5282195567e-01	1.8205438708e-05	5.7686539420e-08	7.6581961853e-06	6.1779620724e-02	2.2577213898e-11	3.9358727133e-10	0.0000000000e+00	0.0000000000e+00	0.0000000000e+00	0.0000000000e+00
2.4687407690e-01	2.4095367791e-05	1.0473835097e-05	5.6390668086e-10	3.0439772986e+00	2.4554822063e-01	1.2779776400e-04	3.8982159970e-16	7.5306596686e-01	1.8145401442e-05	5.8357606777e-08	7.8291311473e-06	6.1718519224e-02	2.1279714762e-11	4.0337921508e-10	0.0000000000e+00	0.0000000000e+00	0.0000000000e+00	0.0000000000e+00
2.4709061383e-01	2.4389797483e-05	1.0398140417e-05	5.3821235840e-10	3.0439772986e+00	2.4576397412e-01	1.2672648812e-04	4.0293794731e-16	7.5284917497e-01	1.8361838912e-05	5.7908052073e-08	7.7703233822e-06	6.1772653456e-02	2.1211764641e-11	3.8398096533e-10	0.0000000000e+00	0.0000000000e+00	0.0000000000e+00	0.0000000000e+00
2.4700556048e-01	2.4650934542e-05	1.0418152092e-05	5.4889498496e-10	3.0439772986e+00	2.4567922842e-01	1.2702837380e-04	4.0298558453e-16	7.5293378305e-01	1.8560521400e-05	5.9371097155e-08	7.7848075699e-06	6.1751390120e-02	2.1367778158e-11	3.9191379937e-10	0.0000000000e+00	0.0000000000e+00	0.0000000000e+00	0.0000000000e+00
2.4675035410e-01	2.4093279661e-05	1.0461645158e-05	5.5242068427e-10	3.0439772986e+00	2.4542494576e-01	1.2773401712e-04	3.9198897398e-16	7.5318971056e-01	1.8146810334e-05	5.6983170731e-08	7.8226203178e-06	6.1687588524e-02	2.0244736286e-11	3.9583283901e-10	0.0000000000e+00	0.0000000000e+00	0.0000000000e+00	0.0000000000e+00
2.4705743423e-01	2.4587685875e-05	1.0233587822e-05	5.2890571143e-10	3.0439772986e+00	2.4573091453e-01	1.2474327593e-04	4.0890965735e-16	7.5288242564e-01	1.8511636583e-05	5.7695938330e-08	7.6469924840e-06	6.1764358559e-02	2.1790209704e-11	3.7641360525e-10	0.0000000000e+00	0.0000000000e+00	0.0000000000e+00	0.0000000000e+00
2.4686514326e-01	2.4683968430e-05	1.0241517309e-05	5.1725702017e-10	3.0439772986e+00	2.4553931933e-01	1.2496905506e-04	4.0920816157e-16	7.5307453840e-01	1.8588868131e-05	5.9229941948e-08	7.6533959780e-06	6.1716285815e-02	2.1158914630e-11	3.6837417707e-10	0.0000000000e+00	0.0000000000e+00	0.0000000000e+00	0.0000000000e+00
2.4705305476e-01	2.4229425042e-05	1.0423357692e-05	5.5603330159e-10	3.0439772986e+00	2.4572655090e-01	1.2705950354e-04	3.9908133334e-16	7.5288691545e-01	1.8242017083e-05	5.7594083014e-08	7.7900155386e-06	6.1763263691e-02	2.1756747892e-11	3.9687344943e-10	0.0000000000e+00	0.0000000000e+00	0.0000000000e+00	0.0000000000e+00
2.4658636555e-01	2.4504673916e-05	1.0382304559e-05	5.6256538888e-10	3.0439772986e+00	2.4526155125e-01	1.2687713399e-04	4.0555188414e-16	7.5335324551e-01	1.8460675625e-05	5.7718586313e-08	7.7638242488e-06	6.1646591386e-02	2.2034374446e-11	4.0177608708e-10	0.0000000000e+00	0.0000000000e+00	0.0000000000e+00	0.0000000000e+00
2.4706470657e-01	2.4360918107e-05	1.0344783622e-05	5.6852557444e-10	3.0439772986e+00	2.4573816056e-01	1.2609379302e-04	3.9942130242e-16	7.5287524398e-01	1.8340732163e-05	5.9210380376e-08	7.7291211130e-06	6.1766176642e-02	2.2143309257e-11	4.0588552131e-10	0.0000000000e+00	0.0000000000e+00	0.0000000000e+00	0.0000000000e+00
2.4706198803e-01	2.4352117793e-05	1.0394624865e-05	5.5264781479e-10	3.0439772986e+00	2.4573545185e-01	1.2670314877e-04	3.9720656279e-16	7.5287786307e-01	1.8334170406e-05	5.8595831636e-08	7.7672871243e-06	6.1765497007e-02	1.9947559024e-11	3.9612874680e-10	0.0000000000e+00	0.0000000000e+00	0.0000000000e+00	0.0000000000e+00
2.4687369203e-01	2.4462354563e-05	1.0349499293e-05	5.5964494138e-10	3.0439772986e+00	2.4554783715e-01	1.2628088150e-04	3.9794912280e-16	7.5306607991e-01	1.8421769456e-05	5.8796709849e-08	7.7350601520e-06	6.1718423007e-02	2.3617987799e-11	3.9783163435e-10	0.0000000000e+00	0.0000000000e+00	0.0000000000e+00	0.0000000000e+00
2.4699133374e-01	2.4302831451e-05	1.0494806787e-05	5.5212350999e-10	3.0439772986e+00	2.4566505315e-01	1.2797287153e-04	3.9639216670e-16	7.5294835966e-01	1.8298777076e-05	5.7274997462e-08	7.8447725581e-06	6.1747833434e-02	2.0030619847e-11	3.9568987133e-10	0.0000000000e+00	0.0000000000e+00	0.0000000000e+00	0.0000000000e+00
2.4709226741e-01	2.4555813036e-05	1.0594908667e-05	5.7003337760e-10	3.0439772986e+00	2.4576562172e-01	1.2912331829e-04	4.0378868954e-16	7.5284682703e-01	1.8486765929e-05	5.9243273637e-08	7.9171000993e-06	6.1773066852e-02	2.1806251088e-11	4.0734156854e-10	0.0000000000e+00	0.0000000000e+00	0.0000000000e+00	0.0000000000e+00
2.4711209434e-01	2.4071477598e-05	1.0645872446e-05	5.7327827209e-10	3.0439772986e+00	2.4578537695e-01	1.2973070853e-04	3.9169349393e-16	7.5282761578e-01	1.8121673088e-05	5.7311113921e-08	7.9571956571e-06	6.1778023584e-02	2.1703053954e-11	4.0987666080e-10	0.0000000000e+00	0.0000000000e+00	0.0000000000e+00	0.0000000000e+00
2.4717977736e-01	2.4177061179e-05	1.0518869091e-05	5.6992282462e-10	3.0439772986e+00	2.4585281526e-01	1.2813644670e-04	3.9729734469e-16	7.5276006603e-01	1.8199526170e-05	5.8176109152e-08	7.8600084826e-06	6.1794944341e-02	2.1764873002e-11	4.0725027009e-10	0.0000000000e+00	0.0000000000e+00	0.0000000000e+00	0.0000000000e+00
2.4700997272e-01	2.4428894122e-05	1.0348617242e-05	5.7192562273e-10	3.0439772986e+00	2.4568362470e-01	1.2617762547e-04	4.0017596618e-16	7.5292986243e-01	1.8393243890e-05	5.8179666833e-08	7.7336032893e-06	6.1752493180e-02	2.1538052065e-11	4.0908182837e-10	0.0000000000e+00	0.0000000000e+00	0.0000000000e+00	0.0000000000e+00
2.4707754917e-01	2.4110020023e-05	1.0437443277e-05	5.5687196985e-10	3.0439772986e+00	2.4575095672e-01	1.2721447830e-04	3.8945144565e-16	7.5286257095e-01	1.8151531660e-05	5.7437710988e-08	7.8005226687e-06	6.1769387294e-02	2.1811623057e-11	3.9743643985e-10	0.0000000000e+00	0.0000000000e+00	0.0000000000e+00	0.0000000000e+00
2.4708430118e-01	2.4432939924e-05	1.0510768824e-05	5.5002347129e-10	3.0439772986e+00	2.4575768430e-01	1.2810343010e-04	4.0289559444e-16	7.5285516774e-01	1.8394465085e-05	5.8162890691e-08	7.8549237357e-06	6.1771075294e-02	2.2124529203e-11	3.9196348353e-10	0.0000000000e+00	0.0000000000e+00	0.0000000000e+00	0.0000000000e+00
2.4706330903e-01	2.4366925578e-05	1.0437834381e-05	5.4936192772e-10	3.0439772986e+00	2.4573676808e-01	1.2722891855e-04	4.0370979737e-16	7.5287642231e-01	1.8345283752e-05	5.7896208090e-08	7.8005031973e-06	6.1765827258e-02	2.2787576701e-11	3.9081406599e-10	0.0000000000e+00	0.0000000000e+00	0.0000000000e+00	0.0000000000e+00
2.4717167166e-01	2.3881343277e-05	1.0462177630e-05	5.6597743189e-10	3.0439772986e+00	2.4584473885e-01	1.2745150388e-04	3.8738662141e-16	7.5276874430e-01	1.7977128791e-05	5.8533795820e-08	7.8170665216e-06	6.1792917915e-02	2.0832635754e-11	4.0521748495e-10	0.0000000000e+00	0.0000000000e+00	0.0000000000e+00	0.0000000000e+00
2.4701633534e-01	2.4069036642e-05	1.0419950216e-05	5.4606698874e-10	3.0439772986e+00	2.4568996430e-01	1.2704308560e-04	3.9417096783e-16	7.5292388120e-01	1.8122152485e-05	5.7973173217e-08	7.7874561852e-06	6.1754083834e-02	2.2219686959e-11	3.8892718960e-10	0.0000000000e+00	0.0000000000e+00	0.0000000000e+00	0.0000000000e+00
2.4726638022e-01	2.4720315203e-05	1.0278887604e-05	5.5037879144e-10	3.0439772986e+00	2.4593910507e-01	1.2515479315e-04	4.0543051529e-16	7.5267319432e-01	1.8606318608e-05	5.9848129829e-08	7.6767950371e-06	6.1816595054e-02	2.3297914407e-11	3.9095744863e-10	0.0000000000e+00	0.0000000000e+00	0.0000000000e+00	0.0000000000e+00
2.4681761991e-01	2.4405344876e-05	1.0534367234e-05	5.5816146238e-10	3.0439772986e+00	2.4549196801e-01	1.2857529024e-04	4.0129262784e-16	7.5312181577e-01	1.8380197648e-05	5.9210603469e-08	7.8744511754e-06	6.1704404977e-02	2.2022069089e-11	3.9834150495e-10	0.0000000000e+00	0.0000000000e+00	0.0000000000e+00	0.0000000000e+00
2.4701816679e-01	2.3544078017e-05	1.0553532239e-05	5.7867493611e-10	3.0439772986e+00	2.4569178912e-01	1.2867057328e-04	3.8147694890e-16	7.5292253845e-01	1.7726866986e-05	5.7875620482e-08	7.8881166623e-06	6.1754541697e-02	2.1437719501e-11	4.1425968233e-10	0.0000000000e+00	0.0000000000e+00	0.0000000000e+00	0.0000000000e+00
2.4704800591e-01	2.4439777045e-05	1.0252133462e-05	5.3783286920e-10	3.0439772986e+00	2.4572152031e-01	1.2497570400e-04	4.0191628526e-16	7.5289203398e-01	1.8400513450e-05	5.7842619856e-08	7.6609069953e-06	6.1762001478e-02	2.1459077523e-11	3.8347100531e-10	0.0000000000e+00	0.0000000000e+00	0.0000000000e+00	0.0000000000e+00
2.4698832425e-01	2.4023701857e-05	1.0416059345e-05	5.9299350760e-10	3.0439772986e+00	2.4566205455e-01	1.2701478734e-04	3.8961221433e-16	7.5295196686e-01	1.8088693565e-05	5.7515857416e-08	7.7852765130e-06	6.1747081063e-02	2.1263004339e-11	4.2523262355e-10	0.0000000000e+00	0.0000000000e+00	0.0000000000e+00	0.0000000000e+00
2.4712430482e-01	2.4032014180e-05	1.0542276428e-05	5.5093134926e-10	3.0439772986e+00	2.4579754328e-01	1.2845990542e-04	3.9547771977e-16	7.5281569975e-01	1.8091677571e-05	5.8597795468e-08	7.8777934103e-06	6.1781076205e-02	2.0153856002e-11	3.9459591321e-10	0.0000000000e+00	0.0000000000e+00	0.0000000000e+00	0.0000000000e+00
