sample_id,Yp,D_H,He3oH,Li7oH,Neff,YPCMB,He3oHe4,n,p,H2,H3,He3,He4,Li7,Be7,He6,Li8,Li6,B8
1,0.24717804331183219,2.405261033744918e-05,1.0440778004510765e-05,5.492588378403747e-10,3.0439772985579183,0.24585108747235557,0.0001271864205489312,3.9640525413186965e-16,0.7527621637376661,1.81058950011572e-05,5.856075163801432e-08,7.80086189014214e-06,0.061794510827958046,2.1477774492595552e-11,3.9198349673216075e-10,0.0,0.0,0.0,0.0
2,0.24705015099160363,2.4117166148697556e-05,1.0386442364952605e-05,5.481657602944921e-10,3.0439772985579183,0.24572365762996176,0.00012661152891580931,3.910834363564211e-16,0.7528900714232003,1.815757494421809e-05,5.7203741076675455e-08,7.762645592905444e-06,0.06176253774790091,2.269591067166138e-11,3.900126477482117e-10,0.0,0.0,0.0,0.0
3,0.2471495168034296,2.4495638216609998e-05,1.0279012982835092e-05,5.830862934726916e-10,3.0439772985579183,0.24582266409995063,0.00012523499543983102,4.04764014409677e-16,0.7527903861372744,1.8440080951760818e-05,5.843905350718493e-08,7.679503098951302e-06,0.0617873792008574,2.2482915881868097e-11,4.164588401327915e-10,0.0,0.0,0.0,0.0
4,0.24683904299349832,2.4446799490797444e-05,1.0261257195576249e-05,5.537100771408204e-10,3.0439772985579183,0.24551331353857103,0.00012522755619303062,4.063686594835277e-16,0.7531009489857718,1.841090789618444e-05,5.917744710805317e-08,7.6685850846675e-06,0.06170976074837458,2.0985743592373432e-11,3.9601384096536336e-10,0.0,0.0,0.0,0.0
5,0.24708570137362248,2.388405764711688e-05,1.0482335011584058e-05,5.863178032189198e-10,3.0439772985579183,0.24575907943313566,0.0001277560732491654,3.8815877433474497e-16,0.752854658065819,1.798122405314449e-05,5.882219359057672e-08,7.832852547286903e-06,0.06177142534340562,2.2652091588691765e-11,4.1875999767159024e-10,0.0,0.0,0.0,0.0
6,0.24698612951164192,2.409024147922672e-05,1.0302336603034346e-05,5.672446403164796e-10,3.0439772985579183,0.24565986774858486,0.0001256295460552794,3.961196068360191e-16,0.7529543182310487,1.8138851349012485e-05,5.768103751014987e-08,7.699507795614355e-06,0.06174653237791048,2.1974409757591302e-11,4.0513489166212007e-10,0.0,0.0,0.0,0.0
7,0.24699043429661677,2.4174909193979224e-05,1.0164213267176654e-05,5.412000748227778e-10,3.0439772985579183,0.24566415695911428,0.00012394239344494173,3.9595716423286703e-16,0.7529501984080187,1.8202502674102493e-05,5.8644292766576655e-08,7.5945021034155e-06,0.06174760857415419,1.9703066083978807e-11,3.8779363763226627e-10,0.0,0.0,0.0,0.0
8,0.24696455098410505,2.4322230782693935e-05,1.054043370080406e-05,5.64762528515376e-10,3.0439772985579183,0.24563836729479263,0.000128547730721613,4.0172109969701144e-16,0.7529750079274977,1.8314031916413395e-05,5.8576929116572806e-08,7.878106220305627e-06,0.06174113774602626,2.3292845078483797e-11,4.0195922430753504e-10,0.0,0.0,0.0,0.0
9,0.24696366526324534,2.4076996037273016e-05,1.0325156439657596e-05,5.382708627233881e-10,3.0439772985579183,0.24563748477872038,0.00012592302148111748,3.913103974525966e-16,0.7529767492566544,1.8129418208011185e-05,5.902294746343652e-08,7.715579784036351e-06,0.061740916315811335,2.132155909800337e-11,3.8398388533502825e-10,0.0,0.0,0.0,0.0
10,0.24716899529327535,2.3940912355563685e-05,1.0597718177133667e-05,5.580633401523124e-10,3.0439772985579183,0.24584207216515222,0.00012910446413826957,3.9212541871834613e-16,0.7527710247519422,1.802202512739411e-05,5.860926945949781e-08,7.919045902773698e-06,0.06179224882331884,2.2396837976328936e-11,3.9769707446661903e-10,0.0,0.0,0.0,0.0
11,0.24711239969024576,2.4715481827028898e-05,1.049044222166092e-05,5.590884847941778e-10,3.0439772985579183,0.24578568119892832,0.0001278363194213817,4.0412619526839263e-16,0.7528266919615344,1.8606474424077587e-05,5.788836704853442e-08,7.839596547898066e-06,0.06177809992256144,2.1255803149985846e-11,3.996409313714016e-10,0.0,0.0,0.0,0.0
12,0.24714169396884095,2.4304056180654438e-05,1.0473561088449715e-05,5.788971051479493e-10,3.0439772985579183,0.2458148695504039,0.00012761062393740007,3.9906626407173897e-16,0.7527980574603681,1.8296046281204315e-05,5.803871360851076e-08,7.826437728468932e-06,0.06178542349221024,2.1303820343086118e-11,4.1448879588172055e-10,0.0,0.0,0.0,0.0
13,0.24689798368620738,2.4437943813566065e-05,1.0388961427058008e-05,5.836731043770065e-10,3.0439772985579183,0.2455720408871891,0.00012674581540165502,4.0126510733111065e-16,0.753041737690681,1.8402791674955017e-05,5.8645678109693895e-08,7.764675887723524e-06,0.061724495921551846,2.1293810231390668e-11,4.1823639853198456e-10,0.0,0.0,0.0,0.0
14,0.24693649393138944,2.4313260714869418e-05,1.0343988461087415e-05,5.474599810572711e-10,3.0439772985579183,0.24561041176581086,0.00012617105878016415,4.0097468292296955e-16,0.7530035200636157,1.8307970902521093e-05,5.864239447016489e-08,7.730417328226081e-06,0.06173412348284736,2.2755441977070217e-11,3.894838508530153e-10,0.0,0.0,0.0,0.0
15,0.24701652363121568,2.4393996763586808e-05,1.0340719210524077e-05,5.450992285235565e-10,3.0439772985579183,0.2456901519097507,0.00012607689836657317,4.0488685324417823e-16,0.7529233825685379,1.8366810557605746e-05,5.81148532309405e-08,7.727654432948309e-06,0.06175413090780392,2.1036724180655595e-11,3.89381230794801e-10,0.0,0.0,0.0,0.0
16,0.24706893704928495,2.418641377612752e-05,1.043735551144155e-05,5.412089014286523e-10,3.0439772985579183,0.24574237573987395,0.00012721927865439698,3.971339983748757e-16,0.7528710676488551,1.8209251162230104e-05,5.975749369499336e-08,7.798225493634668e-06,0.06176723426232124,2.2529709935015094e-11,3.8493081350463834e-10,0.0,0.0,0.0,0.0
17,0.2470283800586322,2.4446117530687384e-05,1.051324017215708e-05,5.517637677952355e-10,3.0439772985579183,0.24570196544710426,0.00012817207138524303,4.0675487370940696e-16,0.7529110589261748,1.8405752236663565e-05,5.875917025252017e-08,7.856775620511467e-06,0.06175709501465805,2.0991100016738725e-11,3.944379426710681e-10,0.0,0.0,0.0,0.0
18,0.2470067210506715,2.395587028883873e-05,1.0578422521272443e-05,5.681552585859052e-10,3.0439772985579183,0.24568038479108442,0.000128981861200527,3.9394601883593777e-16,0.7529333070712594,1.803717264034547e-05,5.8638428360354527e-08,7.906208224178397e-06,0.06175168026266788,2.1939504622029515e-11,4.058435131549826e-10,0.0,0.0,0.0,0.0
19,0.24683557044141405,2.489237543344223e-05,1.0318420522236975e-05,5.295320810913429e-10,3.0439772985579183,0.24550985355741523,0.00012592739119707085,4.1369748812132796e-16,0.753103621172957,1.87465380785221e-05,5.9541220369138806e-08,7.711298639712882e-06,0.06170889261035351,2.0299311081784242e-11,3.7849321671535804e-10,0.0,0.0,0.0,0.0
20,0.2468276624200841,2.436186520172444e-05,1.0625579086623445e-05,5.434856870317266e-10,3.0439772985579183,0.24550197416442224,0.0001296815299396774,3.990462046486298e-16,0.7531116335665621,1.8347204098799075e-05,5.742219306093742e-08,7.944825030456744e-06,0.06170691560502103,2.1316224932467785e-11,3.8798916864804106e-10,0.0,0.0,0.0,0.0
21,0.2469482784994807,2.426260590611027e-05,1.0395392236224348e-05,5.713421420440043e-10,3.0439772985579183,0.24562215369037876,0.00012679001583750248,3.9639083077249763e-16,0.7529916964769882,1.8269540782194565e-05,5.9167003075571235e-08,7.768477032422713e-06,0.061737069624870175,2.0451268259197907e-11,4.097646205473132e-10,0.0,0.0,0.0,0.0
22,0.24709452348931454,2.3945989359330727e-05,1.0591520297497495e-05,5.721118974703092e-10,3.0439772985579183,0.24576786964372574,0.00012908061657885056,3.9016000859981544e-16,0.7528454969017524,1.8027630258029416e-05,5.848424511654788e-08,7.91529411619795e-06,0.061773630872328636,2.1039493806750212e-11,4.0967237192768916e-10,0.0,0.0,0.0,0.0
23,0.24696713384085278,2.3899127417266367e-05,1.0376785414696453e-05,5.537254316961794e-10,3.0439772985579183,0.24564094080610097,0.0001265503406271502,3.852316228646969e-16,0.7529734320950388,1.7995407995455694e-05,5.8462948034432004e-08,7.754980779783296e-06,0.061741783460213195,2.087106788470877e-11,3.960694708578704e-10,0.0,0.0,0.0,0.0
24,0.24694226984662246,2.4444940699625284e-05,1.028897002814128e-05,5.572140433042107e-10,3.0439772985579183,0.24561616678012668,0.00012549605975932605,4.0488814038013116e-16,0.7529976705397644,1.8406983403300516e-05,5.931103405595612e-08,7.688259429387882e-06,0.061735567461655615,2.2536250904434164e-11,3.9704462569567987e-10,0.0,0.0,0.0,0.0
25,0.24696926591571955,2.4234083502970477e-05,1.060979187607883e-05,5.845258470722234e-10,3.0439772985579183,0.24564306516664447,0.00012939031611046724,3.93351809115283e-16,0.752970269342717,1.8247544382505576e-05,5.7038216392880675e-08,7.931819630208367e-06,0.06174231647892989,2.0905347449126452e-11,4.1922523705862546e-10,0.0,0.0,0.0,0.0
26,0.24692737386137262,2.469676250243121e-05,1.0477716530241067e-05,5.459194431119347e-10,3.0439772985579183,0.24560132469894527,0.00012780832906482818,4.070719988092596e-16,0.7530117598262143,1.8596952593965785e-05,5.801853541004878e-08,7.831825227986992e-06,0.061731843465343154,2.171673994949805e-11,3.893670206315668e-10,0.0,0.0,0.0,0.0
27,0.24687324885826553,2.4314175604208124e-05,1.0258100251714693e-05,5.290042469559265e-10,3.0439772985579183,0.2455473955844091,0.0001251660329214123,3.9852442781826214e-16,0.7530669528415985,1.8310202133116545e-05,5.8480651521413475e-08,7.666555646981005e-06,0.06171831221456638,2.0725777938495456e-11,3.7764983835686857e-10,0.0,0.0,0.0,0.0
28,0.24692276555041884,2.450000153691179e-05,1.0171790422136988e-05,5.139917306252208e-10,3.0439772985579183,0.2455967330647146,0.00012407984666974224,4.041374038301281e-16,0.7530173552850277,1.8448926361804428e-05,5.8490562820978905e-08,7.601044159370191e-06,0.06173069138760471,2.0207297817485165e-11,3.668373958162929e-10,0.0,0.0,0.0,0.0
29,0.24702329056925004,2.4352679658761752e-05,1.0355880703927848e-05,5.20134304281292e-10,3.0439772985579183,0.24569689436846348,0.0001262571627169148,3.992895102336742e-16,0.752916644270539,1.833553784767031e-05,5.874492322764541e-08,7.738370024839736e-06,0.06175582264231251,2.1689224386379783e-11,3.6992855056308204e-10,0.0,0.0,0.0,0.0
30,0.2472297931637245,2.436543910400442e-05,1.0284538890200272e-05,5.300154878704381e-10,3.0439772985579183,0.24590265025506639,0.00012524830853268234,4.0251249734225666e-16,0.7527102999762787,1.8340116977028918e-05,5.908166542869809e-08,7.682196687731654e-06,0.06180744829093113,2.1538411662656115e-11,3.7740970520437505e-10,0.0,0.0,0.0,0.0
31,0.24720184128631564,2.4450986182566563e-05,1.0540806309127026e-05,5.787393802197295e-10,3.0439772985579183,0.24587479941543916,0.00012838837429110395,4.009894094810563e-16,0.7527375419334986,1.8405175236915095e-05,5.875476211589528e-08,7.875705869013496e-06,0.06180046032157891,2.2923748424681262e-11,4.127151100620344e-10,0.0,0.0,0.0,0.0
32,0.24694494848684206,2.4584919546241984e-05,1.0283672575446418e-05,5.749682518392623e-10,3.0439772985579183,0.24561883572749138,0.00012542960609947492,4.0440641758280215e-16,0.7529947931956382,1.8512316409453886e-05,5.86845490684385e-08,7.684867355171494e-06,0.061736237121710516,2.30773731377678e-11,4.0987072674999517e-10,0.0,0.0,0.0,0.0
33,0.24706616657262528,2.4371242776698692e-05,1.0442470962040187e-05,5.438816165722141e-10,3.0439772985579183,0.2457396152835064,0.00012728347669300005,4.000358190115577e-16,0.7528735480541764,1.834846401978286e-05,5.916884476557616e-08,7.802691318878329e-06,0.06176654164315632,2.3175076804147683e-11,3.8629900558601627e-10,0.0,0.0,0.0,0.0
34,0.24717774733624348,2.4555637388804085e-05,1.0155326572124796e-05,5.313713984539719e-10,3.0439772985579183,0.24585079256679074,0.00012370931523454393,4.0718016899076736e-16,0.7527623471045581,1.8484559235444606e-05,5.939990633856579e-08,7.5851475597073825e-06,0.06179443683406087,2.1926341483724217e-11,3.78070039600719e-10,0.0,0.0,0.0,0.0
35,0.24716503304873602,2.452272441424062e-05,1.0484859603256179e-05,5.589194796853732e-10,3.0439772985579183,0.24583812424570456,0.0001277322028835584,4.0440620272752493e-16,0.7527743656504922,1.846007831495182e-05,5.846127355826227e-08,7.83427226321738e-06,0.061791258262184005,2.268550434960196e-11,3.9805475242025794e-10,0.0,0.0,0.0,0.0
36,0.24715497525201896,2.42738059427377e-05,1.040144497938626e-05,5.77052995993764e-10,3.0439772985579183,0.24582810281292944,0.00012672294541456514,4.025722480190591e-16,0.7527849856407127,1.8272956658049247e-05,5.8457501397695074e-08,7.771594108052253e-06,0.06178874381300474,2.2581036542362742e-11,4.118157947607332e-10,0.0,0.0,0.0,0.0
37,0.24688146401227554,2.4254605549913478e-05,1.033496181242638e-05,5.83977615320019e-10,3.0439772985579183,0.24555558100355115,0.00012609828711303067,3.983218733454126e-16,0.7530586541324734,1.8265140611931863e-05,5.9245707716088724e-08,7.723586725260228e-06,0.061720366003068884,2.2487425356524083e-11,4.1728197167986074e-10,0.0,0.0,0.0,0.0
38,0.24701127335486087,2.459902717978965e-05,1.0053125704936086e-05,5.377914017927986e-10,3.0439772985579183,0.2456849206266593,0.00012257399450152067,4.0795599118244714e-16,0.7529289733029559,1.852132027873053e-05,5.85241080503476e-08,7.510765507452735e-06,0.06175281833871522,2.108205378510796e-11,3.8383667421790137e-10,0.0,0.0,0.0,0.0
39,0.24720795367434098,2.4064877438832812e-05,1.058449029955012e-05,5.990154942496675e-10,3.0439772985579183,0.2458808897080385,0.00012891629913657434,3.951934044563644e-16,0.7527319125177031,1.8114401219036747e-05,5.8059696188300084e-08,7.909223930017138e-06,0.061801988418585245,2.1332213486816396e-11,4.29565865127473e-10,0.0,0.0,0.0,0.0
40,0.24699631824008628,2.4196068212539492e-05,1.0137944385798922e-05,5.443652173376267e-10,3.0439772985579183,0.24567001961526672,0.0001236181644013973,3.9976374359271955e-16,0.7529443423834844,1.8218292668556478e-05,5.94485307401894e-08,7.573859337945518e-06,0.06174907956002157,2.2439059541979948e-11,3.87437651042742e-10,0.0,0.0,0.0,0.0
41,0.24697180176333736,2.4326155286996865e-05,1.0587105292256632e-05,5.75341286356799e-10,3.0439772985579183,0.24564559183908313,0.00012911186939754346,3.9786209593581335e-16,0.7529676463467788,1.831680789111628e-05,5.887076507382637e-08,7.912876988462177e-06,0.06174295044083434,2.1384789636606258e-11,4.1182858459760074e-10,0.0,0.0,0.0,0.0
42,0.24702946376216603,2.38358948875615e-05,1.065422815201169e-05,5.804420785264218e-10,3.0439772985579183,0.2457030452304917,0.00012989027183600086,3.922612893845801e-16,0.7529105755425083,1.7946297338364658e-05,5.87814736403463e-08,7.962899576251971e-06,0.06175736594054151,2.3178139232835916e-11,4.138428401795821e-10,0.0,0.0,0.0,0.0
43,0.2468862028741476,2.422209024245335e-05,1.040731137639282e-05,5.422742703544536e-10,3.0439772985579183,0.24556030271348075,0.00012697777847595326,4.004940420774888e-16,0.7530538013985214,1.824053713489753e-05,5.948836232048645e-08,7.777777032010204e-06,0.0617215507185369,2.1577022927342202e-11,3.8678467776368867e-10,0.0,0.0,0.0,0.0
44,0.24712753149065572,2.4144087744416243e-05,1.0606843256493241e-05,5.784879358274306e-10,3.0439772985579183,0.2458007582817376,0.0001292443706336309,3.9903646860576434e-16,0.7528121586552114,1.8175962813634827e-05,5.970516229791647e-08,7.925255406140232e-06,0.06178188287266393,2.168380677669465e-11,4.138089449495508e-10,0.0,0.0,0.0,0.0
45,0.24694816622528787,2.453640667894139e-05,1.0208091638123408e-05,5.388070796383752e-10,3.0439772985579183,0.24562204182245093,0.00012450563396444487,4.062720195777075e-16,0.7529918196808235,1.847571351360479e-05,5.98424986842477e-08,7.626766999374897e-06,0.06173704155632197,2.107654590113594e-11,3.846407774526746e-10,0.0,0.0,0.0,0.0
46,0.2468223799966931,2.427039491276614e-05,1.0412130978298694e-05,5.836962481615759e-10,3.0439772985579183,0.24549671086476715,0.0001270801848688295,3.9407716443128464e-16,0.7531175353325554,1.8278459998250228e-05,5.945973119453637e-08,7.782098688741525e-06,0.061705594999173274,2.2734943822570188e-11,4.168569359757355e-10,0.0,0.0,0.0,0.0
47,0.2469712757470912,2.3954019628327505e-05,1.0416457481868971e-05,5.453805655462783e-10,3.0439772985579183,0.2456450677260563,0.00012703130405976792,3.9284799406760046e-16,0.7529691182934781,1.803663703912643e-05,5.7684940328947605e-08,7.785585865535434e-06,0.0617428189367728,2.134769331808423e-11,3.893070302556954e-10,0.0,0.0,0.0,0.0
48,0.24699288634229064,2.447667314015808e-05,1.0465372714343428e-05,5.578122546825557e-10,3.0439772985579183,0.2456666001335565,0.00012761285628641635,3.983323251822045e-16,0.752946611862341,1.8429628110543994e-05,5.863664245928293e-08,7.821230284682193e-06,0.06174822158557266,2.102586941749723e-11,3.9897697780102636e-10,0.0,0.0,0.0,0.0
49,0.24697903144869082,2.485554272976063e-05,1.0216596379215982e-05,5.272832919978783e-10,3.0439772985579183,0.24565279536656098,0.00012458860229116127,4.0891582719130735e-16,0.752960457212916,1.8715240818075736e-05,5.924065129389151e-08,7.633452429560397e-06,0.061744757862172706,2.1796372359853123e-11,3.7522709626360084e-10,0.0,0.0,0.0,0.0
50,0.24712715295895166,2.4648776400587618e-05,1.0453369447411159e-05,5.597612887968272e-10,3.0439772985579183,0.2458003811187898,0.0001273744817229258,4.075185860923401e-16,0.7528121240277296,1.855589771681094e-05,5.880905345714979e-08,7.810614203495018e-06,0.061781788239737914,2.2567196536723824e-11,3.9882788823091504e-10,0.0,0.0,0.0,0.0
51,0.24695967527452878,2.432227012412847e-05,1.0290074813192238e-05,5.556873320681359e-10,3.0439772985579183,0.24563350922704474,0.00012549781889275297,4.000928760458682e-16,0.7529804487349768,1.8314193872319577e-05,5.83928229240099e-08,7.689832327429964e-06,0.061739918818632195,2.1082842011077094e-11,3.973388546459299e-10,0.0,0.0,0.0,0.0
52,0.2469849166012662,2.474105506245181e-05,1.0543304747053365e-05,5.615191275530167e-10,3.0439772985579183,0.24565865922649133,0.0001285685565520298,4.10874689242653e-16,0.7529540068170508,1.862887654215437e-05,5.869758222326657e-08,7.879925972163797e-06,0.06174622915031655,2.184956929275867e-11,4.009485077026999e-10,0.0,0.0,0.0,0.0
53,0.24681825689189718,2.382781673878859e-05,1.0290430253992356e-05,5.67171381915177e-10,3.0439772985579183,0.24549260268695022,0.000125597768701554,3.912296015575509e-16,0.7531225997183721,1.7945267287929408e-05,5.946440513104711e-08,7.690491179976264e-06,0.061704564222974295,2.2968549095795556e-11,4.0418103653802427e-10,0.0,0.0,0.0,0.0
54,0.2470654492055278,2.451672697168796e-05,1.0164876556414218e-05,5.516708989583759e-10,3.0439772985579183,0.24573890051100838,0.00012390041813174483,4.0280926596286544e-16,0.752874673208792,1.845802280695875e-05,5.957848519143545e-08,7.59329963042663e-06,0.06176636230138195,2.186693773392273e-11,3.93472110038165e-10,0.0,0.0,0.0,0.0
55,0.24706522293729016,2.434701141744524e-05,1.0463646116188948e-05,5.672122312912213e-10,3.0439772985579183,0.2457386750611474,0.0001275422260819806,3.991816935889595e-16,0.7528744801515654,1.833024356415331e-05,5.754348538236437e-08,7.820268644833336e-06,0.06176630573432254,2.2596296408972308e-11,4.044433173600155e-10,0.0,0.0,0.0,0.0
56,0.2470564961033392,2.46955866288207e-05,1.0312908762238586e-05,5.662488591255024e-10,3.0439772985579183,0.24572997979134067,0.00012571074286117818,4.06651124571311e-16,0.7528830218965541,1.8592887888614663e-05,5.955691719867335e-08,7.704856996258964e-06,0.0617641240258348,2.1921657371534195e-11,4.0439749483235016e-10,0.0,0.0,0.0,0.0
57,0.24693459270561377,2.4642805427165943e-05,1.0402711095858757e-05,5.299342993563706e-10,3.0439772985579183,0.24560851741997716,0.0001268885209245698,4.0550568160906714e-16,0.7530047923276438,1.8556150583053625e-05,5.929226859517282e-08,7.773999039786426e-06,0.06173364817640344,2.1668662246239843e-11,3.773744047878995e-10,0.0,0.0,0.0,0.0
58,0.24707003653749912,2.429407398553485e-05,1.0369030660212391e-05,5.496755484061594e-10,3.0439772985579183,0.24574347125147664,0.00012638572952188658,3.951303998638152e-16,0.7528699604151664,1.8290278519812746e-05,5.893978296939013e-08,7.74759191972836e-06,0.06176750913437478,2.224163630799051e-11,3.9159257206173957e-10,0.0,0.0,0.0,0.0
59,0.24689188197573433,2.435112709258001e-05,1.041980391949219e-05,5.636395044103835e-10,3.0439772985579183,0.24556596126042074,0.0001271262772697562,3.9855400351644723e-16,0.753047900090157,1.8337565121895905e-05,5.839062608969892e-08,7.788220834835082e-06,0.061722970493933584,2.205358763225441e-11,4.0239395757184166e-10,0.0,0.0,0.0,0.0
60,0.24680169252695822,2.4699547944302824e-05,1.0501163697151922e-05,5.32611804973539e-10,3.0439772985579183,0.24547609829282907,0.00012818094995769848,4.0399789021540374e-16,0.7531373739048867,1.860215267541007e-05,5.8105273869900594e-08,7.85071357594843e-06,0.061700423131739554,2.153338625852473e-11,3.7959646984998806e-10,0.0,0.0,0.0,0.0
61,0.24704072080252806,2.4485393977066588e-05,1.0418071556807743e-05,5.9956409046603e-10,3.0439772985579183,0.2457142615510671,0.00012700342399333338,4.014312126139705e-16,0.7528988747250444,1.8435025572532812e-05,5.841513361271375e-08,7.785339218312827e-06,0.061760180200632016,2.3025056179969734e-11,4.28386072857449e-10,0.0,0.0,0.0,0.0
62,0.2470203425599359,2.4307184039453215e-05,1.0294741896394445e-05,5.488344750053858e-10,3.0439772985579183,0.24569395702345959,0.0001255137923257728,3.9969505330628795e-16,0.752919798483919,1.8301360108696646e-05,5.8902729722702015e-08,7.692212264354561e-06,0.06175508563998398,2.1988320561847638e-11,3.912400217602349e-10,0.0,0.0,0.0,0.0
63,0.24679675924703187,2.4228887109643996e-05,1.040880147272301e-05,5.544883267719157e-10,3.0439772985579183,0.24547118287445757,0.0001270570703679633,3.9730566701056627e-16,0.7531432242321401,1.8247822157313817e-05,5.7900133196477334e-08,7.781418168362378e-06,0.06169918981175797,2.20618278357384e-11,3.955472983883467e-10,0.0,0.0,0.0,0.0
64,0.2468106093638463,2.436966768485542e-05,1.0244815325912247e-05,5.186234760710852e-10,3.0439772985579183,0.24548498284607526,0.0001250460506651459,3.978653066188527e-16,0.7531295338517705,1.8353516463617717e-05,5.823748707463996e-08,7.657435503727126e-06,0.061702652340961575,2.0654197626960838e-11,3.699364591510404e-10,0.0,0.0,0.0,0.0
65,0.2470830767881662,2.4562477870570964e-05,1.0359086278710728e-05,5.526031762511986e-10,3.0439772985579183,0.2457564643396826,0.0001262556051990233,4.0561721051165477e-16,0.7528565395395379,1.8492022092154534e-05,5.856246998629344e-08,7.740343378595376e-06,0.06177076919704155,2.2962066100560348e-11,3.9306884891047437e-10,0.0,0.0,0.0,0.0
66,0.2470701643024332,2.4202426267637036e-05,1.0440309898063982e-05,5.550509605835902e-10,3.0439772985579183,0.24574359855431369,0.00012725444446480335,3.9614257452001255e-16,0.7528698096395611,1.8221276056931407e-05,5.813287878560368e-08,7.802061246747853e-06,0.0617675410756083,2.09630394159672e-11,3.9691807161885584e-10,0.0,0.0,0.0,0.0
67,0.2470829906344459,2.453808794727252e-05,1.0326988860172919e-05,5.576485848092286e-10,3.0439772985579183,0.24575637849754506,0.00012586448131196823,4.094921930420849e-16,0.7528567348695122,1.847366477192452e-05,5.915497602562466e-08,7.715588138277985e-06,0.06177074765861147,2.1723924690377557e-11,3.981055680737026e-10,0.0,0.0,0.0,0.0
68,0.2469899395618376,2.4304363465436327e-05,1.042580267239836e-05,5.420274404015656e-10,3.0439772985579183,0.2456636640142415,0.00012713241956167096,3.975729092805685e-16,0.7529499073250709,1.8299968218895123e-05,5.91820597088003e-08,7.790925096263021e-06,0.0617474848904594,2.1657467928209103e-11,3.864620430897951e-10,0.0,0.0,0.0,0.0
69,0.24689495374483567,2.414301978900047e-05,1.067200682901548e-05,5.589369464219484e-10,3.0439772985579183,0.24556902191191077,0.00013020107047195456,3.9234080896229296e-16,0.753044572280012,1.8180770010555726e-05,5.666573456815357e-08,7.979831083357174e-06,0.061723738436208916,2.1571511038596528e-11,3.993329227112156e-10,0.0,0.0,0.0,0.0
70,0.247090957185359,2.451637166841607e-05,1.0311308636422734e-05,5.522660856365098e-10,3.0439772985579183,0.24576431623714318,0.00012566800184441303,4.073213589141193e-16,0.7528488370919338,1.845712190028067e-05,5.942298505123554e-08,7.703433730775634e-06,0.06177273929633975,2.232518740664925e-11,3.9344769293011156e-10,0.0,0.0,0.0,0.0
71,0.24703658739102954,2.4314758668496123e-05,1.0453508283520531e-05,5.668329093606251e-10,3.0439772985579183,0.24571014309103661,0.00012743828374255518,3.9687256620552546e-16,0.7529031848657051,1.830665924075174e-05,5.783408211030682e-08,7.812645597572332e-06,0.061759146847757386,2.2321091777992676e-11,4.0444921096631547e-10,0.0,0.0,0.0,0.0
72,0.24695264967060104,2.4276775453381215e-05,1.045437119984194e-05,5.375715834909187e-10,3.0439772985579183,0.2456265090445236,0.00012750634435745956,3.970587443747315e-16,0.7529871712744138,1.8280100476305645e-05,5.777003903197678e-08,7.814237358189705e-06,0.06173816241765026,2.0201772384497037e-11,3.845827336258372e-10,0.0,0.0,0.0,0.0
73,0.24692551120979947,2.411504122249788e-05,1.0581945161271718e-05,5.580872911207014e-10,3.0439772985579183,0.24559946878796698,0.00012908112403650664,3.932547871184456e-16,0.7530142628432278,1.8158969989593294e-05,5.872670650346281e-08,7.909628928559023e-06,0.06173137780244987,2.1208513773331686e-11,3.990391763520971e-10,0.0,0.0,0.0,0.0
74,0.2471049049228755,2.4529452616217982e-05,1.0408447879841876e-05,5.614427630354278e-10,3.0439772985579183,0.24577821353434223,0.00012684232606744708,4.019503795516711e-16,0.7528346513555547,1.8466621908273065e-05,5.779834054042553e-08,7.778041890232796e-06,0.06177622623071888,2.2239059035755207e-11,4.0043450773012046e-10,0.0,0.0,0.0,0.0
75,0.24699951987401808,2.4021506916705995e-05,1.0688392908404525e-05,5.733010907326323e-10,3.0439772985579183,0.24567320966632372,0.0001303277071195058,3.9324942158329623e-16,0.7529401604306473,1.8086757271650514e-05,5.781124478581646e-08,7.98990902641408e-06,0.06174987996850452,2.2955118533088443e-11,4.0870629669820476e-10,0.0,0.0,0.0,0.0
76,0.24695179965382266,2.4404339700217404e-05,1.0306785608302049e-05,5.563415826102411e-10,3.0439772985579183,0.24562566210348882,0.00012570692039941354,4.011631956825008e-16,0.7529881623949183,1.8376178905328054e-05,5.807591886097462e-08,7.702811636532777e-06,0.061737949913455666,2.3696096804997714e-11,3.9522252914856837e-10,0.0,0.0,0.0,0.0
77,0.24721791267276855,2.4392698175749452e-05,1.017696072794671e-05,5.60226132882515e-10,3.0439772985579183,0.24589081270721985,0.00012394613367770443,3.999394118268226e-16,0.7527223812389678,1.8360929855693556e-05,5.827671080296374e-08,7.6021494021125434e-06,0.06180447816819214,2.0187909005512834e-11,4.0150683977011227e-10,0.0,0.0,0.0,0.0
78,0.24719145418296393,2.411916199671493e-05,1.0736382298958177e-05,5.943336363633221e-10,3.0439772985579183,0.24586444986122793,0.0001307778244898278,3.937762121352629e-16,0.7527479860153148,1.815565061740428e-05,5.702837742779647e-08,8.024761775203447e-06,0.06179786354574098,2.181824977837643e-11,4.255651980152727e-10,0.0,0.0,0.0,0.0
79,0.24708733523791604,2.400426865757266e-05,1.029705641762094e-05,5.685305898899711e-10,3.0439772985579183,0.2457607073884903,0.00012549688156475105,3.903302230696479e-16,0.7528532618661476,1.807169195756491e-05,5.8752098994800585e-08,7.693420412630872e-06,0.06177183380947901,2.1191984308207378e-11,4.0682812476114245e-10,0.0,0.0,0.0,0.0
80,0.24713835784482352,2.417923328037667e-05,1.0358485377798909e-05,5.385899247733021e-10,3.0439772985579183,0.24581154548908268,0.00012621087124875882,3.9974134220232587e-16,0.7528018413154011,1.8202171335062182e-05,5.863553902438277e-08,7.739251326621293e-06,0.06178458946120588,2.1950462350093833e-11,3.835010247331713e-10,0.0,0.0,0.0,0.0
81,0.24703453476621767,2.403625627988478e-05,1.06024767917146e-05,5.761661450008286e-10,3.0439772985579183,0.24570809789111508,0.00012925579317823644,3.883965632496247e-16,0.7529053201648264,1.809702522997047e-05,5.830628287930773e-08,7.924354900526714e-06,0.06175863369155442,2.1785302396447937e-11,4.120132534735347e-10,0.0,0.0,0.0,0.0
82,0.24696236608421984,2.4245674696848964e-05,1.0414685552069293e-05,5.599822799405973e-10,3.0439772985579183,0.24563619030051057,0.0001270157064445142,4.010176435974834e-16,0.7529775919918051,1.8256449749449972e-05,5.8362646705848216e-08,7.783662201643131e-06,0.06174059152105496,2.239852041469667e-11,3.992555882930552e-10,0.0,0.0,0.0,0.0
83,0.24710957226311495,2.4447371794903883e-05,1.0412418208098155e-05,5.661713789861749e-10,3.0439772985579183,0.24578286399632357,0.00012688754641722715,4.062607311394348e-16,0.7528300989747753,1.840471732803062e-05,5.8748529441409433e-08,7.780033300727876e-06,0.061777393065778737,2.3182002199594194e-11,4.030488530792529e-10,0.0,0.0,0.0,0.0
84,0.24717034289634474,2.4192948969031467e-05,1.0533222640229226e-05,5.667145256393128e-10,3.0439772985579183,0.24584341489615066,0.0001283177917138086,3.9431508441032935e-16,0.7527694434291764,1.8211712730328284e-05,5.755621869979575e-08,7.871531925701158e-06,0.061792585724086184,2.3101363382797666e-11,4.0350401466593753e-10,0.0,0.0,0.0,0.0
85,0.24709831742262794,2.4078141941146396e-05,1.0648379524402955e-05,5.696605880107839e-10,3.0439772985579183,0.24577164985665356,0.00012977086652795364,3.936866715721247e-16,0.752841375911883,1.8127021508374272e-05,5.822933203168512e-08,7.958311360351758e-06,0.061774579355656986,2.0737640312681738e-11,4.0812642056812914e-10,0.0,0.0,0.0,0.0
86,0.2470116965348582,2.407765668900764e-05,1.0497127535333112e-05,5.649673441532254e-10,3.0439772985579183,0.24568534227575714,0.00012798721419773264,3.94221985239302e-16,0.7529283322351524,1.8128749894985084e-05,5.843870449352744e-08,7.845146023944528e-06,0.06175292413371455,2.4824189809066613e-11,4.005557303915447e-10,0.0,0.0,0.0,0.0
87,0.24698234632106583,2.4433063886014783e-05,1.0630898989213519e-05,5.503039831742218e-10,3.0439772985579183,0.2456560982455754,0.00012963854719213997,4.040313497608002e-16,0.7529568428703906,1.8397042645264246e-05,5.856450220016731e-08,7.94604363759207e-06,0.06174558658026646,2.347876302633036e-11,3.9087638676353224e-10,0.0,0.0,0.0,0.0
88,0.24700973920735492,2.4361695297346444e-05,1.0421568767813941e-05,5.786226196051404e-10,3.0439772985579183,0.2456833920291195,0.00012706725061434725,4.021991137464222e-16,0.7529300323042756,1.8342652027217976e-05,5.815713538566144e-08,7.788554973625719e-06,0.06175243480183873,2.140857640459913e-11,4.1425377126668373e-10,0.0,0.0,0.0,0.0
89,0.2470989032367237,2.4443642145667176e-05,1.0467532258500392e-05,5.909708854274456e-10,3.0439772985579183,0.24577223355222869,0.00012756647102755433,4.0411410402404853e-16,0.7528406481644756,1.840216739644457e-05,5.8242039873582476e-08,7.82214173029841e-06,0.061774725809180926,2.4302507307024598e-11,4.206043971245076e-10,0.0,0.0,0.0,0.0
90,0.24709558394545594,2.4455137226614043e-05,1.0315054197140325e-05,5.682225167254324e-10,3.0439772985579183,0.24576892626481153,0.00012571053799097248,4.032540809059353e-16,0.7528442943515586,1.841091052864078e-05,5.8254758882265346e-08,7.707374939361926e-06,0.061773895986363986,2.2537649149495073e-11,4.0524543048932984e-10,0.0,0.0,0.0,0.0
91,0.24694040316575003,2.441067659257652e-05,1.0394365440103716e-05,5.726288553609653e-10,3.0439772985579183,0.24561430685403535,0.00012678282411651064,4.0345122121891977e-16,0.7529993505190615,1.8381223619940977e-05,5.8159265912082834e-08,7.768791159543795e-06,0.06173510079143751,2.2329022419691997e-11,4.088601337555885e-10,0.0,0.0,0.0,0.0
92,0.24695423752170464,2.4950459230930295e-05,1.0362941186688534e-05,5.508347019858952e-10,3.0439772985579183,0.24562809115009415,0.00012639000685530892,4.0987224538200336e-16,0.7529847755338313,1.8787315943468055e-05,5.907425018134189e-08,7.744062693147619e-06,0.06173855938042616,2.1673337585334507e-11,3.9309680684575965e-10,0.0,0.0,0.0,0.0
93,0.24691323556231443,2.4366361410527675e-05,1.0464259829296645e-05,5.569114029555569e-10,3.0439772985579183,0.24558723756503487,0.00012765397772798604,4.0047380686077746e-16,0.7530264248832026,1.8348514020381683e-05,5.817968267342198e-08,7.821684485630743e-06,0.061728308890578606,2.1861403106356836e-11,3.975075996379548e-10,0.0,0.0,0.0,0.0
94,0.24719418001376423,2.433118986559744e-05,1.0513516865519523e-05,5.704375428907733e-10,3.0439772985579183,0.245867165838064,0.00012806129863926328,3.93709142419358e-16,0.7527454445916798,1.831519233282372e-05,5.834430970070324e-08,7.855657617456914e-06,0.061798545003441056,2.1129900211120276e-11,4.082643616239803e-10,0.0,0.0,0.0,0.0
95,0.2470495998766151,2.4218040802532923e-05,1.0397088183037192e-05,5.690115175856013e-10,3.0439772985579183,0.24572310850839074,0.00012674164812085843,4.0002069299669923e-16,0.7528904464580132,1.8233531552157392e-05,5.811626355263701e-08,7.769752100437567e-06,0.061762399969153774,2.084270084718754e-11,4.0756063466758736e-10,0.0,0.0,0.0,0.0
96,0.2468756137746004,2.4442619318924033e-05,1.0419351597834506e-05,5.366055547115912e-10,3.0439772985579183,0.24554975194079706,0.0001271318586409744,3.987594294624745e-16,0.7530640303668059,1.8406857417030485e-05,5.8379960991182706e-08,7.78805894708289e-06,0.0617189034436501,2.2286794763665794e-11,3.8181154698466065e-10,0.0,0.0,0.0,0.0
97,0.24707624785658744,2.3893741971668963e-05,1.0485089163916527e-05,5.732092744475549e-10,3.0439772985579183,0.24574966010588753,0.00012779613065218762,3.8982327588885715e-16,0.7528640901022697,1.7988740308638967e-05,5.862995403296854e-08,7.835217159000216e-06,0.06176906196414686,2.2065736727417414e-11,4.0948294211772323e-10,0.0,0.0,0.0,0.0
98,0.24695357814991384,2.451369478261763e-05,1.0333966451225833e-05,5.453340261218007e-10,3.0439772985579183,0.24562743416419172,0.00012603718891007756,4.048591016507837e-16,0.7529861580305438,1.8458472853496635e-05,6.000034920092195e-08,7.721333346124151e-06,0.06173839453747846,2.1588673313107045e-11,3.890402998596758e-10,0.0,0.0,0.0,0.0
99,0.24679577151352355,2.4531569501078108e-05,1.0203526593184585e-05,5.633919532476064e-10,3.0439772985579183,0.24547019871720308,0.0001245520055268235,4.0289552553077867e-16,0.7531442197171567,1.847580977032667e-05,5.8471857476719255e-08,7.626255216910544e-06,0.06169894287838089,2.231851642043995e-11,4.0199687660315336e-10,0.0,0.0,0.0,0.0
100,0.24708074295814061,2.398643977601326e-05,1.0433106102357584e-05,5.513104152866316e-10,3.0439772985579183,0.2457541389502043,0.00012715946559700716,3.928987615503149e-16,0.7528595733050423,1.8058420814876437e-05,5.801917360931551e-08,7.796644634857848e-06,0.061770185739535154,2.1338904069524584e-11,3.937204199417946e-10,0.0,0.0,0.0,0.0
101,0.24706076745130265,2.4653159213251933e-05,1.0291018863875716e-05,5.469663733825746e-10,3.0439772985579183,0.24573423569010186,0.00012544105119991514,4.092035005064548e-16,0.7528788643109484,1.856084251015011e-05,5.8738488040347756e-08,7.689152106796948e-06,0.06176519186282566,2.068113225829873e-11,3.9111828975025217e-10,0.0,0.0,0.0,0.0
102,0.2469104508101134,2.400480298104358e-05,1.0493273694097257e-05,5.758133540821482e-10,3.0439772985579183,0.24558446289091976,0.0001280099176481938,3.911430515029157e-16,0.7530296882578403,1.8076329305506123e-05,5.795131859677981e-08,7.843795300073474e-06,0.06172761270252835,2.2004798448601497e-11,4.1159975207058e-10,0.0,0.0,0.0,0.0
103,0.24701256846713257,2.414659079633165e-05,1.0495763860220714e-05,5.61630347621586e-10,3.0439772985579183,0.2456862110537301,0.0001279699704362744,3.918921669499432e-16,0.7529273596734302,1.8180628853396736e-05,5.829381869144102e-08,7.844253952340349e-06,0.06175314211678314,2.102860483862288e-11,4.018382499085686e-10,0.0,0.0,0.0,0.0
104,0.24688494358212407,2.459901501540694e-05,1.0374832051987501e-05,5.322465446561881e-10,3.0439772985579183,0.24555904797933575,0.00012658227818512506,4.0833989203261176e-16,0.7530545663687286,1.8524400585525116e-05,5.988518343678463e-08,7.752929468621048e-06,0.06172123589553102,2.14732655937131e-11,3.7933742529360674e-10,0.0,0.0,0.0,0.0
105,0.24679876404286183,2.413579097797919e-05,1.0215229854938544e-05,5.621419762029717e-10,3.0439772985579183,0.2454731804116326,0.00012469295136982976,3.98487199941554e-16,0.753141797099479,1.817767299157264e-05,5.9454953741598766e-08,7.634061616991067e-06,0.06169969101071546,2.0156159616225452e-11,4.0321645856633323e-10,0.0,0.0,0.0,0.0
106,0.24708563811102857,2.4579321691176237e-05,1.0392021377946949e-05,5.278062493815842e-10,3.0439772985579183,0.24575901639933437,0.00012665525463813123,4.0542321041165006e-16,0.7528538788129413,1.8504637673793093e-05,5.8781942535847294e-08,7.76489166055852e-06,0.06177140952775714,2.223299889496555e-11,3.751279832136707e-10,0.0,0.0,0.0,0.0
107,0.24709801522641336,2.370538247945321e-05,1.082233213014639e-05,5.775063908415385e-10,3.0439772985579183,0.24577134875329426,0.0001318910553913057,3.844463231413122e-16,0.7528418464105053,1.78464039156988e-05,5.7224696775165775e-08,8.09027980655198e-06,0.06177450380660334,2.126162526009607e-11,4.1350935233491467e-10,0.0,0.0,0.0,0.0
108,0.2468212377851351,2.4104165461300167e-05,1.0375181642188903e-05,5.593552721741873e-10,3.0439772985579183,0.24549557278836198,0.0001266300519640825,3.952733123133972e-16,0.7531190114175389,1.8153305263259166e-05,5.8948442181929576e-08,7.754798099460776e-06,0.061705309446283774,2.2036202499424283e-11,3.9922488711158804e-10,0.0,0.0,0.0,0.0
109,0.2469518579976686,2.4290226039320988e-05,1.0382873160765676e-05,5.508761012823496e-10,3.0439772985579183,0.2456257202362201,0.000126634884052141,3.967641437765766e-16,0.7529881040579275,1.8290251252486813e-05,5.870542129695363e-08,7.759474554701934e-06,0.06173796449941715,2.159870228388753e-11,3.9320444879153174e-10,0.0,0.0,0.0,0.0
110,0.24699867505006584,2.3982917469773692e-05,1.052593520714221e-05,5.746518626955774e-10,3.0439772985579183,0.24567236789876237,0.00012834745300015712,3.938960396573965e-16,0.7529414302203462,1.805773218054793e-05,5.799470323088918e-08,7.867418006041464e-06,0.06174966876251646,2.1401078822720197e-11,4.1127811655407383e-10,0.0,0.0,0.0,0.0
111,0.24696585743393518,2.452060632013143e-05,1.0452527280643666e-05,5.870565097836739e-10,3.0439772985579183,0.24563966901753972,0.00012747473988522633,3.9814110591927627e-16,0.7529736013036294,1.84633692470179e-05,5.723097655200395e-08,7.813246132678691e-06,0.061741464358483794,2.1443048423204298e-11,4.20595005917348e-10,0.0,0.0,0.0,0.0
112,0.24724858401762306,2.4506140012685055e-05,1.033068703640271e-05,5.796063883701283e-10,3.0439772985579183,0.24592137319181853,0.0001257975602967804,4.044783950215382e-16,0.7526911943670958,1.844555579547519e-05,5.934401006542364e-08,7.716473153997206e-06,0.061812146004405766,2.102031517738353e-11,4.152443095477271e-10,0.0,0.0,0.0,0.0
113,0.24690550867740133,2.4370779608299916e-05,1.0366667662768602e-05,5.536898935472764e-10,3.0439772985579183,0.24557953864417736,0.0001264687376488012,4.039142806478936e-16,0.7530343649655175,1.835203454605071e-05,5.8015415460035065e-08,7.748441584781485e-06,0.06172637716935033,2.1796257947832236e-11,3.9515125942736603e-10,0.0,0.0,0.0,0.0
114,0.24709805803968557,2.4244970909644742e-05,1.0446694151850385e-05,5.450358173785864e-10,3.0439772985579183,0.2457713914117375,0.00012731315667201056,3.962758091430288e-16,0.7528418397073455,1.8252628503268023e-05,5.904343497409098e-08,7.80566500916492e-06,0.06177451450992139,2.100591501175769e-11,3.8931985244993404e-10,0.0,0.0,0.0,0.0
115,0.24702735359514863,2.464956249331702e-05,1.0364769991485017e-05,5.619083643679133e-10,3.0439772985579183,0.24570094269672457,0.00012636270072073595,4.0979565034353183e-16,0.7529121142539419,1.8558954212277987e-05,5.894830356127451e-08,7.74481258448352e-06,0.06175683839878716,2.3424760304724655e-11,3.9964285432849527e-10,0.0,0.0,0.0,0.0
116,0.24696272858283547,2.4251273202072434e-05,1.051943271794116e-05,5.528144668883535e-10,3.0439772985579183,0.24563655148749614,0.0001282928929785083,3.966486905354182e-16,0.752976984531708,1.826065056675112e-05,5.86879070992238e-08,7.8622028198403e-06,0.06174068214570887,2.1845718512210237e-11,3.944108517708859e-10,0.0,0.0,0.0,0.0
117,0.24693164134609671,2.4636015007933948e-05,1.0298433398951276e-05,5.530868257271166e-10,3.0439772985579183,0.2456055767406097,0.00012561861383744618,4.0415298024353726e-16,0.7530079891000915,1.8551116120564017e-05,5.810135719673477e-08,7.696701267428786e-06,0.06173291033652418,2.0695330570712297e-11,3.957834678678165e-10,0.0,0.0,0.0,0.0
118,0.24718589777847552,2.399928941468801e-05,1.0623258308403372e-05,5.59355956538174e-10,3.0439772985579183,0.2458589135436438,0.00012940382155167196,3.912283348887245e-16,0.7527539780547599,1.806556057739389e-05,5.717833218735196e-08,7.939521619366566e-06,0.06179647444461888,2.099743379720131e-11,4.000599876355345e-10,0.0,0.0,0.0,0.0
119,0.24697588425475167,2.4354466123985897e-05,1.0441745111115561e-05,5.61620815393374e-10,3.0439772985579183,0.2456496595594587,0.0001273364259479045,3.974261865636186e-16,0.75296384995179,1.833803257623687e-05,5.803645504440215e-08,7.804220144036452e-06,0.06174397106368792,2.1157832615008407e-11,4.0172233875664995e-10,0.0,0.0,0.0,0.0
120,0.2469664243024065,2.3943266393012658e-05,1.0470483621775935e-05,5.737614461181457e-10,3.0439772985579183,0.2456402338349377,0.00012769347940746225,3.928565025011345e-16,0.7529738633659454,1.8028653797546745e-05,5.842274027964249e-08,7.82557776371884e-06,0.06174160607560163,2.345425454669911e-11,4.0857311818731274e-10,0.0,0.0,0.0,0.0
121,0.24706840941978067,2.4897642230350168e-05,1.0234526457909185e-05,5.491640656656633e-10,3.0439772985579183,0.2457418500186978,0.00012474727962440995,4.07345946644301e-16,0.7528709824290208,1.8744712366130008e-05,5.813079482787641e-08,7.647147194234018e-06,0.06176710235494517,2.2069473220506238e-11,3.91380216411917e-10,0.0,0.0,0.0,0.0
122,0.24701375920033825,2.4334053149720205e-05,1.0535854064299068e-05,5.54356995242595e-10,3.0439772985579183,0.24568739747935778,0.0001284578856870286,3.9938277270850076e-16,0.7529257962579624,1.8321736343936664e-05,5.858743902816781e-08,7.874128871591896e-06,0.06175343980008456,2.141319231974252e-11,3.9597648973445976e-10,0.0,0.0,0.0,0.0
123,0.24712430652200124,2.4524397906276865e-05,1.045460734092718e-05,5.579167523618447e-10,3.0439772985579183,0.2457975449745123,0.00012739154563107743,4.007240377028695e-16,0.7528151547022593,1.8462338403793584e-05,5.9270810930395846e-08,7.811116031781075e-06,0.06178107663050031,2.1131098734602416e-11,3.988770875056618e-10,0.0,0.0,0.0,0.0
124,0.24700411199702466,2.4344971994922005e-05,1.0327678153539862e-05,5.203232877101309e-10,3.0439772985579183,0.24567778517619687,0.0001259263183537383,4.0114690679932313e-16,0.7529358966167677,1.83302033171067e-05,5.699681589353419e-08,7.719082794611406e-06,0.061751027999256164,2.1142202580126203e-11,3.706278785824856e-10,0.0,0.0,0.0,0.0
125,0.2468549125151993,2.4645987181884234e-05,1.04092872287046e-05,5.533564063976226e-10,3.0439772985579183,0.24552912561345938,0.00012702315266049,4.0057829174397864e-16,0.7530844463332254,1.8560509611205057e-05,5.851140478850493e-08,7.780560904564011e-06,0.06171372812879983,2.2323002272210294e-11,3.944011006646866e-10,0.0,0.0,0.0,0.0
126,0.2470292653137944,2.4305053585319987e-05,1.0219733980408646e-05,5.652432649145717e-10,3.0439772985579183,0.24570284749997817,0.00012459334519108206,3.980225904152171e-16,0.7529110489701388,1.8299543390198705e-05,5.822133764064186e-08,7.636329293744605e-06,0.0617573163284486,2.1903306380520493e-11,4.0367459312961576e-10,0.0,0.0,0.0,0.0
127,0.24716973736808598,2.4328527497570084e-05,1.046828028731605e-05,5.468883504040147e-10,3.0439772985579183,0.24584281155709165,0.00012752705646624124,4.012794559759558e-16,0.752769991559127,1.8313785438991823e-05,5.85312803274747e-08,7.821675983194005e-06,0.061792434342021495,2.1042656411144867e-11,3.906384825062702e-10,0.0,0.0,0.0,0.0
128,0.24699015866182994,2.457616960927863e-05,1.0289575758365507e-05,5.204068294928432e-10,3.0439772985579183,0.24566388232154918,0.0001254711014763449,4.0078528063224047e-16,0.7529495867679911,1.8504616751646405e-05,5.856042393317746e-08,7.68897139134607e-06,0.061747539665457485,2.0846555390084705e-11,3.709935518277919e-10,0.0,0.0,0.0,0.0
129,0.24713000473140864,2.4521014582003317e-05,1.0354785531058052e-05,5.631143148204524e-10,3.0439772985579183,0.24580322257939619,0.00012617137069393064,3.997333100793401e-16,0.7528096874395946,1.845965732317966e-05,5.8643943449503276e-08,7.736538915690345e-06,0.06178250118285216,2.1128953738815934e-11,4.0278895759393036e-10,0.0,0.0,0.0,0.0
130,0.24710990383230844,2.439622523874354e-05,1.0374032637657858e-05,5.689491975470461e-10,3.0439772985579183,0.2457831943664925,0.00012641957533536855,4.0060930000951395e-16,0.7528299311071267,1.8366208565757245e-05,5.905602612987939e-08,7.75082624978117e-06,0.06177747595807711,2.290034310293511e-11,4.054216420898626e-10,0.0,0.0,0.0,0.0
131,0.24705811410753073,2.4354705076752375e-05,1.0488722002640166e-05,5.630154608396695e-10,3.0439772985579183,0.24573159194328026,0.0001278527522969267,4.0064234832877856e-16,0.7528815202172641,1.8336207382628447e-05,5.915866497354182e-08,7.837606301510453e-06,0.06176452852688268,2.1756387022125378e-11,4.0212754904066853e-10,0.0,0.0,0.0,0.0
132,0.24680504528212466,2.4269638303442048e-05,1.0448582939809719e-05,5.699083965695752e-10,3.0439772985579183,0.2454794389091249,0.00012753695992394977,3.965246929919063e-16,0.7531347875233542,1.8278308886931485e-05,5.813158465319248e-08,7.811059707640543e-06,0.061701261320531164,2.1637221363966624e-11,4.075806177942359e-10,0.0,0.0,0.0,0.0
133,0.2470399317298079,2.4370867649852494e-05,1.0272437752927144e-05,5.485901127656759e-10,3.0439772985579183,0.24571347533257956,0.0001252286628914066,3.9869847044437174e-16,0.7529001653597955,1.8348830283535634e-05,5.8155749749318185e-08,7.675964333077735e-06,0.061759982932451975,2.1384878249031292e-11,3.9164870836699506e-10,0.0,0.0,0.0,0.0
134,0.2469779320424787,2.428243227963033e-05,1.0487419210660278e-05,5.801480567105929e-10,3.0439772985579183,0.24565169993808555,0.00012789201140247144,3.98882508636561e-16,0.7529618075347931,1.828374410061166e-05,5.868114757680692e-08,7.83794497765707e-06,0.061744483010619675,2.0986304802536646e-11,4.1584302461606905e-10,0.0,0.0,0.0,0.0
135,0.2470683272297899,2.4495839713885856e-05,1.0525896939210159e-05,5.543203105163017e-10,3.0439772985579183,0.24574176812597182,0.00012829880324197025,3.995753007744549e-16,0.7528710115072657,1.8442207623113093e-05,5.8593907951464276e-08,7.86604876769292e-06,0.06176708180744748,2.1086070072869692e-11,3.9624562280455993e-10,0.0,0.0,0.0,0.0
136,0.2469614222765596,2.464320553206524e-05,1.0366087196843787e-05,5.447193442906472e-10,3.0439772985579183,0.24563524990784188,0.0001264235688334677,4.0935521168101983e-16,0.7529780469601383,1.8555792772371758e-05,5.776297076158962e-08,7.74767312133634e-06,0.0617403555691399,2.143712124110092e-11,3.8872458676427774e-10,0.0,0.0,0.0,0.0
137,0.24704072951970188,2.4401875802755566e-05,1.045606445285277e-05,5.549435791206819e-10,3.0439772985579183,0.24571427023670922,0.00012746658423305374,3.998411085587369e-16,0.752898906187565,1.8372145600819476e-05,5.828454985832888e-08,7.814074939721202e-06,0.06176018237992547,2.1102869826819272e-11,3.9671354388895457e-10,0.0,0.0,0.0,0.0
138,0.24700413815633152,2.4086113704643844e-05,1.0622212987715078e-05,5.797017530834178e-10,3.0439772985579183,0.24567781124086685,0.00012951754270036192,3.8853540021264484e-16,0.7529355946785238,1.8135292345700553e-05,5.84471881840194e-08,7.939395064523172e-06,0.06175103453908288,2.1416784003069777e-11,4.150613001909761e-10,0.0,0.0,0.0,0.0
139,0.2471051667051709,2.423570505716574e-05,1.0243955016372919e-05,5.516648426177106e-10,3.0439772985579183,0.2457784743699598,0.00012483769661234676,3.968382221375869e-16,0.7528352033755287,1.82454919456607e-05,5.958313229938234e-08,7.652426825821492e-06,0.06177629167629273,2.210758610476121e-11,3.93205127882472e-10,0.0,0.0,0.0,0.0
140,0.24698641465171853,2.4466014528778594e-05,1.010491999812635e-05,5.20203108847408e-10,3.0439772985579183,0.24566015185703424,0.0001232219847912972,4.0399470399304797e-16,0.752953913428166,1.842178138543421e-05,5.979723806893824e-08,7.548741819398832e-06,0.06174660366292963,2.2593656878134218e-11,3.6909530970601985e-10,0.0,0.0,0.0,0.0
141,0.24685125635489225,2.4772548639369076e-05,1.0517577961457384e-05,5.553662681164373e-10,3.0439772985579183,0.24552548268793814,0.0001283470599395085,4.0458017432160987e-16,0.7530876669426224,1.8655900859045093e-05,5.803644239801337e-08,7.86262180648307e-06,0.06171281408872306,2.3123839186996688e-11,3.9511564796744196e-10,0.0,0.0,0.0,0.0
142,0.2469055497261862,2.3803646311550844e-05,1.0517924761332267e-05,5.559037242111042e-10,3.0439772985579183,0.24557957954440196,0.00012831406600122527,3.8244171928765653e-16,0.7530348363040983,1.7924974903659344e-05,5.806063906044871e-08,7.862303111848216e-06,0.06172638743154655,2.094337467103674e-11,3.976714952911107e-10,0.0,0.0,0.0,0.0
143,0.24711329910197707,2.4665996820777758e-05,1.0304402856257673e-05,5.690998708869958e-10,3.0439772985579183,0.24578657735823578,0.00012556872288640596,4.0672129795115714e-16,0.7528262872029976,1.8569210806747063e-05,5.9243612519915354e-08,7.698181731600512e-06,0.06177832477549427,2.2466134918271828e-11,4.059672079292905e-10,0.0,0.0,0.0,0.0
144,0.24690805281832634,2.510610101800215e-05,1.0191026411090374e-05,5.351861426632916e-10,3.0439772985579183,0.2455820735776115,0.00012432417409168411,4.144449223392163e-16,0.7530311105321726,1.890567513071907e-05,5.8570474284580405e-08,7.615589461521506e-06,0.061727013204581585,2.1046140165267257e-11,3.81965675185901e-10,0.0,0.0,0.0,0.0
145,0.24684380981936963,2.4574838697224414e-05,1.0597139604062363e-05,5.617041050032464e-10,3.0439772985579183,0.24551806310841373,0.00012932315868075057,4.009039892928418e-16,0.7530952308676289,1.850719382222096e-05,5.832779380321192e-08,7.922327502854627e-06,0.061710952454842406,2.211876799996463e-11,4.008979146367501e-10,0.0,0.0,0.0,0.0
146,0.24706839382387474,2.4003022248503645e-05,1.033339111677499e-05,5.714946927229249e-10,3.0439772985579183,0.24574183447919914,0.00012595252630850752,3.929991323628012e-16,0.7528721215870895,1.807120628473305e-05,5.877638122894655e-08,7.720945712046625e-06,0.061767098455968686,2.2475528496929476e-11,4.0778689328914075e-10,0.0,0.0,0.0,0.0
147,0.2469401276421403,2.4038381383588104e-05,1.0562374726981353e-05,5.673489345144952e-10,3.0439772985579183,0.24561403232744097,0.00012883229969460025,3.9201733831276274e-16,0.752999807177529,1.8100896546701746e-05,5.808000458068356e-08,7.89538612817308e-06,0.061735031910535074,2.2158579296087043e-11,4.0505505899570437e-10,0.0,0.0,0.0,0.0
148,0.2469413438264195,2.3944826835675637e-05,1.0557243605175392e-05,5.704544156962274e-10,3.0439772985579183,0.24561524411081903,0.00012876889785765614,3.852768397354056e-16,0.7529987435458131,1.8030424521685822e-05,5.7584022355512276e-08,7.892007147648628e-06,0.061735335956604874,2.1360758487950072e-11,4.0819069978147013e-10,0.0,0.0,0.0,0.0
149,0.24698061917615471,2.451094264816756e-05,1.047574418899107e-05,5.473511666388207e-10,3.0439772985579183,0.24565437734953446,0.00012774773716434223,4.001042384450137e-16,0.7529588030690698,1.8455730038458862e-05,5.86179802740465e-08,7.829185825526432e-06,0.06174515479403868,2.1433083566942984e-11,3.906997957238824e-10,0.0,0.0,0.0,0.0
150,0.24692475882824524,2.423926418843662e-05,1.0148368368079084e-05,5.391832146267234e-10,3.0439772985579183,0.2455987191291578,0.00012379288069208427,3.946583071728127e-16,0.7530158075877118,1.8252549098187503e-05,5.892973859893897e-08,7.582952063787722e-06,0.06173118970706131,2.0736589622432886e-11,3.8527689417744784e-10,0.0,0.0,0.0,0.0
151,0.2469826857931344,2.4218560244894558e-05,1.0418163152781239e-05,5.590527787884921e-10,3.0439772985579183,0.24565643648942723,0.0001270442427165887,3.9388521859659407e-16,0.7529573068819073,1.8235541898553032e-05,5.8459803632115174e-08,7.785972266542368e-06,0.0617456714482836,2.198764703934764e-11,3.98955227682082e-10,0.0,0.0,0.0,0.0
152,0.24682881620506597,2.445179846527182e-05,1.0295305731408523e-05,5.729184834438961e-10,3.0439772985579183,0.24550312377245748,0.00012564997952307607,3.9843785187465656e-16,0.7531110904083018,1.84149206046249e-05,5.8908703812644445e-08,7.694600221655267e-06,0.06170720405126649,2.1604202682313804e-11,4.0986706109918943e-10,0.0,0.0,0.0,0.0
153,0.24693379397409443,2.405250165737576e-05,1.0508301760448458e-05,5.934936464595016e-10,3.0439772985579183,0.2456077215788329,0.00012817713900449202,3.9136880170606875e-16,0.7530062410810834,1.811168386161705e-05,5.927297281513467e-08,7.85354383596589e-06,0.06173344849352361,2.2045496153760493e-11,4.248589236722142e-10,0.0,0.0,0.0,0.0
154,0.24713309548165321,2.4343905917115064e-05,1.037978813108547e-05,5.537377492998266e-10,3.0439772985579183,0.2458063021537903,0.00012647395763378625,3.962218851465092e-16,0.752806807160342,1.8326258087275147e-05,5.803679672231175e-08,7.755938365240954e-06,0.061783273870413304,2.3035530474921745e-11,3.938220165796346e-10,0.0,0.0,0.0,0.0
155,0.2467609063919124,2.403967059372354e-05,1.053054918145477e-05,5.746191974268066e-10,3.0439772985579183,0.24543545983945877,0.00012856800541197064,3.949072102008473e-16,0.7531790840578783,1.8106177078833807e-05,5.823665850578973e-08,7.873152728608754e-06,0.0616902265979781,2.356050988890129e-11,4.0923065091109405e-10,0.0,0.0,0.0,0.0
156,0.24686554622653709,2.4805220094339964e-05,1.0362580709161838e-05,5.301471073978645e-10,3.0439772985579183,0.2455397208333381,0.00012644594437759854,4.0960066365013176e-16,0.753073679303362,1.8680158362374284e-05,5.7901558389082986e-08,7.745885223337464e-06,0.06171638655663427,1.962332202792576e-11,3.7961651071221863e-10,0.0,0.0,0.0,0.0
157,0.2467474746787592,2.5288243904637334e-05,1.0161848845930022e-05,5.240428259081093e-10,3.0439772985579183,0.24542207676609312,0.00012407531794178525,4.1639230206109167e-16,0.753191467327364,1.9046889532666063e-05,5.951903928704765e-08,7.594298803737866e-06,0.0616868686696898,2.1651697125266382e-11,3.730528878628408e-10,0.0,0.0,0.0,0.0
158,0.2470547165846192,2.4311657789298076e-05,1.0349675080243575e-05,5.559871033449523e-10,3.0439772985579183,0.24572820670910664,0.00012616020123261984,4.0390264664901036e-16,0.7528852963529432,1.830388967952702e-05,5.9243955349597635e-08,7.732874234596257e-06,0.0617636791461548,2.3049399441039457e-11,3.955451156292394e-10,0.0,0.0,0.0,0.0
159,0.2471203562044545,2.4184546320442638e-05,1.0238819310848835e-05,5.271421716766916e-10,3.0439772985579183,0.24579360894144478,0.0001247649385917994,3.9819672581686797e-16,0.7528201038269,1.82066126719621e-05,5.8445401978396644e-08,7.649543614679692e-06,0.061780089051113624,2.1397676802909813e-11,3.7544554761027475e-10,0.0,0.0,0.0,0.0
160,0.24716465568558535,2.437170712907458e-05,1.0502255045235894e-05,5.521015355962093e-10,3.0439772985579183,0.24583774824688356,0.00012794441496451103,3.9919323090511346e-16,0.7527749310835443,1.8346410154477442e-05,5.857513294747912e-08,7.847259184951777e-06,0.06179116392139634,2.2378187073399725e-11,3.9323000833615576e-10,0.0,0.0,0.0,0.0
161,0.2469798156659365,2.4632422487326632e-05,1.04346918988365e-05,5.634594522767337e-10,3.0439772985579183,0.24565357674645852,0.0001272476545174506,4.0388072644694537e-16,0.7529595162303497,1.8547216919639048e-05,5.832644052023574e-08,7.798574123640446e-06,0.06174495391648412,2.161482326376638e-11,4.026473333379409e-10,0.0,0.0,0.0,0.0
162,0.24693115283038422,2.4024314481494278e-05,1.0313414669258845e-05,5.522024653867535e-10,3.0439772985579183,0.24560508999271172,0.00012580183166080013,3.945334119902556e-16,0.7530093648995035,1.8090533789855953e-05,5.906304830405348e-08,7.707034781739772e-06,0.061732788207596055,2.1961302625329246e-11,3.9385232513149014e-10,0.0,0.0,0.0,0.0
163,0.2469216013446468,2.4526282550563782e-05,1.0228297797145514e-05,5.404851213965574e-10,3.0439772985579183,0.24559557307206054,0.00012476990120624754,4.035147968160744e-16,0.7530183520384482,1.846874086785489e-05,5.8933417670798445e-08,7.643162533694207e-06,0.0617304003361617,2.251418417110375e-11,3.8448103124423255e-10,0.0,0.0,0.0,0.0
164,0.24700221963455254,2.449478634216266e-05,1.0287495430953246e-05,5.698019767896141e-10,3.0439772985579183,0.24567589965977468,0.00012543762050597895,4.051157406667624e-16,0.7529376537419887,1.8443046957379262e-05,5.9551951697541066e-08,7.686290720965826e-06,0.061750554908638136,2.199456638277596e-11,4.070307971187432e-10,0.0,0.0,0.0,0.0
165,0.24712189153569877,2.4211574907953094e-05,1.0508086837393076e-05,5.72449769140285e-10,3.0439772985579183,0.24579513872085398,0.00012804492589155517,3.972980577347273e-16,0.7528179196061832,1.8226907452594514e-05,5.8854775817311684e-08,7.85182129615006e-06,0.06178047288392469,2.1387545270493238e-11,4.095628990127359e-10,0.0,0.0,0.0,0.0
166,0.2471002924557149,2.4341652031686997e-05,1.0275310862740172e-05,5.422284708171254e-10,3.0439772985579183,0.24577361774730916,0.00012522305628317424,3.992008256835145e-16,0.7528398469669063,1.8325365590456923e-05,5.844992925839156e-08,7.67721352818431e-06,0.06177507311392873,2.1782294263069385e-11,3.8642890472799495e-10,0.0,0.0,0.0,0.0
167,0.24685659716015776,2.4394324705299605e-05,1.0354081402139747e-05,5.400210108614894e-10,3.0439772985579183,0.24553080416030404,0.00012634842292330337,3.9710400196547737e-16,0.7530832656230013,1.8370957711734887e-05,5.821929022716775e-08,7.739266144622616e-06,0.06171414929003944,2.0125357281541572e-11,3.865554290830631e-10,0.0,0.0,0.0,0.0
168,0.24694147362510807,2.4532591541558296e-05,1.0549701245356101e-05,5.624090483054973e-10,3.0439772985579183,0.24561537343981757,0.00012867666397750808,4.0008072226249864e-16,0.7529977457360721,1.8472986127857227e-05,5.775257172599892e-08,7.886148684216178e-06,0.06173536840627702,2.229831257598854e-11,4.0119443297962065e-10,0.0,0.0,0.0,0.0
169,0.24706464104565395,2.485475287187717e-05,1.0204757993108236e-05,5.271175318531704e-10,3.0439772985579183,0.2457380952741253,0.00012438697729773033,4.10701928229887e-16,0.7528748824218123,1.8712519146037726e-05,5.880981898529949e-08,7.624096155219114e-06,0.06176616026141349,2.0536838838644452e-11,3.7631671097778707e-10,0.0,0.0,0.0,0.0
170,0.2471619230286933,2.4311267520710955e-05,1.0238976871392853e-05,5.345193910125224e-10,3.0439772985579183,0.24583502546977895,0.00012473895673768219,3.9951519192436776e-16,0.752778349124361,1.830099582936149e-05,5.92115575334613e-08,7.648468548436165e-06,0.061790480757173326,2.0987441148104853e-11,3.8138718359326065e-10,0.0,0.0,0.0,0.0
171,0.24699915810945464,2.436624736295846e-05,1.052323277634843e-05,5.575213340971412e-10,3.0439772985579183,0.2456728492105452,0.0001283140704771246,3.947420130887183e-16,0.7529403761902876,1.8346331455811545e-05,5.677142847315249e-08,7.866595416888598e-06,0.06174978952736366,2.0487529710608033e-11,3.992927933186045e-10,0.0,0.0,0.0,0.0
172,0.24701380812616608,2.4339804876885097e-05,1.0429933301890262e-05,5.566495471667728e-10,3.0439772985579183,0.24568744622819277,0.0001271664574589559,4.0169938123704386e-16,0.7529259778957044,1.8326071388719345e-05,5.8818209719559466e-08,7.794149520993138e-06,0.06175345203154152,2.172931928692331e-11,3.9738658535882014e-10,0.0,0.0,0.0,0.0
173,0.24704061588084508,2.399573175827001e-05,1.030451852464758e-05,5.389527401110088e-10,3.0439772985579183,0.24571415700890614,0.00012561937151053964,3.926630487572754e-16,0.752899973693573,1.8066385809559525e-05,5.783946491239204e-08,7.700432261219707e-06,0.06176015397021127,2.043936035289467e-11,3.853381434987629e-10,0.0,0.0,0.0,0.0
174,0.2468854206156756,2.4011493415769652e-05,1.0398914629385402e-05,5.440616499673492e-10,3.0439772985579183,0.24555952328631053,0.00012687592166074426,3.8817347175228644e-16,0.7530549197100596,1.808197324633104e-05,5.841954146393558e-08,7.772534279839652e-06,0.0617213551539189,2.1288802786635597e-11,3.8841949934684907e-10,0.0,0.0,0.0,0.0
175,0.24696051092073693,2.3964395302500968e-05,1.0493169276404413e-05,5.709478439519496e-10,3.0439772985579183,0.24563434184960192,0.0001279741988442735,3.9450465266864757e-16,0.7529796932353353,1.804470302344749e-05,5.8462466982144986e-08,7.842680915831297e-06,0.06174012773018423,2.1898544291916668e-11,4.080135881003985e-10,0.0,0.0,0.0,0.0
176,0.24706344063293506,2.3925361267138247e-05,1.0442033981660308e-05,5.764913538898816e-10,3.0439772985579183,0.245736899203133,0.00012728012907477822,3.8683283599408253e-16,0.7528769459247334,1.8012852920948952e-05,5.821029897043361e-08,7.803356354384262e-06,0.061765860158233765,2.130697597308816e-11,4.127200738955406e-10,0.0,0.0,0.0,0.0
177,0.24688707311583374,2.4236201537453135e-05,1.0360397477094359e-05,5.965469087303317e-10,3.0439772985579183,0.24556116980542933,0.0001264048127779607,3.9629267968331587e-16,0.7530530156662018,1.825114465607292e-05,5.801049443854542e-08,7.74391806918787e-06,0.061721768278958436,2.1817725969887854e-11,4.2741372263583884e-10,0.0,0.0,0.0,0.0
178,0.24702913947253594,2.4170968050648503e-05,1.0402504690139237e-05,5.643500667301927e-10,3.0439772985579183,0.24570272211393235,0.00012682163488836703,3.9441795096246447e-16,0.7529109639015725,1.8198586853447877e-05,5.862432012997435e-08,7.773535513113388e-06,0.061757284868133984,2.3117181103933403e-11,4.017881716158128e-10,0.0,0.0,0.0,0.0
179,0.24709402565491456,2.3913089515361808e-05,1.045665262542616e-05,5.723654569670979e-10,3.0439772985579183,0.24576737360970993,0.0001274373628247715,3.8983760776611535e-16,0.7528463488079057,1.800288213035675e-05,5.8121008876736167e-08,7.81413174092795e-06,0.06177350641372864,2.11722634078331e-11,4.09730981053615e-10,0.0,0.0,0.0,0.0
180,0.24686251882954052,2.42377947664755e-05,1.0336466954187018e-05,5.478104052678711e-10,3.0439772985579183,0.24553670439462166,0.00012612950672490018,3.964280057806309e-16,0.7530776199169226,1.8252940794772213e-05,5.977622210486968e-08,7.724385710104212e-06,0.06171562970738513,2.0906882834455548e-11,3.916368733303976e-10,0.0,0.0,0.0,0.0
181,0.24687475777776258,2.4822970318381478e-05,1.017730106478717e-05,5.237383335147954e-10,3.0439772985579183,0.24554889904227845,0.00012417904323705863,4.134248023123714e-16,0.7530648603462595,1.8693306676191293e-05,5.8980375887283384e-08,7.605187429168504e-06,0.061718689444440644,1.9538356376669586e-11,3.748705786096325e-10,0.0,0.0,0.0,0.0
182,0.24703229313814806,2.4433191851028423e-05,1.037241789739491e-05,5.639644560874306e-10,3.0439772985579183,0.24570586437167935,0.00012645263433202827,4.037846416300348e-16,0.7529074836120472,1.8395932993168186e-05,5.9025129633430944e-08,7.750445928466731e-06,0.061758073284537016,2.1359218151931432e-11,4.032538413274928e-10,0.0,0.0,0.0,0.0
183,0.24680259024514792,2.3993399637938684e-05,1.0571888070361033e-05,5.868733178750591e-10,3.0439772985579183,0.24547699276075538,0.0001290437685033711,3.907770033780468e-16,0.7531373797580225,1.8070326134804226e-05,5.730789120116775e-08,7.904776189205638e-06,0.06170064756128698,2.2645209708439602e-11,4.193510231658794e-10,0.0,0.0,0.0,0.0
184,0.2469768124069948,2.468294415357097e-05,1.0295578557628869e-05,5.310378411650472e-10,3.0439772985579183,0.24565058435354706,0.00012555328001624645,4.096804769031216e-16,0.7529627575586407,1.8585337694538727e-05,5.8831839828226234e-08,7.69335538158562e-06,0.0617442031017487,2.355023348088798e-11,3.763014837707335e-10,0.0,0.0,0.0,0.0
185,0.24685913384836353,2.3931590856822936e-05,1.0622806810109449e-05,5.837186644739428e-10,3.0439772985579183,0.24553333166622782,0.00012962586273587365,3.9284843392666663e-16,0.7530808187359603,1.802242203611024e-05,5.7957341845490805e-08,7.941874707985667e-06,0.06171478346209088,2.2317262729393753e-11,4.172700670241044e-10,0.0,0.0,0.0,0.0
186,0.24694529724302497,2.4295098727232424e-05,1.025699670342878e-05,5.376103948440537e-10,3.0439772985579183,0.24561918322168214,0.00012510408932463201,3.9475284130299334e-16,0.7529949413521256,1.829408644125648e-05,5.799339888631473e-08,7.665473232260985e-06,0.06173632431075624,2.0697596111065594e-11,3.8412031162482565e-10,0.0,0.0,0.0,0.0
187,0.24700926749374005,2.4142885677266414e-05,1.0755951278899785e-05,5.859511798864386e-10,3.0439772985579183,0.24568292202199302,0.0001311445407601174,3.959261328211857e-16,0.7529300781723389,1.8177904800290042e-05,5.838840283706225e-08,8.040090834402823e-06,0.06175231687343501,2.224636475480721e-11,4.189339029222632e-10,0.0,0.0,0.0,0.0
188,0.24715031167196483,2.4555042007058447e-05,1.0260106267170782e-05,5.477480664047252e-10,3.0439772985579183,0.2458234560945265,0.00012500410254863293,4.0461956281861864e-16,0.7527895447833434,1.8484778894629402e-05,5.934223462399857e-08,7.664358491668222e-06,0.06178757791799121,2.3315607234086925e-11,3.8902341033068267e-10,0.0,0.0,0.0,0.0
189,0.24708752325992037,2.46231562527784e-05,1.011793046479548e-05,5.239620504292594e-10,3.0439772985579183,0.24576089473050755,0.00012331354685446398,4.051018080428535e-16,0.7528525468395166,1.853760589613159e-05,5.988120041889672e-08,7.557428518747515e-06,0.06177188081498009,2.1998154056194304e-11,3.724680100567289e-10,0.0,0.0,0.0,0.0
190,0.2470304368861509,2.4557550929228428e-05,1.0477325814771147e-05,5.865464766830581e-10,3.0439772985579183,0.24570401483435048,0.00012773279463101708,4.02699272181784e-16,0.7529089154100712,1.8489599035252963e-05,5.859655839357158e-08,7.829875457203712e-06,0.061757609221537724,2.224294987134289e-11,4.1937312172569704e-10,0.0,0.0,0.0,0.0
191,0.24698442727157627,2.4408071439433485e-05,1.0264685854697117e-05,5.511469648753097e-10,3.0439772985579183,0.24565817166719098,0.00012517150263758302,4.051991566721756e-16,0.7529556268767631,1.8378194731531457e-05,5.9064812637794825e-08,7.669788159778716e-06,0.06174610681789407,2.203061625813772e-11,3.929585921807764e-10,0.0,0.0,0.0,0.0
192,0.24707191178124369,2.4653970015064487e-05,1.0444321260108131e-05,5.36375808352172e-10,3.0439772985579183,0.24574533971290907,0.0001273020256859762,4.089642119586222e-16,0.7528673734882196,1.8561169651298923e-05,5.913984533963391e-08,7.804048869625147e-06,0.06176797794531092,2.150457278127628e-11,3.823152732554441e-10,0.0,0.0,0.0,0.0
193,0.24702768997560376,2.4275656895724116e-05,1.0213953910190252e-05,5.483413717983878e-10,3.0439772985579183,0.2457012778603637,0.00012452394189358765,4.0418152563243843e-16,0.7529126815899323,1.8277449930716776e-05,5.80297619998881e-08,7.632185666157429e-06,0.06175692249390094,2.245213177096582e-11,3.9040104089646045e-10,0.0,0.0,0.0,0.0
194,0.24712945697894736,2.3894915841066774e-05,1.0471409585109497e-05,5.61369458318745e-10,3.0439772985579183,0.24580267680756843,0.0001275929065035743,3.907777940257907e-16,0.7528109143833142,1.7988353443425817e-05,5.893675586948016e-08,7.824054668779e-06,0.06178236424473684,2.0873971654159825e-11,4.0173108356964036e-10,0.0,0.0,0.0,0.0
195,0.247017126178227,2.4207570626005554e-05,1.0534299250425768e-05,5.356402464660579e-10,3.0439772985579183,0.24569075227702858,0.0001284366367987754,3.9608847996498347e-16,0.7529226236084933,1.8226427586919998e-05,5.87017967650126e-08,7.87281043274254e-06,0.06175428154455675,2.3447965276862015e-11,3.798476944026623e-10,0.0,0.0,0.0,0.0
196,0.2469778393637697,2.4528183631252825e-05,1.048271393276587e-05,5.613715936214929e-10,3.0439772985579183,0.24565160759469612,0.00012783463416395787,4.005518705510429e-16,0.7529615408798501,1.8468778941972044e-05,5.7930076103792394e-08,7.83515035931427e-06,0.06174445984094243,2.2176143452656594e-11,4.005150766867598e-10,0.0,0.0,0.0,0.0
197,0.24714256202776655,2.436558345118234e-05,1.033330865046778e-05,5.632263068210766e-10,3.0439772985579183,0.2458157344706439,0.00012590122822467368,4.0187089004801347e-16,0.7527974136454308,1.834234820401198e-05,5.9050033413655835e-08,7.719837993058446e-06,0.06178564050694164,2.2033090841491345e-11,4.0196221623048303e-10,0.0,0.0,0.0,0.0
198,0.24710300804886204,2.4140236706918815e-05,1.0359142602346791e-05,5.751175721407403e-10,3.0439772985579183,0.24577632351998333,0.0001262428724343943,3.9261431255618735e-16,0.7528372453382529,1.817366930425014e-05,5.8325182504188705e-08,7.740423198312711e-06,0.06177575201221551,2.2408228658555814e-11,4.105617000975031e-10,0.0,0.0,0.0,0.0
199,0.24676566129557792,2.4168763161758522e-05,1.030689569315737e-05,5.782421200061015e-10,3.0439772985579183,0.24544019752497434,0.00012583424154531174,3.9455657869690135e-16,0.753174640381078,1.820329950281292e-05,5.98871180781195e-08,7.703005339060964e-06,0.06169141532389448,2.4106405207555814e-11,4.114108955812318e-10,0.0,0.0,0.0,0.0
200,0.24694543045705425,2.486712428461851e-05,1.0230234776040397e-05,5.477521727204823e-10,3.0439772985579183,0.24561931595367004,0.00012477745328329438,4.0996145753452415e-16,0.7529940071498616,1.8724795561368528e-05,5.901524901926414e-08,7.644290229075263e-06,0.06173635761426356,2.102841015197161e-11,3.914256933098675e-10,0.0,0.0,0.0,0.0
201,0.24698322718285937,2.4418808231175108e-05,1.0630226713763058e-05,5.50358542536805e-10,3.0439772985579183,0.24565697592039673,0.00012962973912051707,4.0078256713847556e-16,0.7529559850639298,1.838628780579165e-05,5.819465586671154e-08,7.945898170847654e-06,0.06174580679571484,1.9799250314074574e-11,3.945965082200742e-10,0.0,0.0,0.0,0.0
202,0.24706542145878846,2.4607163474849665e-05,1.0354383791792601e-05,5.433170011840799e-10,3.0439772985579183,0.24573887286462454,0.00012621025983727607,4.020273762279661e-16,0.7528741368423191,1.8526096961265282e-05,5.914705686000905e-08,7.736400702919945e-06,0.061766355364697115,2.065727665959408e-11,3.8839204163862735e-10,0.0,0.0,0.0,0.0
203,0.2472508342576003,2.3868142067489604e-05,1.0591463402247121e-05,6.081369058989284e-10,3.0439772985579183,0.2459236152989266,0.00012897155820706816,3.9315067686781275e-16,0.7526893157048232,1.7965295519924255e-05,5.801067281969847e-08,7.914070667730366e-06,0.061812708564400076,2.2763691171500922e-11,4.3497446038441194e-10,0.0,0.0,0.0,0.0
204,0.24701294741205393,2.440724545112073e-05,1.0261638119930855e-05,5.38348558436436e-10,3.0439772985579183,0.24568658862778398,0.00012511515187122504,4.035454945994299e-16,0.7529271172014955,1.8376876956341646e-05,5.9321891782401576e-08,7.666943715622111e-06,0.06175323685301348,2.2011274173790704e-11,3.8332595397933593e-10,0.0,0.0,0.0,0.0
205,0.2469412010827843,2.4513987044896508e-05,1.0158911011966104e-05,5.367375777363813e-10,3.0439772985579183,0.24561510188371682,0.00012391045446607423,3.9813626089792697e-16,0.7529989291304001,1.8459005993523573e-05,5.883124390803289e-08,7.5908178692334725e-06,0.06173530027069608,2.1368983861432747e-11,3.827938373981073e-10,0.0,0.0,0.0,0.0
206,0.24687455500912248,2.4536860959160915e-05,1.042912779348353e-05,5.619856255876851e-10,3.0439772985579183,0.24554869700757012,0.0001272518399198378,4.0291752641644926e-16,0.7530649249003197,1.8477849355500103e-05,5.8982947647850164e-08,7.794827390927661e-06,0.06171863875228062,2.1168591749376047e-11,4.0204307117887327e-10,0.0,0.0,0.0,0.0
207,0.24694265114628502,2.4448475987204736e-05,1.03856984741913e-05,5.76848369830554e-10,3.0439772985579183,0.24561654670002242,0.00012667557323768361,4.002327267070438e-16,0.7529970653520437,1.8409630670695076e-05,5.822871918933389e-08,7.762171753507913e-06,0.061735662786571256,2.318447754264736e-11,4.111806520928702e-10,0.0,0.0,0.0,0.0
208,0.24710968179091278,2.399460195225944e-05,1.0739314277387475e-05,5.911841475525389e-10,3.0439772985579183,0.24578297312804548,0.00013087107209526708,3.9020970642226236e-16,0.7528299327544263,1.80638545741887e-05,5.7040404708660834e-08,8.027836840565603e-06,0.061777420447728194,2.2061093932439737e-11,4.2300002811502104e-10,0.0,0.0,0.0,0.0
209,0.24691193105879228,2.420959025113528e-05,1.0431200924536644e-05,5.607320627198127e-10,3.0439772985579183,0.24558593778252896,0.0001272516358952724,3.9895595936361877e-16,0.7530280400261707,1.823050029664909e-05,5.8496512889957534e-08,7.796490274433052e-06,0.06172798276469807,2.172817163963149e-11,4.0051879453010096e-10,0.0,0.0,0.0,0.0
210,0.24695981210116927,2.4141660474213574e-05,1.0354241777131816e-05,5.712386624020715e-10,3.0439772985579183,0.24563364555859946,0.00012628032797991644,3.940578196600912e-16,0.7529804388688164,1.8178198098895294e-05,5.7644799760157155e-08,7.738896717738391e-06,0.06173995302529232,2.1741280971847884e-11,4.0839025774249956e-10,0.0,0.0,0.0,0.0
211,0.24716567325621688,2.4219078298839654e-05,1.0404280134828416e-05,5.824975830268232e-10,3.0439772985579183,0.24583876213856531,0.00012675021191812434,3.9723475937634316e-16,0.7527743644473684,1.8231501273910075e-05,5.849241700729556e-08,7.773582949020546e-06,0.06179141831405422,2.1642101711969017e-11,4.1684714614317603e-10,0.0,0.0,0.0,0.0
212,0.24693801631859846,2.4532575573170805e-05,1.0385925910534277e-05,5.741499606320127e-10,3.0439772985579183,0.2456119286440134,0.00012668148324517707,4.0468238840065735e-16,0.7530015726650929,1.847306798812286e-05,5.819520702453351e-08,7.762423337190914e-06,0.061734504079649616,2.3200806760316984e-11,4.091350165411898e-10,0.0,0.0,0.0,0.0
213,0.24690967641763698,2.4474999648693904e-05,1.0267548803893855e-05,5.381286785028937e-10,3.0439772985579183,0.24558369130100804,0.00012525673525122727,4.038723554304525e-16,0.7530302645915203,1.8430415461333337e-05,5.895795192070025e-08,7.672817040581838e-06,0.061727419104409244,2.145942087650957e-11,3.8376776028080963e-10,0.0,0.0,0.0,0.0
214,0.24697663021058627,2.3780472490426578e-05,1.0391898436017778e-05,5.569697346231318e-10,3.0439772985579183,0.2456504028163438,0.00012672820499625865,3.8616864809769414e-16,0.7529640809934202,1.7905841614343357e-05,5.8539831502683186e-08,7.766186424150404e-06,0.06174415755264657,2.106658824363152e-11,3.983116161280241e-10,0.0,0.0,0.0,0.0
215,0.24694632096136002,2.4046514095576798e-05,1.050542091466027e-05,5.897983796905059e-10,3.0439772985579183,0.24562020323564981,0.00012813337012870275,3.867262322123715e-16,0.75299373063451,1.8106874357583703e-05,5.771233117466093e-08,7.852803755241183e-06,0.061736580240340004,2.330579079588059e-11,4.208086914494627e-10,0.0,0.0,0.0,0.0
216,0.24711556051363248,2.4390094450412273e-05,1.0330565572534887e-05,5.505322688349726e-10,3.0439772985579183,0.24578883059229778,0.00012588606934299995,4.023660122692607e-16,0.7528243823663214,1.8361457790487863e-05,5.9010381758240504e-08,7.71809126488012e-06,0.06177889012840812,2.2659142005119865e-11,3.91794973253298e-10,0.0,0.0,0.0,0.0
217,0.24700413784768346,2.4702282851547314e-05,1.029167852054645e-05,5.765228454467004e-10,3.0439772985579183,0.24567781093333538,0.00012548727794895424,4.095586386520699e-16,0.75293541376058,1.8599223559660658e-05,5.950312489663334e-08,7.689466100261884e-06,0.061751034461920866,2.404213779795333e-11,4.1004232938088504e-10,0.0,0.0,0.0,0.0
218,0.24690325712313527,2.4289836461393738e-05,1.0381954593847243e-05,5.578153885379167e-10,3.0439772985579183,0.24557729523857957,0.00012665677976432521,3.932820331507806e-16,0.7530367036827659,1.8291138381881398e-05,5.806476947093716e-08,7.75992809566394e-06,0.06172581428078382,2.1269481698424863e-11,3.987859797496892e-10,0.0,0.0,0.0,0.0
219,0.24695331425246467,2.464760496935901e-05,1.0303808984631311e-05,5.395682199633646e-10,3.0439772985579183,0.24562717122163782,0.0001256695324342011,4.091598206955633e-16,0.7529862884073553,1.8559308584008328e-05,5.9328598790449385e-08,7.699298285005442e-06,0.06173832856311617,2.3152762794229262e-11,3.8313470849854817e-10,0.0,0.0,0.0,0.0
220,0.24685409329427627,2.472126791861258e-05,1.0173785341966318e-05,5.191975822686344e-10,3.0439772985579183,0.24552830935798425,0.0001241499704382107,4.097162751250961e-16,0.7530856843081497,1.8617232967453463e-05,5.8780540552262505e-08,7.602951555706665e-06,0.06171352332356907,2.0214391526658095e-11,3.7078587500725334e-10,0.0,0.0,0.0,0.0
221,0.24700767504107837,2.4121564984233234e-05,1.031025333471048e-05,5.432216222668611e-10,3.0439772985579183,0.24568133533026956,0.00012571151042168634,4.0138556838731396e-16,0.7529327094860127,1.8161915280621657e-05,5.896325394488527e-08,7.703963724845875e-06,0.06175191876026959,2.2441914095064713e-11,3.865674138097103e-10,0.0,0.0,0.0,0.0
222,0.24701939410981744,2.458768832208269e-05,1.0115616791139073e-05,5.55083802545456e-10,3.0439772985579183,0.24569301200434915,0.00012333051979908003,4.077597744341165e-16,0.7529207290331494,1.8512580216702356e-05,5.921845224056005e-08,7.557039116763839e-06,0.06175484852745436,2.224478989556198e-11,3.9568931139145555e-10,0.0,0.0,0.0,0.0
223,0.24703641811094623,2.411336555420905e-05,1.0480172287110259e-05,5.667371171651465e-10,3.0439772985579183,0.24570997442328216,0.00012776350100953922,3.9538498978736266e-16,0.7529035971462454,1.815503966506636e-05,5.716840943920167e-08,7.833391004238506e-06,0.06175910452773656,2.1675411151300294e-11,4.0502300299863166e-10,0.0,0.0,0.0,0.0
224,0.246943740990807,2.3961047886035662e-05,1.0431206919490562e-05,5.798722392812326e-10,3.0439772985579183,0.2456176326008561,0.00012723000605030204,3.907573687125026e-16,0.752996606788599,1.8042587753283988e-05,5.813220487052558e-08,7.796531210215623e-06,0.06173593524770175,2.2216048738217375e-11,4.144257798114573e-10,0.0,0.0,0.0,0.0
225,0.24693603944590586,2.4511356984578416e-05,1.0272887684745022e-05,5.65514557746009e-10,3.0439772985579183,0.24560995892496357,0.00012530408859036924,3.96248526780904e-16,0.7530038367116806,1.8457145852397196e-05,5.7839327885305265e-08,7.67768451283587e-06,0.061734009861476466,2.182577846825596e-11,4.040088532307981e-10,0.0,0.0,0.0,0.0
226,0.24704002840857156,2.4282601494765697e-05,1.0309848052130318e-05,5.636980691748465e-10,3.0439772985579183,0.24571357166163646,0.00012568466503002227,3.973234486443579e-16,0.7529001170177974,1.8282373506905633e-05,5.918529373682534e-08,7.703100511147801e-06,0.06176000710214289,2.295204539489838e-11,4.0145629684955e-10,0.0,0.0,0.0,0.0
227,0.24703829373161573,2.469640719898943e-05,1.0278645469320808e-05,5.613428667918887e-10,3.0439772985579183,0.24571184325938025,0.00012530535907964423,4.0514281896245493e-16,0.7529012989808906,1.859395706028016e-05,5.9162927248747436e-08,7.679642598366935e-06,0.06175957343290393,2.1790316483750032e-11,4.0084545709751997e-10,0.0,0.0,0.0,0.0
228,0.24684194994633907,2.4599927662391835e-05,1.055375839903579e-05,5.624799770336653e-10,3.0439772985579183,0.2455162099681315,0.00012879505095962542,4.0020879418984963e-16,0.7530971508030878,1.8526135432509356e-05,5.8797153512228814e-08,7.889208227065783e-06,0.06171048748658477,2.1541519285425044e-11,4.0206054880241455e-10,0.0,0.0,0.0,0.0
229,0.247030108738305,2.4026464037515068e-05,1.0367542633176912e-05,5.437140552313125e-10,3.0439772985579183,0.24570368787352734,0.0001263947878184207,3.941292500044152e-16,0.7529102913650556,1.80897720389575e-05,5.938362133134681e-08,7.746445923353517e-06,0.06175752718457625,2.1981229125736607e-11,3.8738667861774686e-10,0.0,0.0,0.0,0.0
230,0.24705741016745744,2.4098049868900163e-05,1.0292733780931193e-05,5.575486819137437e-10,3.0439772985579183,0.24573089054932348,0.00012546435793128486,3.9569060626556996e-16,0.7528830531945861,1.814301336133295e-05,5.7671382238599166e-08,7.691553452467934e-06,0.06176435254186436,2.166715224801618e-11,3.981018016958203e-10,0.0,0.0,0.0,0.0
231,0.24694390635964428,2.46190500673498e-05,1.021995492992677e-05,5.420224677970687e-10,3.0439772985579183,0.24561779737129472,0.00012465315802992063,4.0646833097705943e-16,0.7529959279427865,1.8538044450533983e-05,5.910662195551143e-08,7.636477824038153e-06,0.06173597658991107,2.1946843163694257e-11,3.8619386794099857e-10,0.0,0.0,0.0,0.0
232,0.2470775884681753,2.4226592807043188e-05,1.069579178878192e-05,5.573475011634245e-10,3.0439772985579183,0.24575099586891427,0.0001303631432751767,3.9326622163444014e-16,0.7528617726867247,1.8239275606869987e-05,5.796321042873809e-08,7.994489555961733e-06,0.06176939711704382,2.1574846427814012e-11,3.9803078130059813e-10,0.0,0.0,0.0,0.0
233,0.24681924852179055,2.4762665958987413e-05,1.0484383056652334e-05,5.365392145839254e-10,3.0439772985579183,0.24549359072679916,0.00012796402422059447,4.067199300592311e-16,0.7531197621568995,1.864925309740335e-05,5.8628206396193705e-08,7.837367867591638e-06,0.06170481213044764,2.1236939106583685e-11,3.828413465687119e-10,0.0,0.0,0.0,0.0
234,0.24699412808053284,2.4420570183115874e-05,1.045926886969864e-05,5.597575594535882e-10,3.0439772985579183,0.24566783737935885,0.00012753759225348662,4.0249268573568144e-16,0.7529454684782397,1.8387357657031916e-05,5.8545985797292505e-08,7.816713113237819e-06,0.06174853202013321,2.1346234128974764e-11,4.001206837080433e-10,0.0,0.0,0.0,0.0
235,0.24677231287660484,2.4660385174617906e-05,1.0284877255955558e-05,5.371435890168385e-10,3.0439772985579183,0.24544682502026482,0.00012556081565361836,4.068879778385252e-16,0.7531672988020904,1.8573395689386086e-05,5.907778228342785e-08,7.687155439095676e-06,0.06169307821915121,2.164480734610562e-11,3.8291417866256686e-10,0.0,0.0,0.0,0.0
236,0.24689154676583672,2.500470286607995e-05,1.0259962504792674e-05,5.3368775913827e-10,3.0439772985579183,0.24556562726375175,0.00012517626248606124,4.1190018704146662e-16,0.7530476122381927,1.8829731788027e-05,5.911578882787299e-08,7.667124477059637e-06,0.06172288669145918,2.1821530880968675e-11,3.800707618188573e-10,0.0,0.0,0.0,0.0
237,0.24687716234696008,2.4324917138157845e-05,1.0356240658673195e-05,5.711906403460915e-10,3.0439772985579183,0.24555129490805547,0.00012636081085758645,3.953176925052801e-16,0.7530628015643892,1.8318190247882772e-05,5.836125521712206e-08,7.74053834887835e-06,0.06171929058674002,2.1788236945639283e-11,4.083541869007458e-10,0.0,0.0,0.0,0.0
238,0.24699979824894291,2.4268973562058714e-05,1.0474711877683934e-05,5.760847895703659e-10,3.0439772985579183,0.24567348703415035,0.0001277220391918346,4.0070272381766177e-16,0.7529399920664491,1.827308076127735e-05,5.9128534512323554e-08,7.827700943569358e-06,0.06174994956223573,2.3947612048255332e-11,4.0980966484045796e-10,0.0,0.0,0.0,0.0
239,0.24696671432158807,2.432533024048301e-05,1.0298283573734832e-05,5.262908426693378e-10,3.0439772985579183,0.24564052280475832,0.00012559317536711437,3.9733821951515745e-16,0.7529733872530742,1.8316326307226128e-05,5.8826095611724065e-08,7.695507369796088e-06,0.061741678580397016,2.1420536284971002e-11,3.7486246220003494e-10,0.0,0.0,0.0,0.0
240,0.2470727005478055,2.444022107385993e-05,1.0442118360116414e-05,5.779496835995315e-10,3.0439772985579183,0.24574612562670414,0.00012727469089787835,4.015507795762629e-16,0.7528669113643199,1.8400233752938087e-05,5.945630176716652e-08,7.802069096114336e-06,0.061768175136951375,2.2720695304646513e-11,4.1239849791091874e-10,0.0,0.0,0.0,0.0
241,0.24715332334390136,2.4158217271766403e-05,1.0457373998797545e-05,5.646299895865055e-10,3.0439772985579183,0.24582645687741939,0.00012740547935061192,3.9295658925799946e-16,0.7527866851981029,1.8185984300308587e-05,5.712813509231932e-08,7.815043773339315e-06,0.06178833083597534,2.1967114584862208e-11,4.0307882363940267e-10,0.0,0.0,0.0,0.0
242,0.24711059886703204,2.4401071611050598e-05,1.0215902606050207e-05,5.491434462878207e-10,3.0439772985579183,0.2457838868878282,0.00012449217095862903,4.033447597856392e-16,0.7528295860422713,1.836984863993504e-05,5.796474239809784e-08,7.63286898756284e-06,0.06177764971675801,2.1853328634982295e-11,3.9155810471170406e-10,0.0,0.0,0.0,0.0
243,0.2468702544595379,2.5071035540090508e-05,1.0195642368915923e-05,4.965210340545342e-10,3.0439772985579183,0.2455444120241892,0.0001244057805840558,4.208631329827593e-16,0.7530689484229337,1.8880218370049957e-05,5.94459452143192e-08,7.618575732041503e-06,0.06171756361488447,2.125922350324632e-11,3.526553494820694e-10,0.0,0.0,0.0,0.0
244,0.24700124049184222,2.4471818595111553e-05,1.0555630183456052e-05,5.495618475908654e-10,3.0439772985579183,0.24567492405935495,0.00012870762456762853,4.0153816710714845e-16,0.7529380618787884,1.842576366365259e-05,5.783352904531872e-08,7.88990220319532e-06,0.061750310122960554,2.0386467143560617e-11,3.933995652640317e-10,0.0,0.0,0.0,0.0
245,0.24694945841092517,2.425902431553073e-05,1.0354123624577815e-05,5.522889718540842e-10,3.0439772985579183,0.24562332933231584,0.0001262858881305263,3.9761587721993963e-16,0.7529906153705925,1.826681764764165e-05,5.843121567303483e-08,7.738126704021005e-06,0.06173736460273129,2.1257519335401736e-11,3.94610893443397e-10,0.0,0.0,0.0,0.0
246,0.24689052133987402,2.4628804277582093e-05,1.0279611012944338e-05,5.527304857534632e-10,3.0439772985579183,0.24556460554913376,0.00012541676186009735,4.0300489654263633e-16,0.7530491591901526,1.854670035309203e-05,5.8319068536599637e-08,7.682733361562966e-06,0.061722630334968505,2.223901871440427e-11,3.9399420884100585e-10,0.0,0.0,0.0,0.0
247,0.24689833566188546,2.4443779292346405e-05,1.0442470301015098e-05,5.404921438397274e-10,3.0439772985579183,0.2455723915889902,0.00012739836310954417,3.9793815478667974e-16,0.7530412563092796,1.840717426725529e-05,6.007174491007832e-08,7.803539209538672e-06,0.061724583915471365,2.0733458458965388e-11,3.8627942456339883e-10,0.0,0.0,0.0,0.0
248,0.24694157597702826,2.3834170624334417e-05,1.0653494491069136e-05,5.853277652881857e-10,3.0439772985579183,0.2456154754213668,0.00012994271895426943,3.8189955350158093e-16,0.7529984605569342,1.794709378877512e-05,5.817074331992145e-08,7.963894208006918e-06,0.061735393994257065,2.145457034699975e-11,4.1929633583623467e-10,0.0,0.0,0.0,0.0
249,0.24695012012010703,2.4632229925578218e-05,1.0352304484803934e-05,5.516403602697186e-10,3.0439772985579183,0.24562398864711293,0.00012626315785042419,4.08454187895051e-16,0.7529893958315319,1.8547807929644523e-05,5.8521115436469644e-08,7.736654384040102e-06,0.06173753003002676,2.0931140434634648e-11,3.944482011611493e-10,0.0,0.0,0.0,0.0
250,0.24685229077811507,2.4007013932332348e-05,1.0519295388944425e-05,5.72211217241118e-10,3.0439772985579183,0.2455265133666752,0.00012836749949822124,3.889977852380669e-16,0.7530877815708484,1.807938886444062e-05,5.764770298795858e-08,7.864305125160653e-06,0.06171307269452877,2.0992285864391395e-11,4.09932990317677e-10,0.0,0.0,0.0,0.0
251,0.24703232420489996,2.4249092719993885e-05,1.0553798434067983e-05,5.620682667396104e-10,3.0439772985579183,0.2457058953260531,0.00012866384383400666,3.950931417418405e-16,0.7529073200993401,1.8257319414651014e-05,5.747654246499102e-08,7.888555553397747e-06,0.06175808105122499,2.1589759444345983e-11,4.0159555297945516e-10,0.0,0.0,0.0,0.0
252,0.2469679664529025,2.4459987228213076e-05,1.0666161369062519e-05,5.739083506580299e-10,3.0439772985579183,0.2456417704055666,0.00013007859096321814,3.9734428300226565e-16,0.7529711012629388,1.8417663520105017e-05,5.8570574763773624e-08,7.972740697547446e-06,0.061741991613225626,2.2404491902176887e-11,4.0973191091679666e-10,0.0,0.0,0.0,0.0
253,0.2471914111802646,2.4288712526422486e-05,1.0464148237792364e-05,5.63613752124831e-10,3.0439772985579183,0.24586440701398565,0.00012746188368111867,4.003534037312609e-16,0.7527483886609591,1.828328921691378e-05,5.8788336547286845e-08,7.818082388160329e-06,0.06179785279506615,2.107809756195094e-11,4.0318124617717284e-10,0.0,0.0,0.0,0.0
254,0.24686278210408857,2.4542260422753264e-05,1.0485345444559843e-05,5.617195043947292e-10,3.0439772985579183,0.24553696671618866,0.0001279458625337354,4.0433855489207263e-16,0.7530765617305584,1.8482201096262987e-05,6.019458822841881e-08,7.83607330771788e-06,0.061715695526022143,2.2499269360655298e-11,4.005185236659206e-10,0.0,0.0,0.0,0.0
255,0.24705533290747467,2.4134965140583945e-05,1.0498893789111823e-05,5.757937942532693e-10,3.0439772985579183,0.24572882080272876,0.00012797870748032123,3.9530156072483833e-16,0.752884609005409,1.817084379322772e-05,5.8743935129054055e-08,7.845711610275717e-06,0.06176383322686867,2.170209775828341e-11,4.118041878958302e-10,0.0,0.0,0.0,0.0
256,0.2468934419918282,2.461733970779699e-05,1.0313801862952663e-05,5.415510919969216e-10,3.0439772985579183,0.24556751563035323,0.0001258319219783858,4.0599849234702164e-16,0.7530461788606845,1.8537993600671922e-05,5.8802393258797605e-08,7.707966689163914e-06,0.06172336049795705,2.2075893038972825e-11,3.8573708744713996e-10,0.0,0.0,0.0,0.0
257,0.24686139057584228,2.430903824297365e-05,1.0460138132474702e-05,5.656873242302002e-10,3.0439772985579183,0.24553558022490082,0.00012763929856376928,4.019420340367468e-16,0.753078361311339,1.8306610685073267e-05,5.820822958513759e-08,7.819095454309161e-06,0.06171534764396057,2.250770025738127e-11,4.03499182888494e-10,0.0,0.0,0.0,0.0
258,0.247224717196811,2.4869087133249274e-05,1.0121342617751475e-05,5.385434923671583e-10,3.0439772985579183,0.2458975926354491,0.00012326415176571153,4.137126453278801e-16,0.7527149858393198,1.871933456934054e-05,5.96400381037056e-08,7.558846227092e-06,0.06180617929920275,2.168104966902699e-11,3.836887075619764e-10,0.0,0.0,0.0,0.0
259,0.2471384342489407,2.410586367123656e-05,1.0335679429936215e-05,5.599872520554344e-10,3.0439772985579183,0.2458116216169375,0.0001259329721481824,3.9243859365629e-16,0.7528019267623832,1.814694061797822e-05,5.821654688020912e-08,7.722502842374103e-06,0.06178460856223517,2.1061668115679906e-11,4.004978141940235e-10,0.0,0.0,0.0,0.0
260,0.24705653007843673,2.4121262362797725e-05,1.0511837193061664e-05,5.390877343287248e-10,3.0439772985579183,0.24573001364355135,0.00012813565803219672,3.9283978372840013e-16,0.7528834035226193,1.816049810496521e-05,5.8387460594165104e-08,7.855800302593757e-06,0.06176413251960918,2.0151285121967893e-11,3.8571892309674e-10,0.0,0.0,0.0,0.0
261,0.2468594777011765,2.4764250024023392e-05,1.0236022133052767e-05,5.201661400507587e-10,3.0439772985579183,0.24553367427437237,0.00012490579000065923,4.0865342416531847e-16,0.7530800949973048,1.8649463760628543e-05,5.9067530216812806e-08,7.64947699013708e-06,0.061714869425294125,2.06086057157936e-11,3.7111816044801315e-10,0.0,0.0,0.0,0.0
262,0.24708219005363022,2.3839739369548035e-05,1.0464120059655997e-05,5.964968270727889e-10,3.0439772985579183,0.2457555808121083,0.00012753649942710355,3.9157199010551425e-16,0.7528582769160774,1.794794510388631e-05,5.7691059728916545e-08,7.820308337826659e-06,0.061770547513407555,2.1846303609878436e-11,4.272312698060488e-10,0.0,0.0,0.0,0.0
263,0.24694399494129327,2.3983751827108677e-05,1.044758861866978e-05,5.611875075748589e-10,3.0439772985579183,0.24561788563240497,0.00012742962848935288,3.9282682100123725e-16,0.7529962817643044,1.8059675948570677e-05,5.7225665272874776e-08,7.809769717988534e-06,0.061735998735323316,2.167869681562237e-11,4.008934097608238e-10,0.0,0.0,0.0,0.0
264,0.24705025037140246,2.442637275778375e-05,1.03326342973076e-05,5.425445955940621e-10,3.0439772985579183,0.24572375665029805,0.00012595547960205801,3.9911484743449645e-16,0.7528896280459385,1.8390362700119252e-05,5.883591207376213e-08,7.720497280760865e-06,0.061762562592850616,2.1927838281682235e-11,3.8654836049346525e-10,0.0,0.0,0.0,0.0
265,0.2470900743132178,2.3809881423635545e-05,1.0645524165228736e-05,5.712411093623528e-10,3.0439772985579183,0.2457634365578961,0.0001297418877787705,3.8696731401148757e-16,0.7528500286886709,1.792526991285787e-05,5.822139065243889e-08,7.956261782545954e-06,0.06177251857830445,2.1335423323979868e-11,4.087234622476156e-10,0.0,0.0,0.0,0.0
266,0.2470365055940613,2.4712484490688586e-05,1.0460596625867342e-05,5.737586945472446e-10,3.0439772985579183,0.24571006158994865,0.00012752464935779348,4.0764230206425077e-16,0.752902651760677,1.8606095104634042e-05,5.857096812443089e-08,7.817239970489882e-06,0.06175912639851532,2.1705343706424123e-11,4.102790988889407e-10,0.0,0.0,0.0,0.0
267,0.24694698579878085,2.4502770998970844e-05,1.0205805145412484e-05,5.448560915321898e-10,3.0439772985579183,0.24562086566733668,0.0001244785455218968,3.988579312097694e-16,0.7529930557969309,1.8450416410007473e-05,5.779060963800882e-08,7.627109793674177e-06,0.061736746449695214,2.1302921823177523e-11,3.889699315092184e-10,0.0,0.0,0.0,0.0
268,0.2470676066414349,2.421593606604386e-05,1.0501668661572147e-05,5.694813273407376e-10,3.0439772985579183,0.24574105014384484,0.00012800406466072884,3.950442240287511e-16,0.752872208105051,1.823150525737318e-05,5.786252401048123e-08,7.848551950014956e-06,0.061766901660358725,2.2558344098155524e-11,4.0618832029146095e-10,0.0,0.0,0.0,0.0
269,0.2468357986015208,2.4323812909633397e-05,1.0389267711021298e-05,5.532082355190449e-10,3.0439772985579183,0.24551008089155812,0.0001267919814039077,3.9739801280035516e-16,0.753104089157843,1.8318362966155243e-05,5.9336891773493334e-08,7.76486310475219e-06,0.0617089496503802,2.30624298159726e-11,3.9356095450921513e-10,0.0,0.0,0.0,0.0
270,0.247094997923782,2.4017151467932483e-05,1.0370549341791554e-05,5.863146443451396e-10,3.0439772985579183,0.24576834236243658,0.0001263873503157512,3.9527091901106873e-16,0.7528454143217981,1.808120234770501e-05,5.7561628602323835e-08,7.749858887363388e-06,0.0617737494809455,2.236752621216135e-11,4.19036765132793e-10,0.0,0.0,0.0,0.0
271,0.24700638552665383,2.4700394226618835e-05,1.0391396706125638e-05,5.340018589238999e-10,3.0439772985579183,0.2456800504808848,0.0001267015813963026,4.087336657836552e-16,0.7529329441046904,1.8597740545594615e-05,5.925049907761624e-08,7.764774416225342e-06,0.06175159638166346,2.0351589696235862e-11,3.817160021007136e-10,0.0,0.0,0.0,0.0
272,0.24707571075594414,2.447756159445763e-05,1.0365879597761157e-05,5.375079729525506e-10,3.0439772985579183,0.24574912494777174,0.00012634342300552336,4.068551302364797e-16,0.7528640175690147,1.8428275362296387e-05,5.931535645727354e-08,7.744782403149873e-06,0.061768927688986036,2.2240824377559572e-11,3.824295876148749e-10,0.0,0.0,0.0,0.0
273,0.24680234389470945,2.4651898180595767e-05,1.0345607275949103e-05,5.414827318525774e-10,3.0439772985579183,0.24547674730224794,0.00012628180124847139,4.063902009669766e-16,0.7531371457483961,1.8566260233013976e-05,5.8723127107472295e-08,7.732938007734674e-06,0.06170058597367736,2.086773442645083e-11,3.8694302471304344e-10,0.0,0.0,0.0,0.0
274,0.24691674418326137,2.4273124342177572e-05,1.0693029838058286e-05,5.596709533329755e-10,3.0439772985579183,0.24559073348835425,0.00013044222687151393,3.936016401364137e-16,0.7530225401712982,1.8278209750040328e-05,5.813777654527029e-08,7.993954714236866e-06,0.06172918604581534,2.1028981993856085e-11,4.004158609450332e-10,0.0,0.0,0.0,0.0
275,0.2469595751572236,2.4337293785452116e-05,1.0557832907554666e-05,5.579371503461805e-10,3.0439772985579183,0.24563340947199855,0.00012876336036628342,3.9587213545773853e-16,0.7529799214079196,1.8325493561851184e-05,5.892096046963092e-08,7.890915232498828e-06,0.0617398937893059,2.3490464825764713e-11,3.9662500679246087e-10,0.0,0.0,0.0,0.0
276,0.2471571210320124,2.4452550573105247e-05,1.0416600168714668e-05,5.319812015314412e-10,3.0439772985579183,0.2458302408347394,0.0001269060696082049,4.0105282432755254e-16,0.7527825369561629,1.8407453055471044e-05,5.9446552573582415e-08,7.78198814888944e-06,0.0617892802580031,2.2461075401260497e-11,3.7800508310056563e-10,0.0,0.0,0.0,0.0
277,0.2471377268390091,2.431200310155463e-05,1.0346840847066393e-05,5.60335636644674e-10,3.0439772985579183,0.24581091676486533,0.00012606938927910055,3.978935885498011e-16,0.7528022985695377,1.8302131817680058e-05,5.841087760052919e-08,7.730714695004233e-06,0.06178443170975227,2.2136406116215752e-11,3.9968554912032006e-10,0.0,0.0,0.0,0.0
278,0.24691499787683815,2.4446687042295694e-05,1.0410215091163707e-05,5.676672590946327e-10,3.0439772985579183,0.24558899350175645,0.00012699348012395884,3.9782109006518054e-16,0.7530246637698047,1.8408958290310356e-05,5.845763414391396e-08,7.780691084650984e-06,0.06172874946920954,2.09152283117821e-11,4.0655221860108034e-10,0.0,0.0,0.0,0.0
279,0.2469255127544868,2.3930636705648314e-05,1.0489111620031171e-05,5.843283436527985e-10,3.0439772985579183,0.2455994703270644,0.0001279487997982191,3.915429838241602e-16,0.7530147485550959,1.8020122381667114e-05,5.758971648201368e-08,7.840866032642094e-06,0.0617313781886217,2.1690894962184506e-11,4.183169658071432e-10,0.0,0.0,0.0,0.0
280,0.24707398203935554,2.4098140326407563e-05,1.046773161755388e-05,5.918822063456516e-10,3.0439772985579183,0.24574740248344612,0.00012758607893303942,3.9743965187372675e-16,0.7528660870973874,1.8142672613866222e-05,5.823132645111531e-08,7.822568817242281e-06,0.061768495509838886,2.323599222984729e-11,4.223720484841718e-10,0.0,0.0,0.0,0.0
281,0.24711716389854105,2.405710589185922e-05,1.046522725349583e-05,5.820719954870771e-10,3.0439772985579183,0.24579042817917732,0.00012752596222596692,3.886405960929086e-16,0.7528229761610399,1.8110742055330744e-05,5.780406911873982e-08,7.820659458059616e-06,0.06177929097463526,2.134814030641794e-11,4.1684903167615876e-10,0.0,0.0,0.0,0.0
282,0.24679073400853807,2.4544983952830632e-05,1.0357880945924327e-05,5.276949326834495e-10,3.0439772985579183,0.24546517945155982,0.00012643953669645887,4.056936903859702e-16,0.7531488880767867,1.8486027371936964e-05,5.9066948116762796e-08,7.741959569137879e-06,0.06169768350213452,2.0829615846923102e-11,3.766032359473717e-10,0.0,0.0,0.0,0.0
283,0.24698267745782748,2.4270607874456425e-05,1.054810783056896e-05,5.556218557032658e-10,3.0439772985579183,0.24565642818427758,0.00012862879473252213,3.939375344638671e-16,0.7529569433567783,1.8274722718561664e-05,5.8453116422825776e-08,7.883817913880076e-06,0.06174566936445687,2.205853243637297e-11,3.9630080169617904e-10,0.0,0.0,0.0,0.0
284,0.24710039536159564,2.3893000498300118e-05,1.0537973246898006e-05,5.865051679323141e-10,3.0439772985579183,0.24577372028104663,0.00012842401057777987,3.9341117794378406e-16,0.7528398261267262,1.7987602340786043e-05,5.832581664139639e-08,7.875080130281391e-06,0.06177509884039891,2.1232293235752145e-11,4.2031215541283747e-10,0.0,0.0,0.0,0.0
285,0.2469299202431656,2.4389575579063408e-05,1.015500461898911e-05,5.320376835483263e-10,3.0439772985579183,0.24560386186592875,0.00012387035376136804,4.012679338776245e-16,0.7530104052732611,1.8365604191233368e-05,5.830271495981236e-08,7.588521428737016e-06,0.0617324800607914,2.1557585087190294e-11,3.7907232662218197e-10,0.0,0.0,0.0,0.0
286,0.2470677077213159,2.4492431374323003e-05,1.0297254517573073e-05,5.525838688360644e-10,3.0439772985579183,0.24574115085813913,0.00012551241511545805,4.0799419550312166e-16,0.7528721524805799,1.843966952826945e-05,5.9164464720692115e-08,7.693351708564923e-06,0.06176692693032897,2.2344586128287336e-11,3.936804206283669e-10,0.0,0.0,0.0,0.0
287,0.2468601691757533,2.4471789012792964e-05,1.0533139816271224e-05,5.696537027691364e-10,3.0439772985579183,0.2455343632459747,0.00012853087225658043,4.035660736592157e-16,0.7530791725690497,1.8429194621038485e-05,5.768303434295982e-08,7.874605183048685e-06,0.06171504229393832,2.2081239417893446e-11,4.069130997143832e-10,0.0,0.0,0.0,0.0
288,0.24699615071789857,2.3949931378567533e-05,1.0551966080968244e-05,5.90906741536459e-10,3.0439772985579183,0.24566985269914499,0.0001286666038625046,3.83940448445266e-16,0.7529439451407715,1.8032955818029392e-05,5.904861739087416e-08,7.88599035260496e-06,0.06174903767947464,2.194184297689374e-11,4.2297781020584585e-10,0.0,0.0,0.0,0.0
289,0.24678741066055046,2.4317127463296754e-05,1.0487135665488991e-05,5.690767145356816e-10,3.0439772985579183,0.24546186813664736,0.00012801965754082604,3.959146674150807e-16,0.7531522621119283,1.8314499557046047e-05,5.793178628907196e-08,7.840478163248645e-06,0.061696852665137615,2.1882662368288534e-11,4.0671875249948414e-10,0.0,0.0,0.0,0.0
290,0.24700898062035034,2.4466101272869925e-05,1.0547536590243378e-05,5.880288076221516e-10,3.0439772985579183,0.2456826361864085,0.00012860358982375047,4.005400556446431e-16,0.7529303490605211,1.8421270171532013e-05,5.840285040598179e-08,7.883157556214585e-06,0.061752245155087586,2.2978580954633582e-11,4.197661544259551e-10,0.0,0.0,0.0,0.0
291,0.2470565474214047,2.400551454762167e-05,1.0671243942529312e-05,5.845977244613584e-10,3.0439772985579183,0.24573003092379034,0.00013007872688960224,3.886781762388662e-16,0.7528832002012097,1.8073348615090098e-05,5.901594800254421e-08,7.975184341576697e-06,0.061764136855351176,2.235701744779827e-11,4.177767881750143e-10,0.0,0.0,0.0,0.0
292,0.24701972876243247,2.454639099421756e-05,1.0390650058726629e-05,5.535439244073987e-10,3.0439772985579183,0.2456933454463605,0.00012668342842483109,4.0665597670882716e-16,0.7529198354128718,1.8481464667346286e-05,5.8940579466804416e-08,7.764385952582396e-06,0.06175493219060812,2.2490883949330274e-11,3.942833165092834e-10,0.0,0.0,0.0,0.0
293,0.24700787449233333,2.4283966689823338e-05,1.0343677973166012e-05,5.720601833150395e-10,3.0439772985579183,0.24568153405997747,0.0001261188635973234,3.987176737842501e-16,0.7529321898695042,1.828418021848678e-05,5.833803343700992e-08,7.72975007420383e-06,0.06175196862308333,2.3586869367164027e-11,4.0713565719337867e-10,0.0,0.0,0.0,0.0
294,0.24696439300238848,2.4555332894116147e-05,1.0297139605933445e-05,5.595429688996197e-10,3.0439772985579183,0.2456382098846976,0.00012558073418312779,3.9962601368884097e-16,0.7529753644511992,1.8489560735167624e-05,5.831581559657934e-08,7.695176631986034e-06,0.06174109825059712,2.278948651749409e-11,3.9853258441580313e-10,0.0,0.0,0.0,0.0
295,0.24694432083385395,2.4278748017131214e-05,1.046830762321712e-05,5.605844459057347e-10,3.0439772985579183,0.24561821034570225,0.00012768203194263972,3.962279259509162e-16,0.7529954648741901,1.828178714972304e-05,5.837554013301549e-08,7.824212625057387e-06,0.06173608020846349,2.2343353366349088e-11,3.9977419207967993e-10,0.0,0.0,0.0,0.0
296,0.24709544195549624,2.4405482064562826e-05,1.0424088005731414e-05,5.550311591769407e-10,3.0439772985579183,0.24576878478834635,0.00012703941133114502,3.965603814507963e-16,0.7528442649221665,1.837352720496692e-05,5.856128212667062e-08,7.789153590032168e-06,0.06177386048887406,2.040271783345272e-11,3.974493072060092e-10,0.0,0.0,0.0,0.0
297,0.24695093990373948,2.4736647825451244e-05,1.023376342589352e-05,5.5869877532338e-10,3.0439772985579183,0.24562480546437918,0.0001248168253015865,4.112943111349398e-16,0.7529886865968958,1.862641595689649e-05,5.8739950238052316e-08,7.647168130768857e-06,0.06173773497593487,2.1657636111181125e-11,3.990362209228649e-10,0.0,0.0,0.0,0.0
298,0.24698198330754498,2.4699499987502e-05,1.0275117158166876e-05,5.337425374792126e-10,3.0439772985579183,0.24565573654544653,0.00012530027554674323,4.113163932535738e-16,0.7529576083451095,1.859767643790957e-05,5.915173815237307e-08,7.677575902726757e-06,0.061745495826886244,2.3016745211246674e-11,3.7886875928115116e-10,0.0,0.0,0.0,0.0
299,0.24715057779136618,2.4204530353647745e-05,1.0414408465039182e-05,5.501687325874229e-10,3.0439772985579183,0.24582372125173757,0.00012688389358275355,3.9676116779131115e-16,0.7527894579098827,1.8220915283885787e-05,5.959751528761628e-08,7.780259387561323e-06,0.061787644447841544,2.1624662623133872e-11,3.925365593403195e-10,0.0,0.0,0.0,0.0
300,0.24689616557189126,2.4665104763431137e-05,1.0452483025694442e-05,5.582831016011292e-10,3.0439772985579183,0.24557022935305445,0.00012752194657538677,4.0539624503322907e-16,0.7530430702047177,1.857388621797519e-05,5.927753703218379e-08,7.811892371899457e-06,0.061724041392972814,2.1840965361393155e-11,3.9857025551173353e-10,0.0,0.0,0.0,0.0
301,0.24694675484338213,2.437199036392333e-05,1.0632880596537654e-05,5.79348703831248e-10,3.0439772985579183,0.2456206355476562,0.00012968754414616418,3.9787677853394116e-16,0.7529925188130953,1.8351926412619114e-05,5.851841109534611e-08,7.94796113153043e-06,0.06173668871084553,2.1735368693255414e-11,4.1450987107573793e-10,0.0,0.0,0.0,0.0
302,0.24717657266091053,2.4425172211085365e-05,1.020825913700148e-05,5.207897446728883e-10,3.0439772985579183,0.24584962213820746,0.0001243549224891027,4.042188372936476e-16,0.7527635986178124,1.838638053047641e-05,5.8245941950633794e-08,7.626159941641763e-06,0.06179414316522763,2.136506851117839e-11,3.7066649381203673e-10,0.0,0.0,0.0,0.0
303,0.2469940007289865,2.4404095531994542e-05,1.0265736960017983e-05,5.196059024610604e-10,3.0439772985579183,0.24566771048855207,0.0001251778772486945,4.021241776547302e-16,0.7529460579604329,1.8374967528905105e-05,5.888619883072063e-08,7.670659977273538e-06,0.061748500182246625,2.1545579241458076e-11,3.696896367095706e-10,0.0,0.0,0.0,0.0
304,0.2468083595778012,2.4497021524474863e-05,1.04701015600238e-05,5.352869157921094e-10,3.0439772985579183,0.24548274120533298,0.00012779727455261694,4.0150390302608784e-16,0.7531310825884092,1.8449468340919315e-05,5.849803868414757e-08,7.826860884027169e-06,0.0617020898944503,2.3100458236042504e-11,3.8004075614987955e-10,0.0,0.0,0.0,0.0
305,0.24717226525505936,2.3971358897072673e-05,1.0340156118612456e-05,5.626949457598192e-10,3.0439772985579183,0.24584533030489034,0.00012596464477872052,3.9420442587581183e-16,0.7527682907988635,1.8044878865075525e-05,5.836763568338939e-08,7.72537401231792e-06,0.06179306631376484,2.1306752144350695e-11,4.022721604164276e-10,0.0,0.0,0.0,0.0
306,0.24691725916225413,2.4052003301947592e-05,1.0433896807356648e-05,5.647048117525511e-10,3.0439772985579183,0.24559124660366324,0.0001272809152870199,3.9132816018220757e-16,0.7530229435510402,1.8111710324731912e-05,5.821696143003844e-08,7.798746725153464e-06,0.06172931479056353,2.3141564152132656e-11,4.020941154312094e-10,0.0,0.0,0.0,0.0
307,0.24709071002490066,2.3927352758670256e-05,1.069911683559129e-05,6.029063531905322e-10,3.0439772985579183,0.2457640699705359,0.00013039454904319918,3.9075457233645366e-16,0.7528490949664494,1.8013685869307876e-05,5.9072519561226585e-08,7.995747907053977e-06,0.061772677506225164,2.1972231897530264e-11,4.319252704514844e-10,0.0,0.0,0.0,0.0
308,0.24701495447660063,2.3692991710814407e-05,1.0603643630000281e-05,5.901553042610221e-10,3.0439772985579183,0.24568858843162758,0.00012928371526038502,3.7915940134617397e-16,0.7529254130452364,1.78390555701423e-05,5.650700516465707e-08,7.927245754737793e-06,0.06175373861915016,2.0987900925027012e-11,4.233550252965402e-10,0.0,0.0,0.0,0.0
309,0.24701460386464227,2.4672809752411073e-05,1.0176816728588504e-05,5.497200506779351e-10,3.0439772985579183,0.24568823908802953,0.00012407982662467388,4.064322489968303e-16,0.7529252525297839,1.8576781513453422e-05,5.78296293409213e-08,7.604552675980907e-06,0.06175365096616057,2.260668812026838e-11,3.9129141985710147e-10,0.0,0.0,0.0,0.0
310,0.24701541302851976,2.417443894783913e-05,1.0303557804863876e-05,5.361810199926104e-10,3.0439772985579183,0.24568904532470962,0.00012562463554237365,3.9963741859482026e-16,0.7529249076568522,1.8201537212457987e-05,5.928392796137752e-08,7.698521380802796e-06,0.06175385325712994,2.189884910867693e-11,3.81805195856616e-10,0.0,0.0,0.0,0.0
311,0.24707178417291104,2.411975263312306e-05,1.0478537425741581e-05,5.820682047581718e-10,3.0439772985579183,0.24574521256610396,0.00012771928496935404,3.983439410348293e-16,0.7528682278966407,1.815899542220469e-05,5.959094861504676e-08,7.829366954051644e-06,0.06176794604322776,2.399190878473614e-11,4.1422874904652766e-10,0.0,0.0,0.0,0.0
312,0.24703008562467185,2.4209870169140592e-05,1.042240279134434e-05,5.534091045954356e-10,3.0439772985579183,0.24570366484350417,0.00012706355783801478,3.9640477764725456e-16,0.7529099143665788,1.8227851275873635e-05,5.90068845205875e-08,7.78812350860447e-06,0.06175752140616796,2.1030906725864943e-11,3.9563629482476947e-10,0.0,0.0,0.0,0.0
313,0.2468514610787817,2.4469128448674876e-05,1.0421341161316027e-05,5.85681767297277e-10,3.0439772985579183,0.24552568667075092,0.00012717264641954595,4.022233239548333e-16,0.7530881364495094,1.8427410343956237e-05,5.896548705657802e-08,7.789222907423476e-06,0.061712865269695424,2.2065713590619315e-11,4.1900427709574223e-10,0.0,0.0,0.0,0.0
314,0.24703860499748986,2.4059924426826477e-05,1.0384393307218329e-05,5.543970139994997e-10,3.0439772985579183,0.24571215339933564,0.00012659442357502973,3.9329508852410973e-16,0.7529017072836099,1.8114758178072285e-05,5.947741520027136e-08,7.758950034908902e-06,0.061759651249372466,2.0261992828845377e-11,3.9714446552431337e-10,0.0,0.0,0.0,0.0
315,0.24718006711709273,2.4820348809530426e-05,1.0299893132770263e-05,5.513866235290068e-10,3.0439772985579183,0.2458531039611005,0.00012546869916295024,4.0998905862899663e-16,0.752759302461107,1.8683748456703492e-05,5.975360734936378e-08,7.693586762698725e-06,0.06179501677927318,2.2793054846819255e-11,3.9226835526726086e-10,0.0,0.0,0.0,0.0
316,0.24710480218078198,2.4518044581990943e-05,1.0366120494383053e-05,5.543143431668599e-10,3.0439772985579183,0.24577811116379297,0.0001263265929871809,4.04819823993418e-16,0.7528348668912356,1.845803882931653e-05,5.778819063988249e-08,7.746188751927493e-06,0.061776200545195496,2.3078964334626293e-11,3.9422820041929934e-10,0.0,0.0,0.0,0.0
317,0.2471162358719465,2.4347151060067842e-05,1.0383710080562368e-05,5.577224003043327e-10,3.0439772985579183,0.245789503508432,0.00012653320835925207,4.010072293036123e-16,0.7528236516606795,1.8329111168574458e-05,5.893605050066602e-08,7.758166490134106e-06,0.061779058967986626,2.1379004505091224e-11,3.984876095049758e-10,0.0,0.0,0.0,0.0
318,0.24689340795053885,2.440792967241141e-05,1.0400147585967773e-05,5.338849783100411e-10,3.0439772985579183,0.24556748171226908,0.000126885412938716,4.0162773221651075e-16,0.7530463332539303,1.8380301942129218e-05,5.8497216959885443e-08,7.77329578795286e-06,0.06172335198763471,2.1920847785179013e-11,3.801192775105516e-10,0.0,0.0,0.0,0.0
319,0.24712223884940088,2.403408424295026e-05,1.0365678124338273e-05,5.531463551070947e-10,3.0439772985579183,0.24579548477865695,0.0001263094860559657,3.904257174594634e-16,0.7528181612348702,1.8093295106741782e-05,5.797907054760275e-08,7.745491674969254e-06,0.06178055971235022,2.235002474296839e-11,3.9406859720252514e-10,0.0,0.0,0.0,0.0
320,0.24698560527302926,2.3851363467669074e-05,1.0518046409174057e-05,6.011848484331986e-10,3.0439772985579183,0.24565934540665302,0.00012826031095651078,3.878567791056025e-16,0.7529547147289197,1.7958996575694546e-05,5.831441733779647e-08,7.861298216187394e-06,0.061746401318257316,2.2302541078829727e-11,4.3036242497253817e-10,0.0,0.0,0.0,0.0
321,0.2471239606563366,2.451564640259573e-05,1.0224572728724087e-05,5.214681431493199e-10,3.0439772985579183,0.24579720035950048,0.0001245888462498421,4.0286031692135455e-16,0.7528160333871102,1.8455771680723098e-05,5.7549159225703406e-08,7.639673125490384e-06,0.06178099016408415,2.1093828095658486e-11,3.7147575096775436e-10,0.0,0.0,0.0,0.0
322,0.2471058226153725,2.4004793483048465e-05,1.02376866995505e-05,5.672712237311103e-10,3.0439772985579183,0.24577912790821144,0.00012476092802200293,3.939640711467622e-16,0.7528349092399925,1.8071646523135555e-05,5.913949379254704e-08,7.648148443491032e-06,0.061776455653843126,2.2020514701905364e-11,4.050410655301646e-10,0.0,0.0,0.0,0.0
323,0.2469597817169937,2.4591844749225566e-05,1.0457460452880348e-05,5.855186502472681e-10,3.0439772985579183,0.24563361528436425,0.00012753904941381806,4.0369229483894e-16,0.752979558123837,1.8517156392721868e-05,5.8663439221237156e-08,7.815590511686108e-06,0.061739945429248426,2.2912694795922768e-11,4.1797087974053065e-10,0.0,0.0,0.0,0.0
324,0.24717004621072086,2.394351784781386e-05,1.0381637779577998e-05,5.513499728112412e-10,3.0439772985579183,0.24584311928315009,0.00012647147735920315,3.8948656064249587e-16,0.7527704579691824,1.8023972895692133e-05,5.809307071310257e-08,7.756897155089993e-06,0.061792511552680215,2.139131724141936e-11,3.936486542929949e-10,0.0,0.0,0.0,0.0
325,0.24704754264644746,2.4336230071590833e-05,1.0239548027574203e-05,5.360366899991693e-10,3.0439772985579183,0.2457210587193919,0.00012482262628065862,4.0059974933932696e-16,0.7528926815488076,1.8322569517388753e-05,5.867698005040599e-08,7.65060379227774e-06,0.061761885661611865,2.1219290884209458e-11,3.82358810057812e-10,0.0,0.0,0.0,0.0
326,0.2469846344574009,2.4476485244284283e-05,1.0239345107699616e-05,5.512616699088928e-10,3.0439772985579183,0.24565837810341914,0.00012486234119414905,4.0373481630460355e-16,0.752955373926754,1.842970109952275e-05,5.862454115880043e-08,7.651145383174244e-06,0.061746158614350226,2.104670798397403e-11,3.940287288137632e-10,0.0,0.0,0.0,0.0
327,0.24709136678847124,2.4421338069283605e-05,1.0195016437394307e-05,5.347901744817727e-10,3.0439772985579183,0.24576472435893557,0.00012425049616867045,3.9832421309417567e-16,0.7528488333244234,1.838557587368149e-05,5.8688769682915244e-08,7.616617460932708e-06,0.06177284169711781,2.163950523066627e-11,3.809766537013012e-10,0.0,0.0,0.0,0.0
328,0.24698114768519497,2.468148025813545e-05,1.0390904037968811e-05,5.502401930179748e-10,3.0439772985579183,0.24565490394640618,0.00012671277256612532,4.0178974491334443e-16,0.7529582094204461,1.858412318101176e-05,5.934512240372995e-08,7.76457137628495e-06,0.06174528692129874,2.237508539913219e-11,3.919327850868428e-10,0.0,0.0,0.0,0.0
329,0.24703479889059793,2.4019624120203257e-05,1.0641161020190158e-05,6.10672518094161e-10,3.0439772985579183,0.24570836106008379,0.00012972720127336923,3.8914957454485585e-16,0.7529049935529075,1.8084494943364896e-05,5.753388113324978e-08,7.954249388168472e-06,0.06175869972264948,2.2176568397929742e-11,4.3760181990069227e-10,0.0,0.0,0.0,0.0
330,0.2470344859837552,2.4681233828954415e-05,1.0290783023642257e-05,5.620709382975238e-10,3.0439772985579183,0.2457080492851125,0.00012545589349123137,4.055392510847268e-16,0.7529051018527351,1.8582626869840094e-05,5.9204747733358004e-08,7.688778292826413e-06,0.0617586214959388,2.2565462496130356e-11,4.0062061455122914e-10,0.0,0.0,0.0,0.0
331,0.24709708418268456,2.4452537052885394e-05,1.0278153482336085e-05,5.434452014982898e-10,3.0439772985579183,0.24577042107657832,0.00012525982993134897,4.0404640405057325e-16,0.752842881614093,1.840891845766962e-05,5.92555487189851e-08,7.678579136594838e-06,0.06177427104567114,2.3161384010091863e-11,3.8596746748523193e-10,0.0,0.0,0.0,0.0
332,0.24688806728015145,2.4049895155381656e-05,1.0420072253275173e-05,5.365181122012829e-10,3.0439772985579183,0.24556216037149936,0.00012713223581894067,3.944691212448723e-16,0.7530521676679641,1.8110825678947425e-05,5.8638807230768595e-08,7.788219190354908e-06,0.06172201682003786,2.1377343768631288e-11,3.826487836176688e-10,0.0,0.0,0.0,0.0
333,0.24703695931078273,2.4375134361610802e-05,1.0378973089104144e-05,5.788835223133162e-10,3.0439772985579183,0.24571051366546345,0.00012652938830535207,3.9708458777776625e-16,0.7529028903452302,1.835210911341011e-05,5.861269349260909e-08,7.755746144109263e-06,0.06175923982769568,2.187619022328801e-11,4.139668868996353e-10,0.0,0.0,0.0,0.0
334,0.24700523827823764,2.4040598663342356e-05,1.043443586407696e-05,5.528635737587481e-10,3.0439772985579183,0.24567890738285653,0.0001272272910648931,3.917590666231026e-16,0.7529349874383116,1.8101007852593167e-05,5.6483996844075006e-08,7.799967839400579e-06,0.06175130956955941,2.0624310507639087e-11,3.956460174555039e-10,0.0,0.0,0.0,0.0
335,0.24700212122807738,2.4590326082964924e-05,1.038162033263502e-05,5.288235347487127e-10,3.0439772985579183,0.24567580160930866,0.00012658531254145734,4.0701610344696507e-16,0.7529373959036675,1.851497608532964e-05,5.863623954952001e-08,7.758073938965257e-06,0.061750530307019345,2.2429896560094735e-11,3.7574111858617366e-10,0.0,0.0,0.0,0.0
336,0.2471990654332645,2.3952712862992106e-05,1.0497447949299464e-05,5.509475593802453e-10,3.0439772985579183,0.24587203359688303,0.00012786231521282193,3.887725456069579e-16,0.7527411656957144,1.803019300206341e-05,5.818905770629532e-08,7.843672148479469e-06,0.061799766358316126,2.232072285494757e-11,3.924001852301471e-10,0.0,0.0,0.0,0.0
337,0.246999747953978,2.4130815821733442e-05,1.0286958462434919e-05,5.700863556345072e-10,3.0439772985579183,0.24567343692114124,0.00012543283152808722,3.96802068199576e-16,0.7529406744891709,1.8169072740789935e-05,5.8400411772561297e-08,7.68706903137527e-06,0.0617499369884945,2.186742775162577e-11,4.0737377737689343e-10,0.0,0.0,0.0,0.0
338,0.24692874798150957,2.434002387403822e-05,1.0106756726225892e-05,5.455761336463983e-10,3.0439772985579183,0.24560269384642472,0.00012328263504968217,4.0038586163020077e-16,0.7530117609758471,1.832832423958368e-05,5.896104515139773e-08,7.5515456350184485e-06,0.06173218699537739,2.2168625349747195e-11,3.886566197937213e-10,0.0,0.0,0.0,0.0
339,0.24695139110838105,2.445596565772138e-05,1.0307300873691788e-05,5.427585297344752e-10,3.0439772985579183,0.24562525503635232,0.0001257134678594302,4.0288872997328267e-16,0.7529884920741995,1.841506070282603e-05,5.8821292323971595e-08,7.702457649912287e-06,0.06173784777709526,2.190330411348337e-11,3.8678762275168865e-10,0.0,0.0,0.0,0.0
340,0.24722150484933517,2.414045958016307e-05,1.0622828521380977e-05,5.743967804439027e-10,3.0439772985579183,0.24589439189932774,0.00012937379322227913,3.9367958715466795e-16,0.75271816221318,1.81709623701619e-05,5.815005431552146e-08,7.93784590780412e-06,0.06180537621233379,2.1242615070262563e-11,4.111162738866393e-10,0.0,0.0,0.0,0.0
341,0.2469823885585145,2.4478522802683654e-05,1.028819674732091e-05,5.542147304970793e-10,3.0439772985579183,0.24565614033020808,0.00012545955218261131,4.0481459255909034e-16,0.7529575062221643,1.8431287485511068e-05,5.838577572619165e-08,7.688189190659543e-06,0.06174559713962863,2.1125559901156742e-11,3.961745814855129e-10,0.0,0.0,0.0,0.0
342,0.24688116596041848,2.4717007759428077e-05,1.0273400514288408e-05,5.510148562153627e-10,3.0439772985579183,0.2455552840304803,0.00012534727746670626,4.0693050513817924e-16,0.7530583950247172,1.8613350193128388e-05,5.756936681301951e-08,7.678901135923112e-06,0.06172029149010462,2.1703970342814304e-11,3.9324239291350204e-10,0.0,0.0,0.0,0.0
343,0.24697116608489453,2.4748326714619444e-05,1.0387089486414566e-05,5.156725923457699e-10,3.0439772985579183,0.24564495846063727,0.0001266730386713727,4.0656426929453186e-16,0.7529680983567015,1.8634700503817358e-05,5.816584190386264e-08,7.7629811761426e-06,0.06174279152122363,2.0006200650918096e-11,3.682788105823468e-10,0.0,0.0,0.0,0.0
344,0.24709068331795378,2.438269525774595e-05,1.0367404744359412e-05,5.628996356008189e-10,3.0439772985579183,0.24576404336017427,0.00012635186583770687,4.013035957923865e-16,0.7528491854560674,1.8356492264017555e-05,5.8078177704277415e-08,7.747014039380075e-06,0.061772670829488445,2.237404362659623e-11,4.014044885289975e-10,0.0,0.0,0.0,0.0
345,0.24711734818201442,2.4000450920252974e-05,1.0255880111672158e-05,5.638500346020728e-10,3.0439772985579183,0.24579061179626224,0.00012497489278168113,3.881388528771828e-16,0.7528233500504828,1.806809986450704e-05,5.7398422799190215e-08,7.663467600585964e-06,0.061779337045503604,1.9196377455567223e-11,4.0528309451964594e-10,0.0,0.0,0.0,0.0
346,0.24700032301123984,2.4391028218510974e-05,1.053610703692238e-05,5.712285827656417e-10,3.0439772985579183,0.24567400989797758,0.00012847023560822528,4.0134126109457586e-16,0.7529391449175799,1.8364959930506214e-05,5.822666666919082e-08,7.874820756471242e-06,0.06175008075280996,2.2710776338235836e-11,4.0738958432180737e-10,0.0,0.0,0.0,0.0
347,0.2470514774974273,2.4465652882975876e-05,1.0330524190653599e-05,5.453785166089357e-10,3.0439772985579183,0.24572497933774826,0.00012592891743000377,4.018367162310472e-16,0.7528883466262328,1.8419904948195035e-05,5.9144524500464545e-08,7.718586753183026e-06,0.06176286937435683,2.346129698699715e-11,3.8714783266817193e-10,0.0,0.0,0.0,0.0
348,0.24702100576534206,2.4040414546713786e-05,1.0529145046681024e-05,5.568233157949351e-10,3.0439772985579183,0.24569461782973495,0.00012837116283851847,3.9537866260298453e-16,0.7529190075511641,1.8100485061630313e-05,5.916061460772974e-08,7.868432824301603e-06,0.061755251441335514,2.2742157934281585e-11,3.9650070037538944e-10,0.0,0.0,0.0,0.0
349,0.24702279148073575,2.4267094159355717e-05,1.0556695011077068e-05,5.7258106479734e-10,3.0439772985579183,0.24569639708537394,0.00012870574690633475,3.915853140419336e-16,0.7529168183568682,1.8271103325228644e-05,5.7802664743582455e-08,7.890510555360387e-06,0.06175569787018394,2.2676975563556133e-11,4.0842893799504493e-10,0.0,0.0,0.0,0.0
350,0.24711317580595665,2.453359977568309e-05,1.0317232100400044e-05,5.673946696162349e-10,3.0439772985579183,0.24578645450807374,0.00012572517091713646,4.0609600455638196e-16,0.7528265808538812,1.8469546035165046e-05,5.9203861398510404e-08,7.707882704621562e-06,0.06177829395148916,2.1141896937363694e-11,4.0600789218454397e-10,0.0,0.0,0.0,0.0
351,0.24694537836273395,2.415972417257404e-05,1.0402548864411341e-05,5.664601269926658e-10,3.0439772985579183,0.2456192640478555,0.0001268793055237934,3.9612288669967486e-16,0.7529947351693383,1.819214510509165e-05,5.790421237596315e-08,7.775160314867556e-06,0.06173634459068349,2.0875999421869645e-11,4.0566549388696246e-10,0.0,0.0,0.0,0.0
352,0.24700506840961028,2.4481335897121683e-05,1.0271740595735075e-05,5.362454620409279e-10,3.0439772985579183,0.24567873812876265,0.00012524360944681843,4.0003475599282745e-16,0.7529348612084972,1.8432851245897914e-05,5.889232061216875e-08,7.675059259207306e-06,0.06175126710240257,2.0656423697714144e-11,3.8310147883775833e-10,0.0,0.0,0.0,0.0
353,0.24695995552761868,2.4238151162366777e-05,1.0458695265511805e-05,5.703241910845719e-10,3.0439772985579183,0.24563378846608294,0.00012755407972261134,3.9493068822994627e-16,0.7529799142235767,1.825084098317702e-05,5.82909052066693e-08,7.816896558708938e-06,0.06173998888190467,2.1828955999838702e-11,4.0761370448265303e-10,0.0,0.0,0.0,0.0
354,0.24706537440118198,2.482586693599556e-05,1.0472319185686395e-05,5.339686518684641e-10,3.0439772985579183,0.24573882597721802,0.00012764771336108824,4.128154396665975e-16,0.752873588309774,1.8690739523003953e-05,5.944086710162614e-08,7.82489165615138e-06,0.061766343600295495,2.2297711393702e-11,3.7971318358344105e-10,0.0,0.0,0.0,0.0
355,0.24704767609457579,2.4828336739240286e-05,1.0479407503746766e-05,5.592568094857698e-10,3.0439772985579183,0.24572119168482565,0.00012774626339391752,4.0566714811802663e-16,0.7528912653208034,1.869303786341761e-05,5.8222156741902335e-08,7.831632218566322e-06,0.061761919023643946,2.3849746216419347e-11,3.9720982071659736e-10,0.0,0.0,0.0,0.0
356,0.24692549422459445,2.4615331141367718e-05,1.0199443200115532e-05,5.4067489644723e-10,3.0439772985579183,0.24559945186422855,0.00012441530234658452,4.065055727081434e-16,0.7530143905474355,1.8535698577540322e-05,5.8592095182122665e-08,7.621735410076059e-06,0.06173137355614861,2.029939689207717e-11,3.868365807404315e-10,0.0,0.0,0.0,0.0
357,0.24698735973970004,2.4135319514736533e-05,1.0483203477978896e-05,5.393478571679657e-10,3.0439772985579183,0.2456610935257272,0.00012783416038147748,3.906938504134281e-16,0.7529526118491805,1.8172751866435368e-05,5.756105469487912e-08,7.835794384595744e-06,0.06174683993492501,2.086807304518637e-11,3.8523530470469216e-10,0.0,0.0,0.0,0.0
358,0.24718147605235533,2.4173055163938335e-05,1.039346520769461e-05,5.566292639704145e-10,3.0439772985579183,0.24585450780277657,0.00012660772212671144,3.951658347270646e-16,0.7527586567504513,1.8196476534760782e-05,5.811757469494404e-08,7.7656533340318e-06,0.06179536901308883,2.107413592919495e-11,3.9793336112516665e-10,0.0,0.0,0.0,0.0
359,0.24713579312970155,2.4236513659668544e-05,1.050369302758478e-05,5.67257325945627e-10,3.0439772985579183,0.24580899004751824,0.00012798181820312005,3.95413637826221e-16,0.752803991528161,1.8245344223725278e-05,5.775889561566299e-08,7.849463141336674e-06,0.06178394828242539,2.2122141797280594e-11,4.0491143739817845e-10,0.0,0.0,0.0,0.0
360,0.24712173151659725,2.420526727474235e-05,1.0450940887026925e-05,5.54841015908078e-10,3.0439772985579183,0.24579497928038804,0.00012734871432556124,4.0103386131778743e-16,0.7528182182527376,1.8222166182102834e-05,5.8270397662106295e-08,7.80938829997419e-06,0.06178043287914931,2.2001031273067554e-11,3.956933937363906e-10,0.0,0.0,0.0,0.0
361,0.2470339987255548,2.4326416176330455e-05,1.0426153005074862e-05,5.71768130216202e-10,3.0439772985579183,0.24570756378946387,0.00012710657306216677,4.008726870521746e-16,0.7529058175284155,1.8315500258776552e-05,5.78327362377079e-08,7.792078515724527e-06,0.0617584996813887,2.083766881988776e-11,4.096498826972353e-10,0.0,0.0,0.0,0.0
362,0.24700084605175657,2.407478514474622e-05,1.0611135987549799e-05,5.595427381069374e-10,3.0439772985579183,0.24567453104625755,0.00012938477726690304,3.943566862901372e-16,0.7529389287028292,1.8126842935636004e-05,5.826047953413039e-08,7.931276883251653e-06,0.06175021151293914,2.0931272051665333e-11,4.0037023774201987e-10,0.0,0.0,0.0,0.0
363,0.24704522516326224,2.4449671931261935e-05,1.0443197062102154e-05,5.497115152169209e-10,3.0439772985579183,0.24571874961880383,0.00012730663783631145,3.9972301638984794e-16,0.7528943680279131,1.840802029717726e-05,5.835650427549962e-08,7.804267747986861e-06,0.06176130629081556,2.1544344513996505e-11,3.923303593329136e-10,0.0,0.0,0.0,0.0
364,0.24695310990080696,2.447634218791195e-05,1.0359767664793468e-05,5.277910379730697e-10,3.0439772985579183,0.2456269676094136,0.0001263521886500402,3.9975351113246874e-16,0.7529866243029046,1.8430358279358592e-05,5.746296556124096e-08,7.743303516913978e-06,0.06173827747520174,2.2790030295444478e-11,3.746295617252234e-10,0.0,0.0,0.0,0.0
365,0.24701924199794464,2.417982446685587e-05,1.0373206746814288e-05,5.691992700790815e-10,3.0439772985579183,0.24569286044274066,0.00012647118881146333,3.953220814087309e-16,0.7529209133998261,1.8205495523432585e-05,5.938352713675878e-08,7.750820771559894e-06,0.06175481049948616,2.4017057112658447e-11,4.045449772217979e-10,0.0,0.0,0.0,0.0
366,0.24720129873805652,2.437775089457296e-05,1.0390791196682935e-05,5.501200461747759e-10,3.0439772985579183,0.24587425882844163,0.00012656161546051732,3.997723755775797e-16,0.7527385335732159,1.8350072460194002e-05,5.869996487533107e-08,7.762848963181262e-06,0.06180032468451413,2.219622396599809e-11,3.9190033288083255e-10,0.0,0.0,0.0,0.0
367,0.24684402923138699,2.526479139740811e-05,1.0247924411574584e-05,5.095943717193973e-10,3.0439772985579183,0.24551828172616189,0.00012506129016121915,4.191849240007406e-16,0.7530947615451747,1.9026782052919643e-05,5.9518288845614084e-08,7.658139902222123e-06,0.061711007307846746,2.2654008180506734e-11,3.611188436742759e-10,0.0,0.0,0.0,0.0
368,0.24694245177059973,2.4545791089110746e-05,1.0233228669517847e-05,5.494795620417557e-10,3.0439772985579183,0.24561634804579552,0.00012481604792131162,4.061178271691069e-16,0.7529974627122643,1.84829184103657e-05,5.8413013687094964e-08,7.647182209814245e-06,0.06173561294264993,2.2641384737853213e-11,3.91115331291835e-10,0.0,0.0,0.0,0.0
369,0.24683364109826408,2.4406524103973386e-05,1.062292112675485e-05,5.793303132260642e-10,3.0439772985579183,0.2455079311987226,0.000129644910455385,3.966873035932431e-16,0.7531055939256711,1.8380689830984084e-05,5.7703402378387656e-08,7.942477922011883e-06,0.06170841027456602,2.3453241953262477e-11,4.128436576679977e-10,0.0,0.0,0.0,0.0
370,0.24686157723501728,2.4432507819572254e-05,1.0388125956665207e-05,5.45366526273017e-10,3.0439772985579183,0.24553576620841816,0.00012676044252262476,4.0086820271785215e-16,0.7530781515039826,1.8399587825370073e-05,5.823984212704858e-08,7.764830850908927e-06,0.06171539430875432,2.1145710744138873e-11,3.8955790475369293e-10,0.0,0.0,0.0,0.0
371,0.24700125926788763,2.4388808595057293e-05,1.0340446662696363e-05,5.29770035267766e-10,3.0439772985579183,0.24567494276747323,0.00012608392390133378,4.013831573641187e-16,0.7529386542221468,1.8363276721643965e-05,5.9000834268291366e-08,7.726721159998197e-06,0.06175031481697191,2.231303856601007e-11,3.765712988357209e-10,0.0,0.0,0.0,0.0
372,0.24686364694149018,2.4715407466422805e-05,1.0399349712416513e-05,5.337011981850351e-10,3.0439772985579183,0.24553782842312508,0.00012689591099673944,4.0380865783789446e-16,0.7530756306140843,1.8612571063660404e-05,5.8231355058322504e-08,7.773265487596139e-06,0.061715911735372546,2.064849208780456e-11,3.812688742948832e-10,0.0,0.0,0.0,0.0
373,0.24698169235142362,2.4071200527933075e-05,1.0329194591304095e-05,5.73527463295335e-10,3.0439772985579183,0.24565544664201305,0.00012596005955251786,3.963584562690306e-16,0.7529587230149966,1.8124620410950398e-05,5.936593534938749e-08,7.718091233892353e-06,0.061745423087855904,2.3359784521747353e-11,4.0848272185513837e-10,0.0,0.0,0.0,0.0
374,0.24698722619357036,2.4464237134471088e-05,1.0321529286031492e-05,5.679376895755944e-10,3.0439772985579183,0.24566096046276104,0.00012586274339405513,4.0597113680584467e-16,0.7529526151246136,1.842041132742869e-05,5.916673596727272e-08,7.712455732035426e-06,0.06174680654839259,2.3797170998529744e-11,4.0383299759524504e-10,0.0,0.0,0.0,0.0
375,0.24685122688939537,2.4621617173857332e-05,1.0410608805817002e-05,5.238683903857976e-10,3.0439772985579183,0.245525453329103,0.00012704180386651127,4.0329392987243796e-16,0.7530881655347422,1.854224850995892e-05,5.892194678857383e-08,7.781184340883985e-06,0.06171280672234884,2.1472332876533126e-11,3.730467522207454e-10,0.0,0.0,0.0,0.0
376,0.2470960010343903,2.4455079249041935e-05,1.0313153841166087e-05,5.528429301513941e-10,3.0439772985579183,0.24576934184538124,0.00012568709713515762,4.0014498239394245e-16,0.7528438817559346,1.8410856790497736e-05,5.974337198075936e-08,7.704451398948845e-06,0.061774000258597576,2.1591005255451347e-11,3.9461341228104917e-10,0.0,0.0,0.0,0.0
377,0.24703203349445918,2.4428504243376045e-05,1.0319610130520707e-05,5.651338358156116e-10,3.0439772985579183,0.24570560566720334,0.0001258090389024502,4.0387643432857935e-16,0.752907869555524,1.8392413086308337e-05,5.903350438515443e-08,7.710682173628794e-06,0.061758008373614795,2.3420006838653076e-11,4.020737054990204e-10,0.0,0.0,0.0,0.0
378,0.24702231311481468,2.473932536212624e-05,1.0193561288379504e-05,5.308961242653936e-10,3.0439772985579183,0.24569592044991825,0.00012427880909379095,4.0842210738400634e-16,0.7529174060222653,1.8626668678392928e-05,5.8570376804365133e-08,7.616339346571312e-06,0.06175557827870367,2.078041876496214e-11,3.789405139842123e-10,0.0,0.0,0.0,0.0
379,0.24689975482263074,2.3747783498968722e-05,1.0559643940522443e-05,5.74211013900703e-10,3.0439772985579183,0.24557380561350015,0.00012882703478338877,3.913555044904281e-16,0.7530406205384688,1.7883045622476616e-05,5.9108252652322946e-08,7.89273257298398e-06,0.061724938705657685,2.1967200616048647e-11,4.1043701761176004e-10,0.0,0.0,0.0,0.0
380,0.24692667254222306,2.4457228791078215e-05,1.0411234281566619e-05,5.61650860548315e-10,3.0439772985579183,0.24560062591773546,0.00012699793646004206,3.990638189180539e-16,0.7530129718944362,1.8416610536271975e-05,5.758309850467146e-08,7.782211368947043e-06,0.061731668135555764,2.1626947707399657e-11,4.013034359611545e-10,0.0,0.0,0.0,0.0
381,0.2469541076740839,2.406904094971008e-05,1.0427129503494346e-05,5.435716517835608e-10,3.0439772985579183,0.24562796177231702,0.00012717315819995879,3.9411932978245233e-16,0.7529860877061407,1.8123652979561087e-05,5.861628966215751e-08,7.792867161179324e-06,0.061738526918520976,2.0539512490620312e-11,3.8876237897384777e-10,0.0,0.0,0.0,0.0
382,0.24706774592803002,2.4395926362735906e-05,1.0296545598181612e-05,5.450338677587587e-10,3.0439772985579183,0.24574118892666688,0.00012550377287200875,4.0188181575559997e-16,0.7528722612180414,1.836701624522181e-05,5.902838228444999e-08,7.692955184953211e-06,0.061766936482007505,2.1701214597487675e-11,3.886396658624639e-10,0.0,0.0,0.0,0.0
383,0.24694537066468378,2.41446041794879e-05,1.0503728691687793e-05,5.744524620264015e-10,3.0439772985579183,0.24561925637766113,0.000128113360492426,3.9186861951244205e-16,0.752994537047986,1.818075504634036e-05,5.721357002910608e-08,7.852036753445992e-06,0.061736342666170944,2.202978296076256e-11,4.1052978273888344e-10,0.0,0.0,0.0,0.0
384,0.24709393530220528,2.4656584231079817e-05,1.0376609439942261e-05,5.542853056117979e-10,3.0439772985579183,0.24576728358375544,0.00012646176392963021,4.028817221020938e-16,0.7528455006302299,1.8562598499278718e-05,5.812734636742265e-08,7.753856382290279e-06,0.06177348382555132,2.1743707421942428e-11,3.955474909733516e-10,0.0,0.0,0.0,0.0
385,0.24702176735310727,2.3999662265952878e-05,1.0392764269218356e-05,5.421624414295289e-10,3.0439772985579183,0.24569537666248106,0.0001267079540160369,3.9007517410751857e-16,0.7529186154890949,1.8069792485487114e-05,5.902731554004735e-08,7.765878369144373e-06,0.06175544183827682,2.1511302388467232e-11,3.866928923828412e-10,0.0,0.0,0.0,0.0
386,0.2469906845452091,2.4535566035643664e-05,1.0585357576227213e-05,5.653863391278686e-10,3.0439772985579183,0.24566440630233083,0.00012907739632638524,4.052232484686514e-16,0.7529484537576199,1.8474016508605873e-05,5.833686546733296e-08,7.911891754024454e-06,0.06174767113630227,2.0349087452804647e-11,4.053576823692053e-10,0.0,0.0,0.0,0.0
387,0.24708136281600562,2.424126726227608e-05,1.0601465839106555e-05,5.685223328598254e-10,3.0439772985579183,0.24575475656627907,0.0001292108848174157,3.979418599622067e-16,0.7528581895152234,1.8250236582631825e-05,5.6574428553473435e-08,7.924825949283777e-06,0.061770340704001406,2.1460833973455056e-11,4.0655586024236434e-10,0.0,0.0,0.0,0.0
388,0.24704478047491918,2.4576011405061418e-05,1.0143355899869186e-05,5.406555008018106e-10,3.0439772985579183,0.24571830653895724,0.00012365183292629604,4.066405171368319e-16,0.7528952996954426,1.850316347213233e-05,5.953597720857203e-08,7.577349002940974e-06,0.061761195118729795,2.144215335262771e-11,3.856148319555411e-10,0.0,0.0,0.0,0.0
389,0.24707683164034486,2.4838143086519e-05,9.972676188258412e-06,5.554385418731625e-10,3.0439772985579183,0.2457502417782836,0.00012155022831838647,4.1031001288558984e-16,0.7528632418002976,1.8699724924416345e-05,5.947134560750065e-08,7.448589978909363e-06,0.061769207910086214,2.2143990142156953e-11,3.9602527111330254e-10,0.0,0.0,0.0,0.0
390,0.24698734536200423,2.4219355443981763e-05,1.0335305580241712e-05,5.383670778524915e-10,3.0439772985579183,0.2456610792000492,0.0001260307100001972,3.976742911027872e-16,0.7529528337445954,1.8236032313013664e-05,5.8703683820545945e-08,7.723293940438782e-06,0.06174683634050106,2.1659070905367843e-11,3.837059459584628e-10,0.0,0.0,0.0,0.0
391,0.24702013924559138,2.4292401438955185e-05,1.0484528692918651e-05,5.558975715904672e-10,3.0439772985579183,0.24569375444460145,0.00012782774918784895,3.989136887387326e-16,0.7529195953548138,1.8290225061614835e-05,5.789960385461956e-08,7.836107497103625e-06,0.061755034811397845,2.2345129130515205e-11,3.96201045530103e-10,0.0,0.0,0.0,0.0
392,0.24699812968769197,2.4374804332001384e-05,1.0495170662679093e-05,5.630936194739545e-10,3.0439772985579183,0.24567182450939737,0.0001279726138687417,3.9805873584913617e-16,0.7529414549976357,1.8352800639019794e-05,5.903618854444572e-08,7.84321288066165e-06,0.06174953242192299,2.106586020964547e-11,4.0291066893695876e-10,0.0,0.0,0.0,0.0
393,0.24709308887653633,2.452777370918221e-05,1.0306780720628767e-05,5.609763187240437e-10,3.0439772985579183,0.24576644021913643,0.00012561137786311108,4.063492893001601e-16,0.752846698584377,1.8465653460582506e-05,5.891825936379326e-08,7.70050757919468e-06,0.06177327221913408,2.1947975823654587e-11,4.0038119371175896e-10,0.0,0.0,0.0,0.0
394,0.24686651451228386,2.4450009237116248e-05,1.0268878800675704e-05,5.520141765342744e-10,3.0439772985579183,0.24554068561420483,0.0001253020496443441,4.0138538437475017e-16,0.7530734576132344,1.8412652994870652e-05,5.980018909496325e-08,7.673419875141133e-06,0.061716628628070966,2.1373468957135622e-11,3.9433375561705275e-10,0.0,0.0,0.0,0.0
395,0.24693350126840222,2.4198924906273573e-05,1.0349616556530083e-05,5.675040944735229e-10,3.0439772985579183,0.24560742993235904,0.00012624176595067889,3.9750975484372815e-16,0.7530066718471449,1.8221951905952046e-05,5.8628395299353306e-08,7.734701922827473e-06,0.061733375317100554,2.2287745359291765e-11,4.0504662407984343e-10,0.0,0.0,0.0,0.0
396,0.24696186037405535,2.3710389744060337e-05,1.0478341518132671e-05,5.704336030786788e-10,3.0439772985579183,0.24563568642016223,0.00012779250350517993,3.877418592588041e-16,0.7529787598753858,1.785341986564462e-05,5.821186057789004e-08,7.831756741296415e-06,0.06174046509351384,2.283905513961641e-11,4.066853318978152e-10,0.0,0.0,0.0,0.0
397,0.24697993827986198,2.439677031296927e-05,1.0289806189864008e-05,5.466522165000235e-10,3.0439772985579183,0.24565369891675976,0.00012548085164778203,3.997796765947212e-16,0.7529600758127425,1.8369794024439406e-05,5.856275317504387e-08,7.689250495643387e-06,0.061744984569965494,2.198115851498261e-11,3.896261358640788e-10,0.0,0.0,0.0,0.0
398,0.24715640567354386,2.418482283158632e-05,1.0135807055061183e-05,5.317637832399115e-10,3.0439772985579183,0.2458295280626807,0.0001234857950053428,3.917930834180328e-16,0.7527842893877076,1.8205954669243312e-05,5.93794388416746e-08,7.570696872473472e-06,0.061789101418385964,2.186181106043452e-11,3.784416106279412e-10,0.0,0.0,0.0,0.0
399,0.24688501656626405,2.4035667995886513e-05,1.0447835067210276e-05,5.539340244383343e-10,3.0439772985579183,0.24555912069931646,0.00012747304624160426,3.9479790538759685e-16,0.7530551767581136,1.8100184211141654e-05,5.864495155990394e-08,7.809151331717747e-06,0.06172125414156601,2.1177257363554146e-11,3.9596562732218894e-10,0.0,0.0,0.0,0.0
400,0.24703409253117697,2.472054158236538e-05,1.0291535677458451e-05,5.349347239161276e-10,3.0439772985579183,0.2457076572557641,0.00012546532443097482,4.128382100179571e-16,0.7529054345315586,1.861223010192627e-05,5.848650972452141e-08,7.690066631509371e-06,0.061758523132794244,2.090526992907953e-11,3.8184999082701175e-10,0.0,0.0,0.0,0.0
401,0.24681383303781101,2.4618027124602176e-05,1.0457922979618866e-05,5.662508510910786e-10,3.0439772985579183,0.24548819484892184,0.0001276448390590997,4.0075783918380203e-16,0.753125454668893,1.8540462871267155e-05,5.8895551170038654e-08,7.817232447747684e-06,0.061703458259452754,2.244876493920877e-11,4.040091647454074e-10,0.0,0.0,0.0,0.0
402,0.24698602388701302,2.448378262707935e-05,1.0283343677488757e-05,5.403534331080961e-10,3.0439772985579183,0.24565976250610266,0.00012539792075437698,4.032466357139396e-16,0.7529538742982507,1.84351589865356e-05,5.903167686934287e-08,7.683851785836237e-06,0.061746505971753254,2.1049151988530917e-11,3.8581205896057064e-10,0.0,0.0,0.0,0.0
403,0.24710438915855593,2.4765785186541658e-05,1.046878943195569e-05,5.496078744495574e-10,3.0439772985579183,0.2457776996351731,0.00012757794739486853,4.092183848245688e-16,0.7528346750599921,1.8644541843515656e-05,5.894153483896495e-08,7.822326155438876e-06,0.06177609728963898,2.3024244569937955e-11,3.9073962100170755e-10,0.0,0.0,0.0,0.0
404,0.24687748327393289,2.3689770086576467e-05,1.0562606464029647e-05,5.780318444125702e-10,3.0439772985579183,0.24555161467342834,0.0001288786275622912,3.8150992447452676e-16,0.7530629709799549,1.7839888643229338e-05,5.838489070311535e-08,7.895922914391127e-06,0.06171937081848322,2.2510690757470492e-11,4.1278368731688267e-10,0.0,0.0,0.0,0.0
405,0.2468657849626225,2.453997599987423e-05,1.0408738048033742e-05,5.361220394199741e-10,3.0439772985579183,0.24553995870527512,0.00012700905064580223,4.008458058463755e-16,0.7530737357483116,1.8480411401399193e-05,5.792920978405614e-08,7.780618036474303e-06,0.06171644624065562,2.2145597792580175e-11,3.8159382925042327e-10,0.0,0.0,0.0,0.0
406,0.24704916070311908,2.4372398290790075e-05,1.032979356236215e-05,5.667235092948066e-10,3.0439772985579183,0.24572267092341588,0.0001259216031401186,3.98508273301097e-16,0.7528908051828429,1.8349754573389883e-05,5.899655389525899e-08,7.718210038644127e-06,0.06176229017577977,2.0613836078064584e-11,4.0606708315094875e-10,0.0,0.0,0.0,0.0
407,0.24696535459752947,2.4454709818863897e-05,1.0576720146139256e-05,5.850904776578884e-10,3.0439772985579183,0.245639168000527,0.00012898966289386977,4.010791080533788e-16,0.7529739228192704,1.841375878371688e-05,5.879855551623757e-08,7.905195903483846e-06,0.06174133864938237,2.1642780659464038e-11,4.1891509150679694e-10,0.0,0.0,0.0,0.0
408,0.24701989908484465,2.4227689847195393e-05,1.0259907326375446e-05,5.507185368052475e-10,3.0439772985579183,0.2456935151526331,0.00012508941943695616,3.999889382319862e-16,0.7529204402866355,1.8241522906878405e-05,5.774779752381222e-08,7.667146143950867e-06,0.06175497477121116,2.155265573407022e-11,3.9309458747134843e-10,0.0,0.0,0.0,0.0
409,0.24715347058615683,2.400549379256456e-05,1.0613221529477222e-05,5.919490147736596e-10,3.0439772985579183,0.24582660358730704,0.00012930409557145524,3.903275634732498e-16,0.7527864158099656,1.8071009631853055e-05,5.811890401290376e-08,7.931370091359415e-06,0.06178836764653921,2.2467765191083368e-11,4.2314341198262024e-10,0.0,0.0,0.0,0.0
410,0.246995916521167,2.437408224534835e-05,1.0300759200284487e-05,5.285851700879811e-10,3.0439772985579183,0.2456696193496969,0.000125603630388113,4.0350512763468736e-16,0.7529441083634172,1.835232162340041e-05,5.786127273977711e-08,7.698034678784692e-06,0.06174897913029175,2.1459152615683084e-11,3.765359369703371e-10,0.0,0.0,0.0,0.0
411,0.2470094660527089,2.4568175707474455e-05,1.032493377466066e-05,5.481829126578284e-10,3.0439772985579183,0.2456831198626473,0.00012588917679804687,4.0859027487328093e-16,0.7529302129524462,1.8498121767281857e-05,6.011002340447162e-08,7.713844562270685e-06,0.061752366513177226,2.310167161068291e-11,3.8964180555366806e-10,0.0,0.0,0.0,0.0
412,0.24692786139198566,2.408872868981175e-05,1.0578685216260198e-05,5.656283316910617e-10,3.0439772985579183,0.24560181046528243,0.00012903973560322596,3.8777338345438135e-16,0.7530119597971249,1.8139100799736373e-05,5.7578209822454425e-08,7.90829827695051e-06,0.061731965347996416,2.1056765245505215e-11,4.048681333179594e-10,0.0,0.0,0.0,0.0
413,0.24702812570205468,2.4492808643417627e-05,1.0512126402023158e-05,5.490517506699365e-10,3.0439772985579183,0.24570171201062863,0.00012815865658363736,4.036999755851792e-16,0.7529112454892141,1.8440911061244553e-05,5.88262276621425e-08,7.855871954425164e-06,0.06175703142551367,2.2198283111585685e-11,3.911889543233496e-10,0.0,0.0,0.0,0.0
414,0.24703810360530515,2.4475537174395015e-05,1.0353390068239577e-05,5.563182251042982e-10,3.0439772985579183,0.2457116538208,0.00012621671525781114,4.0438214875371695e-16,0.7529016528661069,1.842767239338785e-05,5.898547557958401e-08,7.736099019565529e-06,0.06175952590132629,2.2298800642543384e-11,3.965541105580216e-10,0.0,0.0,0.0,0.0
415,0.24713335973746875,2.4191390704122303e-05,1.0334144145937448e-05,5.745810777948387e-10,3.0439772985579183,0.24580656545408902,0.00012591767900133245,3.964490967426195e-16,0.7528068755015547,1.8211445250007666e-05,5.889022890940105e-08,7.72072453657645e-06,0.06178333993436719,2.1081102734970033e-11,4.114674831620782e-10,0.0,0.0,0.0,0.0
416,0.2468238564897759,2.453198995720057e-05,1.0291513144659104e-05,5.268881963665054e-10,3.0439772985579183,0.24549818201252405,0.00012560702491484302,4.0683332735932533e-16,0.7531159377612557,1.8475432621766815e-05,6.004424318614178e-08,7.690658329736088e-06,0.061705964122443974,2.157535309319697e-11,3.752325450087004e-10,0.0,0.0,0.0,0.0
417,0.24685455052261254,2.41568687297066e-05,1.0399784206463328e-05,5.388548586111842e-10,3.0439772985579183,0.24552876493122633,0.00012690756340187834,3.943204180437925e-16,0.7530855664779293,1.8192189171644073e-05,5.8113169375355686e-08,7.773814210997303e-06,0.061713637630653136,2.1602091209731732e-11,3.842017252368564e-10,0.0,0.0,0.0,0.0
418,0.24709305166825685,2.499186049810227e-05,1.018072919936848e-05,5.169702976418945e-10,3.0439772985579183,0.24576640314541878,0.00012407511228696423,4.176043417080802e-16,0.7528463219748879,1.8815030255305784e-05,5.954754329592278e-08,7.604976989470983e-06,0.06177326291706421,2.0713918879974816e-11,3.684852682699885e-10,0.0,0.0,0.0,0.0
419,0.2469146262675738,2.4300712412209877e-05,1.0443030057908504e-05,5.368705556796257e-10,3.0439772985579183,0.24558862323733938,0.00012739406685862025,3.913386278971587e-16,0.753025181213601,1.8299048367823946e-05,5.763709401696097e-08,7.806227507758671e-06,0.06172865656689345,2.1137474934130645e-11,3.8313957254476613e-10,0.0,0.0,0.0,0.0
420,0.24716738021276477,2.3769029629868805e-05,1.043045540040017e-05,5.860868380971134e-10,3.0439772985579183,0.2458404629237738,0.000127068030989139,3.8682005356593965e-16,0.7527732760157085,1.7892690302190786e-05,5.872210674359685e-08,7.793045975351377e-06,0.06179184505319119,2.2954884524596743e-11,4.182356246194554e-10,0.0,0.0,0.0,0.0
421,0.24699908495038192,2.4175243101959178e-05,1.0540788395653311e-05,5.563992755482999e-10,3.0439772985579183,0.24567277631614617,0.0001285282261892415,3.9898731384702367e-16,0.7529406973042349,1.8202524398688538e-05,5.7552562848770746e-08,7.87903600191082e-06,0.06174977123759548,2.1284211752129095e-11,3.9765144675877897e-10,0.0,0.0,0.0,0.0
422,0.24735075598852405,2.400662895917462e-05,1.0448467181104367e-05,5.848630182363184e-10,3.0439772985579183,0.24602317596296763,0.00012716204293628143,3.9303783721578896e-16,0.752589516436846,1.806713727966401e-05,5.892063685362353e-08,7.804486226479967e-06,0.06183768899713101,2.2077925090194518e-11,4.180838509860706e-10,0.0,0.0,0.0,0.0
423,0.2471939307152262,2.4381372614874054e-05,1.0354736426649028e-05,5.581583604452674e-10,3.0439772985579183,0.24586691744074368,0.00012612746865980014,4.0170413168760836e-16,0.7527459769265036,1.835298014779247e-05,5.897693349567479e-08,7.7355092537987e-06,0.06179848267880655,2.2843106506163002e-11,3.9730835380690535e-10,0.0,0.0,0.0,0.0
424,0.2470520191524418,2.4367297626656206e-05,1.0211689055923372e-05,5.354796964133916e-10,3.0439772985579183,0.24572551903357695,0.00012448002552080582,4.007530490039064e-16,0.7528882215431348,1.8345851373945442e-05,5.96517254601893e-08,7.628608686805453e-06,0.06176300478811045,2.2714922756543094e-11,3.8044143354859303e-10,0.0,0.0,0.0,0.0
425,0.2470484996710641,2.409125754393425e-05,1.0404358297720346e-05,5.433782065778994e-10,3.0439772985579183,0.2457220122823652,0.00012683105118258743,3.945211321674448e-16,0.752891721184465,1.8138108357750884e-05,5.884024667581025e-08,7.77451497991473e-06,0.061762124917766024,2.232961855172589e-11,3.867753346528366e-10,0.0,0.0,0.0,0.0
426,0.2469981778873826,2.4590546828004908e-05,1.021684805306423e-05,5.270775385983661e-10,3.0439772985579183,0.24567187253471126,0.00012457891175571414,4.076048588172307e-16,0.752941710766308,1.8515248397357023e-05,5.872818037912068e-08,7.633962871334485e-06,0.06174954447184565,2.0935976701284212e-11,3.759226869174643e-10,0.0,0.0,0.0,0.0
427,0.24695294658422107,2.4651554607719614e-05,1.0404943469679534e-05,5.347839182076662e-10,3.0439772985579183,0.24562680488377886,0.0001269032220011203,4.059636424869898e-16,0.7529864216834,1.8562285892999724e-05,5.835301014841793e-08,7.776428140903635e-06,0.06173823664605527,2.0612006776916735e-11,3.8207302216810187e-10,0.0,0.0,0.0,0.0
428,0.2468474012729831,2.4312914571836307e-05,1.0227468526512923e-05,5.150975322149168e-10,3.0439772985579183,0.2455216415610888,0.00012480963674099885,3.9871674725899446e-16,0.7530928695471862,1.8309882601959803e-05,5.856868423165636e-08,7.643664936603492e-06,0.061711850318245776,2.066003572748267e-11,3.6725624290492326e-10,0.0,0.0,0.0,0.0
429,0.2470319563467686,2.463310680931542e-05,1.0307107108589293e-05,5.674972644609301e-10,3.0439772985579183,0.24570552879858043,0.00012565661673747297,4.05054075783194e-16,0.7529076668541234,1.8546454975170093e-05,5.735473019723404e-08,7.70294523494628e-06,0.06175798908669215,2.213680199900181e-11,4.0513623933237447e-10,0.0,0.0,0.0,0.0
430,0.24705065412220872,2.450423999914169e-05,1.0357018543363753e-05,5.399411015245118e-10,3.0439772985579183,0.2457241589407156,0.0001262524222112597,4.03949787526979e-16,0.7528890520281635,1.844897402362439e-05,5.9072173240380393e-08,7.738613699710866e-06,0.06176266353055218,2.0802069283108947e-11,3.8571367479472307e-10,0.0,0.0,0.0,0.0
431,0.2469743716335187,2.4579543475079033e-05,1.0549263361876664e-05,5.691481242696678e-10,3.0439772985579183,0.24564815241107837,0.00012864855119351616,4.0200689013908265e-16,0.752964780635853,1.8507530560842297e-05,5.80022274699863e-08,7.885221545675317e-06,0.06174359290837968,2.3384148195675146e-11,4.051643443443425e-10,0.0,0.0,0.0,0.0
432,0.24699624954081909,2.4007701967465254e-05,1.0405362032636782e-05,5.503428230947902e-10,3.0439772985579183,0.2456699511645414,0.000126878944411568,3.941152085925296e-16,0.7529440906779762,1.8076457327160985e-05,5.899053273366225e-08,7.775665321105178e-06,0.06174906238520477,2.1340375972595246e-11,3.930370005236619e-10,0.0,0.0,0.0,0.0
433,0.24689368786102653,2.4576711390347004e-05,1.0310842002539113e-05,5.671795164765133e-10,3.0439772985579183,0.2455677606096811,0.00012579565563816024,4.048349817437781e-16,0.7530460007473891,1.8507394224023618e-05,5.833481039556107e-08,7.706203523954719e-06,0.06172342196525663,2.3620968175521226e-11,4.03491298412955e-10,0.0,0.0,0.0,0.0
434,0.247008684698252,2.4926738881838097e-05,1.0375920792429744e-05,5.58230650810472e-10,3.0439772985579183,0.2456823413348516,0.00012651126935977425,4.104960124762656e-16,0.7529303391286393,1.8768097959673397e-05,5.8097081238358694e-08,7.754248479777668e-06,0.061752171174563,2.238533651265625e-11,3.9792345671407347e-10,0.0,0.0,0.0,0.0
435,0.24705944319674947,2.4301073927182877e-05,1.0366227458752978e-05,5.538434446266201e-10,3.0439772985579183,0.245732916225268,0.0001263587566767958,3.981602112767975e-16,0.7528805486812594,1.829580587184129e-05,5.868441873825661e-08,7.745846598162423e-06,0.06176486079918737,2.1270927079804867e-11,3.9570702939420366e-10,0.0,0.0,0.0,0.0
436,0.24678803820896567,2.4757437541606235e-05,1.031733840813019e-05,5.45349917358674e-10,3.0439772985579183,0.24546249341284274,0.0001259464188009317,4.1034082985017197e-16,0.7531513551700909,1.864609763499962e-05,5.88118584048524e-08,7.711705545426829e-06,0.061697009552241416,2.284134161282651e-11,3.878896876877559e-10,0.0,0.0,0.0,0.0
437,0.24692845110374562,2.4680032567704394e-05,1.0271339330875829e-05,5.525690097090659e-10,3.0439772985579183,0.24560239804299794,0.00012529027341438324,4.05000000889534e-16,0.7530111740048125,1.8584340298284093e-05,5.8199280096422645e-08,7.676234008048191e-06,0.061732112775936404,2.1523710087283155e-11,3.9456692863241726e-10,0.0,0.0,0.0,0.0
438,0.24716403807414525,2.476288696769961e-05,1.0247351837828103e-05,5.223278794691753e-10,3.0439772985579183,0.24583713286837816,0.0001248394520085714,4.11635557620437e-16,0.7527755355168368,1.8640895498052974e-05,5.9012165461710495e-08,7.654943601888783e-06,0.06179100951853631,2.1285912734253595e-11,3.7190973644852867e-10,0.0,0.0,0.0,0.0
439,0.24703361261007925,2.416865383926208e-05,1.0403374228235513e-05,5.608143897707687e-10,3.0439772985579183,0.24570717907068043,0.0001268291860243995,3.911566139441768e-16,0.7529064926590928,1.819673639441053e-05,5.714697940213005e-08,7.775621022598666e-06,0.06175840315251981,2.076988512605541e-11,4.014709101090034e-10,0.0,0.0,0.0,0.0
440,0.24706061848695918,2.4243657792205323e-05,1.051365568355746e-05,5.615198821769225e-10,3.0439772985579183,0.24573408726454884,0.00012815497606011983,4.0049402307352203e-16,0.7528791269318349,1.825254391222972e-05,5.834910057332478e-08,7.85716281132534e-06,0.061765154621739794,2.2536550309735285e-11,4.0022004833849287e-10,0.0,0.0,0.0,0.0
441,0.24674334336073434,2.488710027803628e-05,1.0361891888550411e-05,5.567198619109614e-10,3.0439772985579183,0.24541796040917957,0.00012652066443068674,4.117818513105237e-16,0.7531957503905322,1.8744858168959958e-05,5.869010947635623e-08,7.74584282698594e-06,0.061685835840183584,2.2204691730016965e-11,3.9711434241932305e-10,0.0,0.0,0.0,0.0
442,0.24698287027007354,2.4078723350832648e-05,1.0494121582917668e-05,5.683749647307596e-10,3.0439772985579183,0.2456566202989258,0.0001279703971291545,3.9179242672429454e-16,0.7529571613694854,1.8130247183644095e-05,5.742840978613921e-08,7.8441955883538e-06,0.061745717567518385,2.1537390295945254e-11,4.0642460974120894e-10,0.0,0.0,0.0,0.0
443,0.24692843130720363,2.4500961157941153e-05,1.0126994191419544e-05,5.27299519947004e-10,3.0439772985579183,0.24560237831809542,0.00012352965560918013,4.0216350672935125e-16,0.7530117896517284,1.8449512609728752e-05,5.9284028582044135e-08,7.566461991291446e-06,0.06173210782680091,2.0379246925329007e-11,3.766835082724618e-10,0.0,0.0,0.0,0.0
444,0.2470298771274244,2.451451238420866e-05,1.0213232078905283e-05,5.104595887675877e-10,3.0439772985579183,0.24570345710046332,0.000124513618370044,4.0111030639295256e-16,0.7529101367962815,1.845722487268868e-05,5.993837502790545e-08,7.629707586632842e-06,0.0617574692818561,2.1112652123712643e-11,3.6321754668426534e-10,0.0,0.0,0.0,0.0
445,0.24695755652687393,2.3777942444575996e-05,1.0688199339837739e-05,5.678875208075937e-10,3.0439772985579183,0.2456313981457809,0.00013035481951827668,3.8184012897828405e-16,0.752982487652218,1.7904374253168095e-05,5.6823407658092394e-08,7.991203519775723e-06,0.06173938913171848,2.1435077308440028e-11,4.0617428081591255e-10,0.0,0.0,0.0,0.0
446,0.24712900822184114,2.442742168693001e-05,1.0423066697859438e-05,5.436543370361504e-10,3.0439772985579183,0.24580222967313872,0.00012700404356115984,4.0684972628926436e-16,0.7528106706800286,1.8389223703121656e-05,5.907297722628664e-08,7.787522854131949e-06,0.061782252055460285,2.2622032000424772e-11,3.8664675408186594e-10,0.0,0.0,0.0,0.0
447,0.2469842440103795,2.466185888825037e-05,1.0377883042460697e-05,5.45446469777087e-10,3.0439772985579183,0.24565798906903216,0.0001265518899138352,4.048013230767062e-16,0.7529551723258335,1.8569274209077948e-05,5.88524772167119e-08,7.755228237396628e-06,0.061746061002594874,2.208862958151842e-11,3.8860811106400565e-10,0.0,0.0,0.0,0.0
448,0.24702644563871878,2.4527471753696197e-05,1.0465363767342909e-05,5.737689360068034e-10,3.0439772985579183,0.24570003802472662,0.00012758971108518512,4.003430863348849e-16,0.7529129787106901,1.8467051818317718e-05,5.847123405380442e-08,7.821036973307274e-06,0.061756611409679696,2.187843841606754e-11,4.101196402844781e-10,0.0,0.0,0.0,0.0
449,0.24701836819722428,2.4295275242475256e-05,1.0417399638426718e-05,5.560458423068258e-10,3.0439772985579183,0.2456919898029981,0.0001270105435520978,4.0025651495073594e-16,0.7529215135500915,1.8292435407680536e-05,5.8102009320906974e-08,7.785382293699514e-06,0.06175459204930607,2.2115050854475908e-11,3.965438263384149e-10,0.0,0.0,0.0,0.0
450,0.24703488410096633,2.41776722730188e-05,1.053350429826672e-05,5.749943423821853e-10,3.0439772985579183,0.24570844596222277,0.00012841469209722654,3.945709205877165e-16,0.7529049137123249,1.820348825648209e-05,5.831504438332023e-08,7.872412100391589e-06,0.06175872102524158,2.1834892106359265e-11,4.1108117362997503e-10,0.0,0.0,0.0,0.0
451,0.24703456598616208,2.4187768106938233e-05,1.0456841323713777e-05,5.766890058462579e-10,3.0439772985579183,0.24570812899812824,0.00012748033314003823,3.969195462025784e-16,0.7529053897376203,1.8211100973437513e-05,5.7912074536009675e-08,7.815100117719164e-06,0.06175864149654052,2.1728850499593164e-11,4.1246341020448446e-10,0.0,0.0,0.0,0.0
452,0.24691437292738913,2.4751506738987042e-05,1.0429064866998115e-05,5.531982377714752e-10,3.0439772985579183,0.24558837081398943,0.00012722377005951768,4.089213059645438e-16,0.753024787129024,1.863849809324832e-05,5.90380804673348e-08,7.794306270958703e-06,0.06172859323184728,2.132642805712715e-11,3.9524555718088914e-10,0.0,0.0,0.0,0.0
453,0.24705895763971086,2.442550347598513e-05,1.037595521944974e-05,5.489847435455699e-10,3.0439772985579183,0.24573243242445533,0.00012647762784187672,4.033801530455492e-16,0.7528808249091127,1.8389493205820083e-05,5.95641505359819e-08,7.752293574303352e-06,0.061764739409927716,2.223891367583864e-11,3.910811729072677e-10,0.0,0.0,0.0,0.0
454,0.24690385994293032,2.4645872684782828e-05,1.0441485622912897e-05,5.370970365222817e-10,3.0439772985579183,0.24557789587668413,0.00012738251433704246,4.063307953454604e-16,0.7530354303710037,1.8559215344054403e-05,5.920759823327315e-08,7.803601021529587e-06,0.06172596498573258,2.2650671373179144e-11,3.81802426675368e-10,0.0,0.0,0.0,0.0
455,0.2469896997612463,2.4326268634747653e-05,1.0315031890521682e-05,5.573123702065663e-10,3.0439772985579183,0.24566342508122868,0.00012578187716467485,3.970764993111703e-16,0.7529503642362904,1.8316472829043092e-05,5.8255893427427296e-08,7.708451125649823e-06,0.061747424940311574,2.1295009222977185e-11,3.9833354291744716e-10,0.0,0.0,0.0,0.0
456,0.24685890232105184,2.4037490712824843e-05,1.0269924944521966e-05,5.93824733364364e-10,3.0439772985579183,0.2455331009769929,0.00012532004864240125,3.9535848372095863e-16,0.753081687884818,1.810219407852977e-05,5.823265858412583e-08,7.675859753086873e-06,0.06171472558026296,2.2600650790444367e-11,4.2459788171934286e-10,0.0,0.0,0.0,0.0
457,0.2469877527406678,2.455494550030594e-05,1.0388718968611525e-05,5.572456652077347e-10,3.0439772985579183,0.24566148510483776,0.0001266816603452016,4.051841183665158e-16,0.7529518003291347,1.8488690421439143e-05,5.9355581296754884e-08,7.762849069232724e-06,0.06174693818516695,2.345340103747855e-11,3.9612572580629145e-10,0.0,0.0,0.0,0.0
458,0.24699172990547905,2.4411305376897784e-05,1.0421305676327489e-05,5.432183096400603e-10,3.0439772985579183,0.2456654478805955,0.00012707633437944725,3.9942993380214265e-16,0.7529479662448499,1.8380442736917156e-05,5.8064861140455e-08,7.788636053466238e-06,0.06174793247636976,1.9400592346481587e-11,3.89614529123967e-10,0.0,0.0,0.0,0.0
459,0.2469376932084263,2.4473921379299684e-05,1.0587516029308394e-05,5.541135897544455e-10,3.0439772985579183,0.24561160670306534,0.00012914052371578732,4.0116099233028265e-16,0.7530015288247858,1.8428900214950273e-05,5.879543997869036e-08,7.913620316547456e-06,0.06173442330210657,2.1479929351495174e-11,3.9576845087619245e-10,0.0,0.0,0.0,0.0
460,0.24715606918778088,2.411926124824087e-05,1.0378645402729649e-05,5.456832369383587e-10,3.0439772985579183,0.24582919279349927,0.00012644447784305286,3.953825152533013e-16,0.752784176101899,1.815659820694346e-05,5.7418010852048244e-08,7.755462017695552e-06,0.06178901729694522,2.1795027111267683e-11,3.889866788199919e-10,0.0,0.0,0.0,0.0
461,0.24713229250532276,2.4105351802556305e-05,1.0403073314722547e-05,5.802037540359097e-10,3.0439772985579183,0.24580550208093066,0.00012675827780779113,3.961083042500447e-16,0.7528079164916823,1.814669966678143e-05,5.7728963981532864e-08,7.773786983184967e-06,0.06178307312633069,2.2152069685218313e-11,4.146299095312074e-10,0.0,0.0,0.0,0.0
462,0.24685281946117282,2.421663675934768e-05,1.0629770489762784e-05,5.898192157328557e-10,3.0439772985579183,0.24552704013597065,0.00012971516655390476,3.929957244309326e-16,0.7530866875617177,1.8237226760982474e-05,5.80753629844487e-08,7.947063284692304e-06,0.061713204865293206,2.2712453344040242e-11,4.2147254609246623e-10,0.0,0.0,0.0,0.0
463,0.2469508991705807,2.451715584833226e-05,1.0509448872822669e-05,5.626013465510752e-10,3.0439772985579183,0.2456247648786121,0.0001281792208451653,4.049249029607818e-16,0.7529884351156338,1.8461134815721817e-05,5.853615390469646e-08,7.854957306769807e-06,0.06173772479264517,2.2173391315845138e-11,4.014589162175974e-10,0.0,0.0,0.0,0.0
464,0.24706500940168272,2.4006894499885604e-05,1.0519129667886409e-05,5.523033647377098e-10,3.0439772985579183,0.24573846229786547,0.0001282187326326397,3.9480487771029763e-16,0.7528750805322103,1.807419262992965e-05,5.723190970737203e-08,7.862358686131371e-06,0.06176625235042068,2.2552007973864393e-11,3.932634322312495e-10,0.0,0.0,0.0,0.0
465,0.24704252761837292,2.4567372602729707e-05,1.02883245160322e-05,5.365142444038794e-10,3.0439772985579183,0.24571606183133374,0.00012542052878628345,4.083642406352669e-16,0.7528972379884102,1.8496706977227337e-05,5.886001848978602e-08,7.687191093159305e-06,0.06176063190459323,2.1144024900580885e-11,3.8279606785253876e-10,0.0,0.0,0.0,0.0
466,0.24696661421711924,2.4336093799326066e-05,1.0384558724171546e-05,5.559246758947301e-10,3.0439772985579183,0.24564042306249198,0.00012664538044230582,3.986640689728592e-16,0.7529732761121839,1.8324428275851953e-05,5.8730980237164836e-08,7.760564223281645e-06,0.06174165355427981,2.2236130463646958e-11,3.96360294016412e-10,0.0,0.0,0.0,0.0
467,0.24711096833785787,2.4837799738022607e-05,1.0178536832241598e-05,5.261383617098667e-10,3.0439772985579183,0.24578425502257464,0.00012403648658312837,4.088913921613986e-16,0.7528286435947495,1.8698607086653585e-05,5.935680749422527e-08,7.603337269701416e-06,0.06177774208446447,2.0894351985211184e-11,3.7519767720399145e-10,0.0,0.0,0.0,0.0
468,0.2470256878168357,2.4242585535243954e-05,1.0363696461719089e-05,5.691617101884615e-10,3.0439772985579183,0.24569928294418927,0.00012635084749537816,3.980342053670456e-16,0.7529143950731021,1.8252591623276137e-05,5.757618397572954e-08,7.745400068220747e-06,0.061756421954208926,2.154814640357182e-11,4.0698189832174593e-10,0.0,0.0,0.0,0.0
469,0.2469061727769256,2.4958849817236232e-05,1.0286242197755816e-05,5.339653244931046e-10,3.0439772985579183,0.24558020034025266,0.00012548701725698623,4.0939261580509227e-16,0.7530329970957291,1.879483748193559e-05,5.802024376410709e-08,7.687859547264515e-06,0.0617265431942314,2.200786725390838e-11,3.8008564139432774e-10,0.0,0.0,0.0,0.0
470,0.2472050775474523,2.4365446229138433e-05,1.0492483105897785e-05,5.701258098267596e-10,3.0439772985579183,0.2458780239778793,0.00012779760938634637,4.052454377092417e-16,0.7527345438605688,1.8340713053249734e-05,5.836289266227455e-08,7.839691592020418e-06,0.061801269386863075,2.2647737360043596e-11,4.0650565404303967e-10,0.0,0.0,0.0,0.0
471,0.24697300701945704,2.4201864499071705e-05,1.061452872693502e-05,5.346857992607715e-10,3.0439772985579183,0.24564679273438886,0.00012944548634280712,3.915087966953512e-16,0.7529665666186021,1.8223194817634655e-05,5.8350692338146927e-08,7.934034559456636e-06,0.06174325175486426,2.0825669068299222e-11,3.8177486142080694e-10,0.0,0.0,0.0,0.0
472,0.2471113442996542,2.468823043027875e-05,1.0354052606151817e-05,5.394679785267549e-10,3.0439772985579183,0.24578462962482098,0.00012617505255662042,4.1184310030998845e-16,0.7528280964069314,1.858599351848243e-05,5.867931647890348e-08,7.736142397107596e-06,0.06177783607491355,2.1826847681910943e-11,3.842998036648813e-10,0.0,0.0,0.0,0.0
473,0.24708350318658812,2.4221371127935167e-05,1.0605672405988984e-05,5.657827621848576e-10,3.0439772985579183,0.24575688919599709,0.00012926067085886221,3.931808120074892e-16,0.752856069786316,1.823520627221302e-05,5.833963817809252e-08,7.926205206835956e-06,0.06177087579664703,2.1510235407153634e-11,4.0444275128418415e-10,0.0,0.0,0.0,0.0
474,0.24697143006406366,2.4585755485841478e-05,1.030799384763312e-05,5.376728249458061e-10,3.0439772985579183,0.2456452214846824,0.00012570834069731054,4.059095380185956e-16,0.7529682577401824,1.851229347340019e-05,5.854755140467333e-08,7.703044616844155e-06,0.061742857516015916,2.239497114161026e-11,3.8245559909207543e-10,0.0,0.0,0.0,0.0
475,0.24697383190434583,2.3892649641604506e-05,1.070064958898959e-05,5.421179861607559e-10,3.0439772985579183,0.24564761463472098,0.0001304952090491115,3.907087361104595e-16,0.7529660128572845,1.799035313723497e-05,5.838434920083032e-08,7.998841106803602e-06,0.061743457976086456,2.2051501455526432e-11,3.8614491708215846e-10,0.0,0.0,0.0,0.0
476,0.2471432688566423,2.461356046359687e-05,1.0099708211526588e-05,5.491696646424209e-10,3.0439772985579183,0.24581643874380976,0.0001230545938033766,4.052896031120226e-16,0.7527968611430798,1.852901105855113e-05,5.864492598635158e-08,7.5443837141118525e-06,0.06178581721416058,2.1899867754682436e-11,3.915133320231298e-10,0.0,0.0,0.0,0.0
477,0.2470982021655703,2.436210572354499e-05,1.0474693002185436e-05,5.74225527217168e-10,3.0439772985579183,0.24577153501640872,0.00012765423722683824,3.9502474820091045e-16,0.7528414558543101,1.8340803140590228e-05,5.736987224836576e-08,7.828413257143872e-06,0.061774550541392574,2.26714702699691e-11,4.0962931162891243e-10,0.0,0.0,0.0,0.0
478,0.24687565019306998,2.4364283184006696e-05,1.0313900588043126e-05,5.481516951613133e-10,3.0439772985579183,0.24554978822744852,0.0001258452315901339,4.0190595053261497e-16,0.7530643500803409,1.834787308113738e-05,5.7723965097613076e-08,7.70930687803033e-06,0.061718912548267495,2.0927241921678772e-11,3.918662581404128e-10,0.0,0.0,0.0,0.0
479,0.247044081009308,2.4781597196227754e-05,1.0214415970235264e-05,5.357562124094248e-10,3.0439772985579183,0.2457176096034112,0.00012451847597250252,4.073357649094927e-16,0.7528955290969507,1.8657953732921405e-05,5.859470125783146e-08,7.63179341506879e-06,0.061761020252327,2.091297378171858e-11,3.824554832272536e-10,0.0,0.0,0.0,0.0
480,0.24694178294933994,2.4607039538500336e-05,1.0318118225082209e-05,5.635456877369957e-10,3.0439772985579183,0.24561568164472838,0.00012585186225119868,4.0389085175111076e-16,0.7529978474238243,1.8529047803963687e-05,5.943194148169349e-08,7.71008887146974e-06,0.061735445737334985,2.112806050842339e-11,4.0322062928251294e-10,0.0,0.0,0.0,0.0
481,0.2471163388560906,2.4116745759074978e-05,1.055081194542067e-05,5.751166771176587e-10,3.0439772985579183,0.24578960612017317,0.00012856939212414756,3.920135188467073e-16,0.7528235181099533,1.8155653387710122e-05,5.744165507218719e-08,7.885457712595922e-06,0.06177908471402265,2.2641350841406047e-11,4.103200093500158e-10,0.0,0.0,0.0,0.0
482,0.2471603346280234,2.4402067291755255e-05,1.044264100769885e-05,5.724752386431761e-10,3.0439772985579183,0.24583344281194275,0.00012722113236695172,4.0207165149758833e-16,0.7527793405995118,1.8369372125152436e-05,5.8496906137169714e-08,7.802507505755791e-06,0.06179008365700585,2.263690603291524e-11,4.08310626622443e-10,0.0,0.0,0.0,0.0
483,0.24698401697987943,2.4629730898205116e-05,1.0361705024797457e-05,5.252664455277368e-10,3.0439772985579183,0.24565776285992777,0.0001263547774658356,4.058517530410947e-16,0.7529554843634639,1.8545090958199807e-05,5.865399608070881e-08,7.743248629696999e-06,0.06174600424496986,2.081687938411143e-11,3.746853715281006e-10,0.0,0.0,0.0,0.0
484,0.24682814777847956,2.478660996123068e-05,1.0511858739733899e-05,5.498750951820274e-10,3.0439772985579183,0.24550245776571492,0.0001282932121427122,4.0753439958273926e-16,0.7531107654168022,1.8667062799990173e-05,5.960826103226836e-08,7.85698572040203e-06,0.06170703694461989,2.313722904177342e-11,3.9097962477440025e-10,0.0,0.0,0.0,0.0
485,0.24706434691578147,2.463070474461652e-05,1.0533050366671363e-05,5.548706234944828e-10,3.0439772985579183,0.24573780220807795,0.00012838870513328288,4.0529891321237004e-16,0.7528747722854942,1.8543836225834402e-05,5.8882312469055e-08,7.871185583810289e-06,0.06176608672894537,2.2197914181282124e-11,3.9555018013003674e-10,0.0,0.0,0.0,0.0
486,0.24704866277994333,2.44389457561716e-05,1.040895584058737e-05,5.64063433812346e-10,3.0439772985579183,0.24572217480126637,0.00012688689482296805,4.0136133231802624e-16,0.7528910240948977,1.839986289816369e-05,5.809872712520533e-08,7.778710695453187e-06,0.061762165694985834,2.196635502819179e-11,4.0271194130926996e-10,0.0,0.0,0.0,0.0
487,0.24698320002839205,2.4381561894563022e-05,1.0701782576313298e-05,5.980213017863908e-10,3.0439772985579183,0.24565694886417455,0.00013050232403203298,3.953862446845541e-16,0.7529559064280049,1.8358241036451204e-05,5.820522746160597e-08,7.999765172681803e-06,0.06174580000709801,2.3373225648335265e-11,4.2691044570149206e-10,0.0,0.0,0.0,0.0
488,0.24697956883334402,2.4217425256786462e-05,1.0354244685775408e-05,5.624387422755906e-10,3.0439772985579183,0.24565333080692123,0.00012626692991326956,3.9624359241475293e-16,0.752960569657283,1.8234766316982606e-05,5.877687993974054e-08,7.737561097032607e-06,0.061744892208336004,2.255369368377595e-11,4.0094050209737845e-10,0.0,0.0,0.0,0.0
489,0.24693186544210627,2.4402483730920538e-05,1.045168747238651e-05,5.800309943481168e-10,3.0439772985579183,0.24560580002567375,0.00012748782934379226,3.997811681644628e-16,0.7530077703767981,1.8375259865876565e-05,5.849879213097822e-08,7.8117030881259e-06,0.06173296636052657,2.1885240065318427e-11,4.148826057381942e-10,0.0,0.0,0.0,0.0
490,0.24710451416633253,2.4875633838677828e-05,1.031449120512473e-05,5.503425845239137e-10,3.0439772985579183,0.2457778241908857,0.00012569753749728854,4.1081121320939287e-16,0.7528347331310814,1.872724116240752e-05,5.948035837259468e-08,7.705626875420368e-06,0.06177612854158313,2.1452511775571366e-11,3.9286450097515884e-10,0.0,0.0,0.0,0.0
491,0.2470423193275188,2.4237319649960213e-05,1.0505773053200426e-05,5.681116589368167e-10,3.0439772985579183,0.2457158542939028,0.0001280714945346748,3.957188276391717e-16,0.7528974519383259,1.824821620626976e-05,5.860994007105452e-08,7.851159822325874e-06,0.0617605798318797,2.2300969745001644e-11,4.0542885068498285e-10,0.0,0.0,0.0,0.0
492,0.24697090979323566,2.438535287377729e-05,1.0484195184156867e-05,5.815146240331713e-10,3.0439772985579183,0.24564470309628855,0.00012785749756837077,4.0321670415133784e-16,0.7529686815175016,1.8361407001707106e-05,5.8853521728704445e-08,7.835417102858032e-06,0.061742727448308915,2.2611751184192517e-11,4.152505485572101e-10,0.0,0.0,0.0,0.0
493,0.24683892961881201,2.4437656612876064e-05,1.036968103715837e-05,5.357485546147544e-10,3.0439772985579183,0.2455132005743079,0.00012655079036653924,4.0370042935235127e-16,0.7531008312732864,1.840401950952809e-05,5.8537017045823654e-08,7.75087839207698e-06,0.061709732404703004,2.089649904547761e-11,3.825761827883556e-10,0.0,0.0,0.0,0.0
494,0.2470522073658577,2.4121622024634743e-05,1.038417040378889e-05,5.639286217232177e-10,3.0439772985579183,0.24572570656621906,0.0001265824339081334,3.942112215129123e-16,0.7528880135512971,1.816088008976247e-05,5.8955533008531404e-08,7.759161894678258e-06,0.061763051841464425,2.1886850620019883e-11,4.026882491738943e-10,0.0,0.0,0.0,0.0
495,0.246836412469811,2.4383366730659678e-05,1.0473415636439436e-05,5.570864462556432e-10,3.0439772985579183,0.24551069253758337,0.00012781846413874624,4.0011687612404026e-16,0.7531031955238816,1.8363191402490506e-05,5.9128642409960656e-08,7.828434141442367e-06,0.06170910311745275,2.2385847476542286e-11,3.9715773538162577e-10,0.0,0.0,0.0,0.0
496,0.24692364697689442,2.4346943831545787e-05,1.053817057306208e-05,5.585911741162185e-10,3.0439772985579183,0.2455976113014287,0.00012854839702530185,3.9778095819670213e-16,0.7530158765806094,1.833363525137031e-05,5.8005430602209324e-08,7.877404321028116e-06,0.061730911744223606,2.1347447914404064e-11,3.9928057471291205e-10,0.0,0.0,0.0,0.0
497,0.24665405877042118,2.4550158713540158e-05,1.0303556505242702e-05,5.820634327548189e-10,3.0439772985579183,0.24532899921239734,0.00012586894330543174,4.0655719251567364e-16,0.7532856670323438,1.8493282682279003e-05,5.9123455358016047e-08,7.702397979499177e-06,0.061663514692605295,2.246154441867653e-11,4.15998496779173e-10,0.0,0.0,0.0,0.0
498,0.24698525112340425,2.456042512062828e-05,1.0363026472252457e-05,5.59489966310809e-10,3.0439772985579183,0.2456589925383338,0.00012637007014214624,4.043157687257537e-16,0.7529543515137863,1.8492878969605574e-05,5.8288492669536786e-08,7.744597384465513e-06,0.06174631278085106,2.2000982071432102e-11,3.992694226905932e-10,0.0,0.0,0.0,0.0
499,0.24689091995046503,2.419880078406277e-05,1.0524353701910872e-05,5.709918167285882e-10,3.0439772985579183,0.24556500271702372,0.00012840249465311074,3.9235909603622855e-16,0.7530488552253155,1.8222879228263935e-05,5.796722263095938e-08,7.867385284579334e-06,0.06172272998761626,2.225487758282832e-11,4.077298563476582e-10,0.0,0.0,0.0,0.0
500,0.24709920416464115,2.4704676318225754e-05,1.0492551589375504e-05,5.520668057518446e-10,3.0439772985579183,0.24577253339188126,0.00012787109524862398,3.989871270791968e-16,0.7528398979612879,1.859866599857972e-05,5.741603992158167e-08,7.841795427977421e-06,0.06177480104116029,2.2380262042098644e-11,3.9323765566793426e-10,0.0,0.0,0.0,0.0
501,0.24715018789895038,2.4176253859927173e-05,1.05730928886638e-05,5.432471674846556e-10,3.0439772985579183,0.2458233327690303,0.0001288174403670678,3.958900683066796e-16,0.7527895320374451,1.8199630829633054e-05,5.798559783351459e-08,7.901328050012146e-06,0.061787546974737595,2.1628857477415595e-11,3.873219235140259e-10,0.0,0.0,0.0,0.0
502,0.24694776482592834,2.451290591785875e-05,1.0352955751376059e-05,5.492954127332436e-10,3.0439772985579183,0.2456216418755594,0.00012627273025560295,4.0483716994940217e-16,0.752991929163415,1.845802031648975e-05,6.015031141296052e-08,7.73554181235917e-06,0.061736941206482085,2.2620035842764973e-11,3.909949766718544e-10,0.0,0.0,0.0,0.0
503,0.2470540650293948,2.4063831172172087e-05,1.0407531132052148e-05,5.711218922714208e-10,3.0439772985579183,0.24572755751055664,0.00012686593864371943,3.9505012436368937e-16,0.7528861902505916,1.811732617405007e-05,5.740610369730802e-08,7.77828036022786e-06,0.0617635162573487,2.065518137773072e-11,4.093346042632081e-10,0.0,0.0,0.0,0.0
504,0.24693209230356,2.4331620480716064e-05,1.05260841841271e-05,5.731859692675555e-10,3.0439772985579183,0.24560602606617526,0.0001283951401425063,3.96812103724784e-16,0.7530074822317956,1.8321892276803594e-05,5.811935533479427e-08,7.868100793914678e-06,0.06173302307589,2.4442946053983974e-11,4.071703775147693e-10,0.0,0.0,0.0,0.0
505,0.24712672056882745,2.4162494566293087e-05,1.0662952995859194e-05,5.817641395831617e-10,3.0439772985579183,0.2457999502921743,0.0001299286073691627,3.8662146288145506e-16,0.7528128150730143,1.818983555363751e-05,5.702433602544702e-08,7.970183325778545e-06,0.06178168014220686,2.1713603897340745e-11,4.1624589573078926e-10,0.0,0.0,0.0,0.0
506,0.24696742611705808,2.4416305351242983e-05,1.010031642423825e-05,5.282408472908148e-10,3.0439772985579183,0.24564123202478183,0.00012317843747603385,4.0175884479446974e-16,0.7529729856674109,1.838481833929261e-05,5.985167355297113e-08,7.545413740591291e-06,0.06174185652926452,2.0875446812827718e-11,3.7687564112321993e-10,0.0,0.0,0.0,0.0
507,0.24697615737438391,2.4636600895153357e-05,1.0385794731954865e-05,5.356048784789954e-10,3.0439772985579183,0.2456499316909134,0.00012665387840854293,4.0897609940243624e-16,0.7529632785265106,1.8550455781763836e-05,5.825715519155137e-08,7.761864896284545e-06,0.06174403934359598,2.070202839074267e-11,3.8258877690359503e-10,0.0,0.0,0.0,0.0
508,0.24694049137820423,2.431252943868216e-05,1.0365947541888856e-05,5.450664976224609e-10,3.0439772985579183,0.24561439474728242,0.00012643617913981809,3.981261383241398e-16,0.7529994744474682,1.8307321889816264e-05,5.823757942592238e-08,7.747315471766412e-06,0.06173512284455106,2.078129835210837e-11,3.896534878965269e-10,0.0,0.0,0.0,0.0
509,0.24698933908576096,2.4059867805249757e-05,1.0387911663674612e-05,5.666462658205615e-10,3.0439772985579183,0.24566306571063856,0.0001266708612230589,3.902792200583079e-16,0.7529509613638805,1.8115900594250683e-05,5.781606757358169e-08,7.763772006153285e-06,0.06174733477144024,2.1168575580537446e-11,4.0548827502230734e-10,0.0,0.0,0.0,0.0
510,0.24704906765835505,2.376187459552544e-05,1.0447525051933675e-05,5.578732423300195e-10,3.0439772985579183,0.2457225782152016,0.00012735694040752723,3.8774948709256166e-16,0.7528915516138652,1.7890114633479233e-05,5.7080077973091984e-08,7.808773268901981e-06,0.06176226691458876,2.099475743336761e-11,3.9902329358833866e-10,0.0,0.0,0.0,0.0
511,0.24698376571060301,2.397632567690452e-05,1.0329543334952873e-05,5.391389908816714e-10,3.0439772985579183,0.2456575124997437,0.000125962931866601,3.9222299872616737e-16,0.7529567920754352,1.8053137267437917e-05,5.903163801592536e-08,7.718668175074384e-06,0.061745941427650754,2.0416956648453022e-11,3.8553140840859754e-10,0.0,0.0,0.0,0.0
512,0.24669664099760807,2.4066886038132986e-05,1.0333077556364138e-05,5.540574811637734e-10,3.0439772985579183,0.24537142719036437,0.00012620076304917414,3.986625123848017e-16,0.7532437496414447,1.8128231481556623e-05,5.9462251634553426e-08,7.723863832257026e-06,0.06167416024940202,2.219357828536393e-11,3.9514675634333087e-10,0.0,0.0,0.0,0.0
513,0.24698901984667837,2.477846546992294e-05,1.0170325722900335e-05,5.475110789838602e-10,3.0439772985579183,0.24566274762653917,0.00012401771991606643,4.1082973893966845e-16,0.7529506900825664,1.865696267476552e-05,5.893357611688099e-08,7.598820195305402e-06,0.06174725496166959,2.227109202739481e-11,3.899777527213532e-10,0.0,0.0,0.0,0.0
514,0.24693110471964233,2.4274805484983693e-05,1.050621354560545e-05,5.549657347432796e-10,3.0439772985579183,0.24560504205607056,0.00012815346475115663,3.965836839248727e-16,0.7530086002746772,1.8279137300187627e-05,5.816756918194437e-08,7.853101586981268e-06,0.06173277617991058,2.125057589918177e-11,3.96643395220263e-10,0.0,0.0,0.0,0.0
515,0.2469854475884001,2.443165865302236e-05,1.0555170376818666e-05,5.6144217671885e-10,3.0439772985579183,0.24565918829252326,0.00012871295755874582,3.992424452779021e-16,0.7529539149574384,1.839591303169696e-05,5.8566928553523327e-08,7.888989929714872e-06,0.061746361897100026,2.0836389250603212e-11,4.0190369573208084e-10,0.0,0.0,0.0,0.0
516,0.24711084132502853,2.454456808671784e-05,1.0604801421398037e-05,5.594648094152554e-10,3.0439772985579183,0.2457841284690485,0.00012923098063990167,4.107403678357153e-16,0.752828249257652,1.8477844221509028e-05,5.839521404755203e-08,7.925198873748591e-06,0.06177771033125713,2.1979157934555027e-11,3.992017550587977e-10,0.0,0.0,0.0,0.0
517,0.24701626014528671,2.4208737712695923e-05,1.039907338304213e-05,5.477597720962472e-10,3.0439772985579183,0.24568988937699224,0.00012678857290474393,3.9895333064058005e-16,0.752923793170837,1.8227334626520907e-05,5.877632996287375e-08,7.770933447059096e-06,0.06175406503632168,2.1993264207066068e-11,3.904281011460336e-10,0.0,0.0,0.0,0.0
518,0.24693440948864542,2.4632685752067304e-05,1.0424326231715372e-05,5.431604351614403e-10,3.0439772985579183,0.2456083348660165,0.00012715229415691904,4.101946795851609e-16,0.7530049418742771,1.8548534102942774e-05,6.036063408431598e-08,7.78920853410702e-06,0.061733602372161356,2.1944612228991476e-11,3.8705787967815594e-10,0.0,0.0,0.0,0.0
519,0.24703472251417238,2.428037497759865e-05,1.028853831361879e-05,5.454463667108393e-10,3.0439772985579183,0.24570828495993297,0.00012542846993561884,3.9867031999810355e-16,0.7529054740678802,1.8280827233054807e-05,5.8676154351755695e-08,7.687620662128949e-06,0.061758680628543096,2.1292033248896374e-11,3.893775220581309e-10,0.0,0.0,0.0,0.0
520,0.24673376709410916,2.3877551195176346e-05,1.0636349435357333e-05,5.983589347583792e-10,3.0439772985579183,0.24540841882287753,0.000129878690108763,3.875258911806873e-16,0.7532062262184159,1.7984720227055803e-05,5.689260050714707e-08,7.95447201843873e-06,0.06168344177352729,2.2596821657500457e-11,4.280908535159296e-10,0.0,0.0,0.0,0.0
521,0.24705455826305361,2.4359886929930448e-05,1.0410941918607813e-05,5.339371495034972e-10,3.0439772985579183,0.24572804896018943,0.00012690710261903425,3.9528076166577264e-16,0.7528852437921907,1.8340199409990884e-05,5.898139994275517e-08,7.779263144554625e-06,0.061763639565763404,2.1163917431251075e-11,3.8082948354239676e-10,0.0,0.0,0.0,0.0
522,0.24709811263150855,2.4568430482974807e-05,1.0436578296547316e-05,5.463695387551331e-10,3.0439772985579183,0.24577144580613589,0.00012718975968691097,4.03865782511174e-16,0.7528413209693479,1.8496129658946347e-05,5.9371570852204116e-08,7.797715820320504e-06,0.06177452815787714,2.3280998549016853e-11,3.8804856674481083e-10,0.0,0.0,0.0,0.0
523,0.2469112896956487,2.3958558375923694e-05,1.0436633091429215e-05,5.781910871230805e-10,3.0439772985579183,0.24558529874049628,0.00012731840460692803,3.8605821811331345e-16,0.7530290470138599,1.804149038164775e-05,5.808816389269162e-08,7.800999706979564e-06,0.06172782242391218,2.1945675759754765e-11,4.134490075684461e-10,0.0,0.0,0.0,0.0
524,0.2470674037562674,2.434877479754744e-05,1.0504297353992286e-05,5.829405495465765e-10,3.0439772985579183,0.2457408479924749,0.00012803621020390763,4.037592260430568e-16,0.7528722049611545,1.833151576993213e-05,5.9075773912404935e-08,7.849317736555388e-06,0.06176685093906685,2.1856604634287526e-11,4.170231322641107e-10,0.0,0.0,0.0,0.0
525,0.2470536775423347,2.4854651600507264e-05,1.0243993989427374e-05,5.399618065517804e-10,3.0439772985579183,0.24572717142503955,0.00012487257410934686,4.122353213905968e-16,0.7528857565157641,1.871271317318366e-05,5.8505642596606247e-08,7.654051521876363e-06,0.061763419385583676,2.1767544539872358e-11,3.8476200867548354e-10,0.0,0.0,0.0,0.0
526,0.24689960661840682,2.457800713889364e-05,1.056423431715594e-05,5.6801542085287e-10,3.0439772985579183,0.24557365794565653,0.00012888292407940195,4.047708669602339e-16,0.7530395081108228,1.8508210406216758e-05,5.832152595685471e-08,7.896964287801728e-06,0.061724901654601705,2.3429572471229035e-11,4.043084806471782e-10,0.0,0.0,0.0,0.0
527,0.24685643705602586,2.452145319132439e-05,1.041656978107215e-05,5.620223324430221e-10,3.0439772985579183,0.24553064463571878,0.00012711100723053522,4.0624892703603046e-16,0.7530830929714895,1.8466691813478173e-05,5.8644686508539695e-08,7.785897902374625e-06,0.061714109264006466,2.2013375616887025e-11,4.0123614081835477e-10,0.0,0.0,0.0,0.0
528,0.24710388005259395,2.4573641831646414e-05,1.039228841945167e-05,5.626052088745318e-10,3.0439772985579183,0.2457771923702868,0.00012664609175813042,4.0652192487049827e-16,0.7528356461016619,1.8499913525398353e-05,5.866322025015003e-08,7.765021946482566e-06,0.06177597001314849,2.2705550251800517e-11,4.0084370567141805e-10,0.0,0.0,0.0,0.0
529,0.24687187545755182,2.4586336540806915e-05,1.0582056022214818e-05,5.621249993737725e-10,3.0439772985579183,0.2455460271548326,0.000129119594810541,4.0400425386807584e-16,0.7530671842570205,1.8515163229980955e-05,5.906870694540059e-08,7.909930425353958e-06,0.061717968864387955,2.2325666278834184e-11,4.009922242000521e-10,0.0,0.0,0.0,0.0
530,0.24694674458464924,2.4384169079122647e-05,1.056213963663114e-05,5.778575593511565e-10,3.0439772985579183,0.24562062532604487,0.00012882475927935687,3.964024680001508e-16,0.7529926705287615,1.8361100593513414e-05,5.8281891657335135e-08,7.89493183982723e-06,0.06173668614616231,2.1555894632787093e-11,4.135666121682725e-10,0.0,0.0,0.0,0.0
531,0.24699263441995273,2.4748267632707995e-05,1.0303794858845314e-05,5.524173296494195e-10,3.0439772985579183,0.24566634912264196,0.00012564276807491706,4.0754136108751286e-16,0.7529468197825846,1.863412940917576e-05,5.903024171345208e-08,7.699179328946273e-06,0.06174815860498818,2.087781118244289e-11,3.950630603698752e-10,0.0,0.0,0.0,0.0
532,0.24697683890657446,2.4402872924393232e-05,1.0327457851489474e-05,5.557399293405169e-10,3.0439772985579183,0.24565061075724862,0.00012594208450715424,3.968743894256314e-16,0.7529630806577329,1.8374462374050306e-05,5.843721656910805e-08,7.717757262651297e-06,0.061744209726643615,2.0347609891717004e-11,3.9810403934902944e-10,0.0,0.0,0.0,0.0
533,0.24706205363704392,2.3993566926376692e-05,1.0438936937397993e-05,5.589603998145688e-10,3.0439772985579183,0.24573551722383935,0.0001272433111280712,3.939156224346507e-16,0.7528782372047401,1.806423437178444e-05,5.80404128641421e-08,7.801208026855506e-06,0.06176551340926098,2.1649747580259927e-11,3.9917937289938933e-10,0.0,0.0,0.0,0.0
534,0.24702288201713196,2.4154883749128114e-05,1.0455468597233372e-05,5.602322393817215e-10,3.0439772985579183,0.24569648729425955,0.00012747161392429594,3.9435628164536805e-16,0.7529171254764927,1.8186625638612388e-05,5.849329689266544e-08,7.813608064846023e-06,0.06175572050428299,2.134928005774786e-11,4.004591672167962e-10,0.0,0.0,0.0,0.0
535,0.24706748693996997,2.4126635606880404e-05,1.0394049911147387e-05,5.573856771694907e-10,3.0439772985579183,0.24574093087531754,0.00012669245270940287,3.932830925493896e-16,0.7528727053639339,1.8164285420681868e-05,5.8576746816259394e-08,7.76681972947703e-06,0.06176687173499249,2.2509087664346275e-11,3.971313750373565e-10,0.0,0.0,0.0,0.0
536,0.24702556262495537,2.4511936680519013e-05,1.0306132693304206e-05,5.712768058835204e-10,3.0439772985579183,0.24569915820517896,0.00012564908716341277,4.0479994940697924e-16,0.7529142446909192,1.845538629172461e-05,5.859173374737926e-08,7.701042378716145e-06,0.06175639065623884,2.3612537208734023e-11,4.0650990760249753e-10,0.0,0.0,0.0,0.0
537,0.24697503566609602,2.464826090737123e-05,1.0389155814412411e-05,5.427137754107441e-10,3.0439772985579183,0.24564881404109887,0.0001266956264310516,4.045159216337987e-16,0.7529643749576655,1.855926236791224e-05,5.766285360277737e-08,7.76500136053406e-06,0.061743758916524005,2.1379148059383384e-11,3.8726499062368246e-10,0.0,0.0,0.0,0.0
538,0.24700126336161402,2.3990081214458372e-05,1.0545908420552133e-05,5.647826493520683e-10,3.0439772985579183,0.24567494684638952,0.00012858919631734327,3.8229183979630764e-16,0.7529387862675821,1.806306263207501e-05,5.754046650322461e-08,7.882883019756373e-06,0.061750315840403504,2.256596300346994e-11,4.026807995046658e-10,0.0,0.0,0.0,0.0
539,0.24701576528291705,2.4592685953988345e-05,1.0147569873081507e-05,5.1407424526321e-10,3.0439772985579183,0.24568939630480893,0.00012372249540174428,4.0470373409407003e-16,0.7529242780935265,1.8516430318287483e-05,6.025814461828061e-08,7.5800935764752304e-06,0.06175394132072926,2.335529023987491e-11,3.637036897614019e-10,0.0,0.0,0.0,0.0
540,0.24700390474611525,2.4253940631389338e-05,1.0523903776387444e-05,5.636171272990155e-10,3.0439772985579183,0.24567757867506204,0.00012831900598104184,3.961025087526205e-16,0.7529357974930464,1.826166013164413e-05,5.8126688670630496e-08,7.865697193943733e-06,0.06175097618652881,2.060287754268606e-11,4.0376463368093807e-10,0.0,0.0,0.0,0.0
541,0.24703443457151322,2.4323659090663164e-05,1.042125145827353e-05,5.514043264978911e-10,3.0439772985579183,0.24570799805884308,0.00012704652257114813,4.0136180995450387e-16,0.7529053970462404,1.8313414205273144e-05,5.9155332178942046e-08,7.7870611347312e-06,0.061758608642878306,2.172967879942049e-11,3.9342561457548896e-10,0.0,0.0,0.0,0.0
542,0.2470615081698798,2.433970069613855e-05,1.0429280904120377e-05,5.458669669959399e-10,3.0439772985579183,0.2457349737295719,0.000127125899325549,4.0107754439430614e-16,0.7528782833535022,1.8324832077446833e-05,5.771732880284935e-08,7.79426177490276e-06,0.06176537704246995,2.269257938266045e-11,3.882788056686256e-10,0.0,0.0,0.0,0.0
543,0.24722403368262796,2.4300893503505888e-05,1.0487201813390924e-05,5.678261570318266e-10,3.0439772985579183,0.2458969115918849,0.00012772029190152008,3.9866428756932324e-16,0.7527156983547851,1.8291664024136696e-05,5.8765066101163254e-08,7.835116370652955e-06,0.06180600842065699,2.0347321198854527e-11,4.070643411354707e-10,0.0,0.0,0.0,0.0
544,0.2469635966223723,2.4165621747062773e-05,1.0535323910905271e-05,5.518317913959945e-10,3.0439772985579183,0.24563741638620984,0.00012848611494740156,3.926351911233731e-16,0.752976209649335,1.8196138266922868e-05,5.735848075955351e-08,7.875489785101906e-06,0.061740899155593075,2.0755042541351255e-11,3.9476116810800724e-10,0.0,0.0,0.0,0.0
545,0.24709903759227453,2.399584504708607e-05,1.0582851721411857e-05,5.83012460233809e-10,3.0439772985579183,0.24577236742190078,0.00012897183225658033,3.898670612604982e-16,0.752840927616759,1.806505424419629e-05,5.7412563285247724e-08,7.909791343493069e-06,0.06177475939806863,2.1021570510808637e-11,4.17894070863741e-10,0.0,0.0,0.0,0.0
546,0.24690297490419302,2.4777035259952967e-05,1.0353060222564165e-05,5.373247990281373e-10,3.0439772985579183,0.24557701404102952,0.0001263043565756022,4.0682907738106883e-16,0.7530363175592666,1.8658007392191087e-05,5.863921529604401e-08,7.737591130172995e-06,0.061725743726048256,2.3321447474578118e-11,3.8130364051884335e-10,0.0,0.0,0.0,0.0
547,0.24716373727891966,2.4256402633419362e-05,1.0329334567140026e-05,5.552038638350044e-10,3.0439772985579183,0.2458368331606604,0.00012583851522101255,3.98917992647138e-16,0.752776413463277,1.8259647777906615e-05,5.9143857696623316e-08,7.716535571217297e-06,0.061790934319729915,2.2138695892923632e-11,3.958056774657445e-10,0.0,0.0,0.0,0.0
548,0.2470313304268903,2.453739352873344e-05,1.0139592310891822e-05,5.468823190713923e-10,3.0439772985579183,0.24570490514285576,0.00012361490214376225,4.0239547356639447e-16,0.7529088152874067,1.8474419891959574e-05,5.8926895618967796e-08,7.575261538671893e-06,0.061757832606722574,2.1807746464130015e-11,3.8994477248954155e-10,0.0,0.0,0.0,0.0
549,0.24702455921591182,2.452510205908302e-05,1.0460073375347864e-05,5.669841548338236e-10,3.0439772985579183,0.24569815842588277,0.00012752650863181352,4.0088982315361625e-16,0.7529148805342452,1.846531428690466e-05,5.820216959068108e-08,7.817342726188795e-06,0.061756139803977955,2.1914159012069927e-11,4.049766481894483e-10,0.0,0.0,0.0,0.0
550,0.2470692930790992,2.4235893752381302e-05,1.0571035947654388e-05,5.761271024882888e-10,3.0439772985579183,0.24574273048200335,0.000128848377337854,3.955216785174184e-16,0.7528703350572841,1.824648544976805e-05,5.8850605386659316e-08,7.899768770426496e-06,0.0617673232697748,2.260537447168763e-11,4.1114363021425263e-10,0.0,0.0,0.0,0.0
551,0.24691327685223666,2.4267503752204952e-05,1.0399353825556992e-05,5.70658602668845e-10,3.0439772985579183,0.24558727870552866,0.00012686220805905167,3.9676586368770646e-16,0.753026679013226,1.8274077758463895e-05,5.804215117269832e-08,7.772948723969971e-06,0.061728319213059164,2.2400809854666487e-11,4.0732034256338196e-10,0.0,0.0,0.0,0.0
552,0.2468780741362207,2.445144813272075e-05,1.0545747135999505e-05,5.832180514916533e-10,3.0439772985579183,0.24555220339708517,0.00012867232168858636,4.0272048731329987e-16,0.753061271132586,1.8413438611859185e-05,5.816033639730203e-08,7.883433406881314e-06,0.061719518534055176,2.3946999309228917e-11,4.1525192789454555e-10,0.0,0.0,0.0,0.0
553,0.24691414164463776,2.4428763838138116e-05,1.0404570103428269e-05,5.800193754459233e-10,3.0439772985579183,0.24558814036824805,0.00012692520845436765,3.9998140310704606e-16,0.7530255596108343,1.8395483559814867e-05,5.793505450351361e-08,7.776972170140715e-06,0.06172853541115944,2.111522746406847e-11,4.156541873162245e-10,0.0,0.0,0.0,0.0
554,0.24706721648845015,2.4641739858702966e-05,1.030937813431897e-05,5.560184375439792e-10,3.0439772985579183,0.24574066140197073,0.00012566047864871405,4.10298139005854e-16,0.7528723914731792,1.8552085617481662e-05,5.842758677859279e-08,7.703218583807432e-06,0.06176680412211254,2.1521047426689733e-11,3.970898833502264e-10,0.0,0.0,0.0,0.0
555,0.24701372498297997,2.418951481306598e-05,1.0435731246426386e-05,5.686379974383693e-10,3.0439772985579183,0.24568736338578342,0.00012723724151209883,3.976036066264551e-16,0.7529262741704194,1.8212921262191934e-05,5.946645858493135e-08,7.797869787030714e-06,0.06175343124574499,2.3032169040731364e-11,4.0511031972226846e-10,0.0,0.0,0.0,0.0
556,0.24732647550978526,2.3901107167942876e-05,1.057168752949185e-05,5.876141314868859e-10,3.0439772985579183,0.24599898320861815,0.0001286784456460673,3.909668001764422e-16,0.7526136756060803,1.798830011672032e-05,5.760542558226413e-08,7.89879118334756e-06,0.061831618877446315,2.2535362088771565e-11,4.1971106924764816e-10,0.0,0.0,0.0,0.0
557,0.2467471981244096,2.4280534586938947e-05,1.0461513983603295e-05,5.64966508563279e-10,3.0439772985579183,0.2454218012132469,0.00012773453663569,3.9618466338831315e-16,0.7531925844570814,1.8287918597536097e-05,5.7944111659028126e-08,7.821590642985035e-06,0.0616867995311024,2.19023636076678e-11,4.036262211088021e-10,0.0,0.0,0.0,0.0
558,0.24717321227538827,2.419863058534836e-05,1.0398606101723658e-05,5.56828167837463e-10,3.0439772985579183,0.24584627390144065,0.00012667596286815123,3.993346072363217e-16,0.7527668697588394,1.82159273981832e-05,5.7876908841905784e-08,7.76984925620778e-06,0.06179330306884707,2.1794223618049348e-11,3.973675732785074e-10,0.0,0.0,0.0,0.0
559,0.24689989140120114,2.4594604435173904e-05,1.0403727492685659e-05,5.670161763358816e-10,3.0439772985579183,0.24557394169776608,0.0001269246144861322,4.0384488098302273e-16,0.7530395609361479,1.852071012526159e-05,5.827812154990858e-08,7.776140261641431e-06,0.061724972850300285,2.1232969484744675e-11,4.05752642986921e-10,0.0,0.0,0.0,0.0
560,0.24712610081090897,2.4693338604555746e-05,1.0297542944444844e-05,5.471112986447006e-10,3.0439772985579183,0.24579933277528507,0.00012547649022923824,4.137556748490224e-16,0.752813460965408,1.858947769768633e-05,5.969976664727444e-08,7.692429176800168e-06,0.06178152520272724,1.995753021084695e-11,3.9191522005514904e-10,0.0,0.0,0.0,0.0
561,0.24683364292225998,2.4207865823756418e-05,1.0635837146757162e-05,5.746459897578019e-10,3.0439772985579183,0.2455079330161154,0.00012980258621491996,3.9628182470624804e-16,0.7531058621447636,1.8231085661884835e-05,5.724516177865068e-08,7.952666142261204e-06,0.061708410730564996,2.143434626722991e-11,4.1133491727735054e-10,0.0,0.0,0.0,0.0
562,0.24694916483602566,2.461898335930846e-05,1.0361220730198403e-05,5.651669030328122e-10,3.0439772985579183,0.24562303681971473,0.00012637255505231135,4.050071872476182e-16,0.7529903507751393,1.8537856915452993e-05,5.996690378468611e-08,7.741932328306054e-06,0.061737291209006416,2.3876710398885106e-11,4.0168851416229133e-10,0.0,0.0,0.0,0.0
563,0.24701874520152425,2.4429061661853435e-05,1.031697536644422e-05,5.356259785304779e-10,3.0439772985579183,0.24569236544348208,0.00012578590463582413,4.0262340366829073e-16,0.7529211620549007,1.839315749435351e-05,5.829043395811436e-08,7.709578647836852e-06,0.06175468630038106,2.2023134525019446e-11,3.8126099965694126e-10,0.0,0.0,0.0,0.0
564,0.24700826764893877,2.4065984996716347e-05,1.0547915379725924e-05,5.766406877580701e-10,3.0439772985579183,0.24568192579427725,0.00012860880407764708,3.9059163011220753e-16,0.7529316636508422,1.8120042120973846e-05,5.7403059430881865e-08,7.884456415474463e-06,0.06175206691223469,2.2027037974763795e-11,4.121439943876858e-10,0.0,0.0,0.0,0.0
565,0.2470579490594842,2.4255502469527212e-05,1.0387665855907614e-05,5.493463648478949e-10,3.0439772985579183,0.24573142749220375,0.0001266210996778371,3.974494368612158e-16,0.7528820629196501,1.8261532736410314e-05,5.749729812265197e-08,7.763190000393086e-06,0.06176448726487105,2.064624883792409e-11,3.9294677558616983e-10,0.0,0.0,0.0,0.0
566,0.246914641324564,2.430480937800687e-05,1.0332324955651385e-05,5.858282976049014e-10,3.0439772985579183,0.24558863823983854,0.00012604361073432227,3.9929028623663233e-16,0.7530254098012955,1.8302139042015994e-05,5.7980153657061145e-08,7.722523080272476e-06,0.061728660331141,2.226877397785589e-11,4.188748198992703e-10,0.0,0.0,0.0,0.0
567,0.24700520303351237,2.4186364348527143e-05,1.0264167671681842e-05,5.34720082200875e-10,3.0439772985579183,0.245678872265636,0.00012515125866508492,3.9621168705473937e-16,0.7529351878612592,1.8210764784439147e-05,5.899754004926734e-08,7.669255474067966e-06,0.06175130075837809,2.0634286087262178e-11,3.8197527945784166e-10,0.0,0.0,0.0,0.0
568,0.24680745578960947,2.4249618689857678e-05,1.0362156749508494e-05,5.668488471138397e-10,3.0439772985579183,0.24548184068930753,0.00012648042672254038,3.9908513144615025e-16,0.7531326026325311,1.826317843673898e-05,5.896180875951776e-08,7.745116272884063e-06,0.06170186394740237,2.2386754024404313e-11,4.0452559350169154e-10,0.0,0.0,0.0,0.0
569,0.24705705452302412,2.488070718903762e-05,1.0368016010425603e-05,5.394703172201457e-10,3.0439772985579183,0.24573053619124124,0.00012638203385180975,4.134977576606029e-16,0.7528820604795615,1.8732238094671284e-05,5.962746111738353e-08,7.746265795896928e-06,0.06176426363075603,2.31817661184198e-11,3.8297575787784615e-10,0.0,0.0,0.0,0.0
570,0.2469762815057135,2.404695770601068e-05,1.0414145931019617e-05,5.596422060013661e-10,3.0439772985579183,0.24565005537312226,0.00012699967302514306,3.8914454871626384e-16,0.7529639781300904,1.8106492936243835e-05,5.788302429342386e-08,7.783593724754402e-06,0.06174407037642837,2.306801040082559e-11,3.9832241135946256e-10,0.0,0.0,0.0,0.0
571,0.24712102984628745,2.3795251290024347e-05,1.0373037572009332e-05,5.624969792460493e-10,3.0439772985579183,0.24579428014735083,0.00012640004249225522,3.8744434137125063e-16,0.7528197130411518,1.7913534247898226e-05,5.9458902760753905e-08,7.749568265564397e-06,0.06178025746157186,2.028413483592183e-11,4.031746796666038e-10,0.0,0.0,0.0,0.0
572,0.2470276107567341,2.429012519239708e-05,1.0538335079969966e-05,5.673757661011557e-10,3.0439772985579183,0.2457011989280586,0.0001284785774941572,3.99103845329966e-16,0.7529120062838239,1.828832689149294e-05,5.7944337479595115e-08,7.876494670471794e-06,0.061756902689183525,2.205318943636826e-11,4.0513083693567447e-10,0.0,0.0,0.0,0.0
573,0.24699698471561102,2.3924276898024637e-05,1.0499227496025768e-05,5.358213068679901e-10,3.0439772985579183,0.24567068367960357,0.0001280229827021055,3.922749508350279e-16,0.7529432692473891,1.8013623261978454e-05,5.8227479734555634e-08,7.847095195695164e-06,0.061749246178902754,2.1352886413870334e-11,3.8209016011172264e-10,0.0,0.0,0.0,0.0
574,0.2470635824855765,2.464373206631763e-05,1.0406742124365326e-05,5.622727370627265e-10,3.0439772985579183,0.24573704054271198,0.00012684968374502818,4.077928864295975e-16,0.7528758022607481,1.855366955012781e-05,5.892208629713866e-08,7.776062239505128e-06,0.061765895621394125,2.3777659396332857e-11,3.9954387860911406e-10,0.0,0.0,0.0,0.0
575,0.2468302400336609,2.4749161487483714e-05,1.03252750990676e-05,5.606739898680847e-10,3.0439772985579183,0.24550454244651662,0.000126014691954287,4.0493179818295616e-16,0.7531091511947535,1.8638820000620743e-05,5.917188803508531e-08,7.71688727767604e-06,0.06170756000841523,2.2306580492755654e-11,3.9994213211377345e-10,0.0,0.0,0.0,0.0
576,0.2468495946870663,2.49938065454864e-05,1.0278771294111155e-05,5.107301572661382e-10,3.0439772985579183,0.2455238270351787,0.00012543403368750337,4.1833047551160327e-16,0.7530895349686235,1.882257414843609e-05,5.8970255151304135e-08,7.681864838779702e-06,0.061712398671766575,2.2047611513980818e-11,3.625779251160272e-10,0.0,0.0,0.0,0.0
577,0.24700178768505146,2.448413156251013e-05,1.0459052961909124e-05,5.599601166583405e-10,3.0439772985579183,0.24567546927295592,0.00012752969125191227,3.992383789856574e-16,0.7529377142668946,1.843502605448631e-05,5.7252600790996955e-08,7.817762829745253e-06,0.061750446921262865,2.0174495804689766e-11,4.014405945126647e-10,0.0,0.0,0.0,0.0
578,0.24692907734605,2.4141268098118106e-05,1.0283616005130358e-05,5.757325494792597e-10,3.0439772985579183,0.24560302201906678,0.00012543973292548094,3.9582203867198946e-16,0.753011331285879,1.8178648429493237e-05,5.8382191749171854e-08,7.685297186706811e-06,0.0617322693365125,2.133610117935121e-11,4.1219703236863943e-10,0.0,0.0,0.0,0.0
579,0.24727726104380557,2.404620712971711e-05,1.042941325084125e-05,5.705391223652356e-10,3.0439772985579183,0.24594994657821698,0.00012698027013895234,3.9549441331092967e-16,0.7526629890715558,1.8098690134086636e-05,5.794620279465531e-08,7.791887148846012e-06,0.06181931526095139,2.1620513001129868e-11,4.078031682205505e-10,0.0,0.0,0.0,0.0
580,0.24693303286859755,2.44666905581086e-05,1.0272223326845961e-05,5.612248012749143e-10,3.0439772985579183,0.24560696322756198,0.00012529802230461581,4.030565460473199e-16,0.753006911835123,1.842358709998692e-05,5.908509140999378e-08,7.675970073618998e-06,0.06173325821714939,2.2194712357333193e-11,4.0041144209597064e-10,0.0,0.0,0.0,0.0
581,0.2468729857830829,2.4478012665906557e-05,1.0522595294426834e-05,5.722760267922415e-10,3.0439772985579183,0.24554713346144677,0.0001283933538736702,4.001958988940294e-16,0.7530663714275121,1.8433568178070932e-05,5.743904311021631e-08,7.866773613264012e-06,0.06171824644577072,2.1113206991101774e-11,4.0984862396028516e-10,0.0,0.0,0.0,0.0
582,0.24700574657517074,2.4522411410484846e-05,1.0582958653704772e-05,5.500014474466684e-10,3.0439772985579183,0.24567941384092712,0.00012903769802662945,4.0538228059933365e-16,0.7529334182518812,1.846374304707529e-05,5.844347814053675e-08,7.909819756211725e-06,0.061751436643792686,2.1294282807928993e-11,3.928201870615735e-10,0.0,0.0,0.0,0.0
583,0.2470992390666922,2.420137808309205e-05,1.0373959648589003e-05,5.517990999045451e-10,3.0439772985579183,0.24577256816771384,0.00012642598220787598,3.990052892807227e-16,0.7528408886300794,1.8219786982147546e-05,5.863476209456557e-08,7.751306238361766e-06,0.06177480976667305,2.189195659227763e-11,3.935249681251381e-10,0.0,0.0,0.0,0.0
584,0.24709797005817194,2.421436445844458e-05,1.0279664686211166e-05,5.630258748739249e-10,3.0439772985579183,0.24577130374839834,0.00012527770951380098,3.952533493498202e-16,0.7528423508774763,1.8229599063899427e-05,5.9285492780894824e-08,7.679681435818494e-06,0.061774492514542985,2.3258185224078745e-11,4.0061153802085464e-10,0.0,0.0,0.0,0.0
585,0.24705066873888765,2.4444407679396747e-05,1.0402088048438764e-05,5.721594676197022e-10,3.0439772985579183,0.24572417350452525,0.00012680180910836595,4.0232518308016154e-16,0.7528890255409907,1.8403926277667727e-05,5.851087876857213e-08,7.773107055612075e-06,0.06176266718472191,2.257723657517783e-11,4.0819534745507174e-10,0.0,0.0,0.0,0.0
586,0.2468225591427621,2.431252942177057e-05,1.0432586708297677e-05,5.663803759230106e-10,3.0439772985579183,0.2454968893622747,0.00012732970607163413,3.954254932958286e-16,0.7531172466196695,1.8310185216483558e-05,5.775704720614468e-08,7.799203929667963e-06,0.061705639785690526,2.2157527991251187e-11,4.043933012632999e-10,0.0,0.0,0.0,0.0
587,0.24711038545911734,2.440243631245854e-05,1.0483624300963549e-05,5.637019446176242e-10,3.0439772985579183,0.2457836742516395,0.00012775470208491586,4.0109272359638495e-16,0.7528291927038228,1.837086642911461e-05,5.777802460453738e-08,7.834600394500028e-06,0.061777596364779336,2.133415473173571e-11,4.030371251603253e-10,0.0,0.0,0.0,0.0
588,0.2472033201904375,2.410248881725484e-05,1.0345928784376723e-05,5.58628866072634e-10,3.0439772985579183,0.24587627297348125,0.00012601390107656743,3.9543974382335935e-16,0.7527370279050658,1.8142835797415493e-05,5.7612092647083484e-08,7.730151591422121e-06,0.061800830047609376,2.1932897849799218e-11,3.985677344996924e-10,0.0,0.0,0.0,0.0
589,0.24691908471025956,2.4328067425527968e-05,1.0373202782104209e-05,5.393203132690128e-10,3.0439772985579183,0.2455930655451303,0.0001265392325266482,3.9580438817465775e-16,0.7530208396514309,1.8319541759867696e-05,5.81646517946649e-08,7.753073217060004e-06,0.06172977117756489,2.1944951847347188e-11,3.841744832915576e-10,0.0,0.0,0.0,0.0
590,0.2471036426266918,2.457717825233483e-05,1.0472740208616004e-05,5.563189945073178e-10,3.0439772985579183,0.24577695580298722,0.00012762665229428208,4.0515413749210403e-16,0.7528356965310186,1.8502577108363495e-05,5.785220867979971e-08,7.826400460862034e-06,0.06177591065667295,2.344510112416672e-11,3.9537169659918575e-10,0.0,0.0,0.0,0.0
591,0.2468159489432876,2.4405775036866487e-05,1.0280415959181082e-05,5.382467395929435e-10,3.0439772985579183,0.24549030309397,0.0001254769578153561,4.018534533404526e-16,0.753124059782231,1.8380576377896715e-05,5.789171446222325e-08,7.684536888966271e-06,0.0617039872358219,2.196994447336186e-11,3.83396625213425e-10,0.0,0.0,0.0,0.0
592,0.24698782627271204,2.463821482938512e-05,1.0287896573359313e-05,5.449195903338902e-10,3.0439772985579183,0.2456615583708471,0.00012545218378583718,4.0380634178237858e-16,0.7529518292073744,1.8551388924189782e-05,5.932077724512247e-08,7.68696976636205e-06,0.06174695656817801,2.1637454827117003e-11,3.886607474857187e-10,0.0,0.0,0.0,0.0
593,0.24692748554639365,2.47195638405852e-05,1.0263039545176156e-05,5.467793374993265e-10,3.0439772985579183,0.24560143597980022,0.00012518967550642927,4.089339697953127e-16,0.753012098733001,1.8614130647363464e-05,5.767645220731857e-08,7.670516495085563e-06,0.061731871386598414,2.2044436103955817e-11,3.8968702037025187e-10,0.0,0.0,0.0,0.0
594,0.24704987402438455,2.410003926073872e-05,1.0529521548532206e-05,5.737381043424269e-10,3.0439772985579183,0.24572338166454988,0.0001283558155324059,3.932900297967353e-16,0.752890050877914,1.81446797851773e-05,5.7187898222269297e-08,7.870384116172235e-06,0.06176246850609614,2.148642919474266e-11,4.104752813742251e-10,0.0,0.0,0.0,0.0
595,0.2471701208914346,2.4134602107092154e-05,1.0403951157839082e-05,5.4931608891835e-10,3.0439772985579183,0.24584319369386662,0.0001267431962356073,3.9373689410311276e-16,0.7527700452562623,1.8167805520397645e-05,5.782522476422573e-08,7.773957559166243e-06,0.06179253022285865,2.2508422165436984e-11,3.9100027494962235e-10,0.0,0.0,0.0,0.0
596,0.2471488791691368,2.452660002923087e-05,1.0478747868123484e-05,5.725327590437011e-10,3.0439772985579183,0.24582202877112114,0.00012766883098630301,4.0291833290196516e-16,0.7527905261248844,1.8463392140059312e-05,5.816807964952053e-08,7.830134041125169e-06,0.0617872197922842,2.1615381186189824e-11,4.0938185571804957e-10,0.0,0.0,0.0,0.0
597,0.24682283960832785,2.4719272417749696e-05,1.0302967821342239e-05,5.415493537601538e-10,3.0439772985579183,0.24549716881247347,0.0001257474646561319,4.0648178289016023e-16,0.7531166465375525,1.861649554810387e-05,5.802234821516278e-08,7.701314226778417e-06,0.06170570990208196,2.2877912708985317e-11,3.8497192052944045e-10,0.0,0.0,0.0,0.0
598,0.24707938616830458,2.3812733480188047e-05,1.0387588828249801e-05,5.441555677663506e-10,3.0439772985579183,0.24575278706738024,0.00012660568235552496,3.879655680769689e-16,0.7528612943542232,1.792768535000652e-05,5.8887403853973326e-08,7.76152616660164e-06,0.061769846542076144,2.067696047148953e-11,3.889967046071424e-10,0.0,0.0,0.0,0.0
599,0.24707508858773272,2.4233888446993478e-05,1.0342792960157655e-05,5.426259846364307e-10,3.0439772985579183,0.2457485050297561,0.00012606252574201698,3.9319161721346904e-16,0.7528650586762643,1.824484784759979e-05,5.8347095272846663e-08,7.728380333552698e-06,0.06176877214693318,2.23051084393053e-11,3.8621903532326676e-10,0.0,0.0,0.0,0.0
600,0.24694107808110985,2.4269908134434447e-05,1.0418206425978164e-05,5.517092473145918e-10,3.0439772985579183,0.24561497932713722,0.00012707318443743427,3.950749473679536e-16,0.7529988338955739,1.8275212523981842e-05,5.718255444371428e-08,7.787714735601218e-06,0.06173526952027746,2.208623797987913e-11,3.9335018189741327e-10,0.0,0.0,0.0,0.0
601,0.2470983466960436,2.3796902052017782e-05,1.0544303906586605e-05,5.747286990727112e-10,3.0439772985579183,0.2457716790242056,0.0001285025982783023,3.923911614937909e-16,0.7528420050772546,1.79153074554681e-05,5.8162782128681165e-08,7.880032113049908e-06,0.0617745866740109,2.071550450360295e-11,4.119644016817391e-10,0.0,0.0,0.0,0.0
602,0.24720656658604243,2.4400535302712784e-05,1.0558000999004105e-05,5.7280760789417e-10,3.0439772985579183,0.24587950763382316,0.00012859454885875269,4.03996854743201e-16,0.7527328541655731,1.836708458157882e-05,5.799950683020722e-08,7.889354719433126e-06,0.061801641646510606,2.1951666777342946e-11,4.092194388005901e-10,0.0,0.0,0.0,0.0
603,0.24679344778390772,2.423924600575497e-05,1.020643896713101e-05,5.593748815301398e-10,3.0439772985579183,0.24546788340109238,0.00012458918537722717,3.999497752719519e-16,0.7531469769930293,1.825571485382472e-05,5.814979366522058e-08,7.6287988602933565e-06,0.06169836194597693,2.163438032726446e-11,3.9965712070299427e-10,0.0,0.0,0.0,0.0
604,0.24707506169384394,2.445024754889544e-05,1.0300305767854492e-05,5.512921013952687e-10,3.0439772985579183,0.24574847823313456,0.0001255446529109301,4.0847242559706714e-16,0.7528648557236324,1.840773209330626e-05,5.816484254714376e-08,7.696573373277926e-06,0.061768765423460985,2.034947958080899e-11,3.9469896879771806e-10,0.0,0.0,0.0,0.0
605,0.24701394905860538,2.418400265255232e-05,1.0409049255638129e-05,5.827830430908106e-10,3.0439772985579183,0.24568758665079846,0.00012691178104315924,3.972361456951591e-16,0.7529261186018368,1.8208767249442743e-05,5.828675250384989e-08,7.778958301879105e-06,0.061753487264651345,2.192905603974155e-11,4.1686351858158947e-10,0.0,0.0,0.0,0.0
606,0.24709509467069735,2.4329081876397765e-05,1.0285030931863466e-05,5.295941860398247e-10,3.0439772985579183,0.24576843875947438,0.00012534501419873804,3.9986475249253736e-16,0.7528450413791191,1.8316028651952652e-05,5.849851681583074e-08,7.68453602066844e-06,0.061773773667674337,2.1160581391202712e-11,3.7754177551209e-10,0.0,0.0,0.0,0.0
607,0.2469974682591903,2.395455750532774e-05,1.0516758586513457e-05,5.563000756003392e-10,3.0439772985579183,0.2456711654738136,0.0001282364012204093,3.892216040750307e-16,0.7529427004421595,1.8036409215958467e-05,5.777551291266964e-08,7.860741097115041e-06,0.061749367064797576,2.0658324017674822e-11,3.982037571610221e-10,0.0,0.0,0.0,0.0
608,0.2469791441656985,2.4744949419562563e-05,1.030444274616369e-05,5.414280470202574e-10,3.0439772985579183,0.24565290767575082,0.00012565978324922763,4.0680560182071266e-16,0.7529603125432418,1.8631964848820538e-05,5.904667570377093e-08,7.699789755031583e-06,0.061744786041424624,2.154186429346506e-11,3.86131967210585e-10,0.0,0.0,0.0,0.0
609,0.24706204547737934,2.4034350572297453e-05,1.0594681869390797e-05,5.675804119174348e-10,3.0439772985579183,0.24573550909368735,0.00012914166727547697,3.9010525206792788e-16,0.7528778321701769,1.8094929756489358e-05,5.8157551626006816e-08,7.918343566733613e-06,0.061765511369344835,2.3518780423455967e-11,4.037999296831984e-10,0.0,0.0,0.0,0.0
610,0.2471065978823777,2.405005566550211e-05,1.049672574691283e-05,5.738384299000091e-10,3.0439772985579183,0.24577990037164782,0.0001279170471272606,3.929867043713997e-16,0.7528334808612497,1.810568712156677e-05,5.734411862968785e-08,7.8449424630646e-06,0.06177664947059443,2.215659237317454e-11,4.0984819026040353e-10,0.0,0.0,0.0,0.0
611,0.24697742049367583,2.4125648790839416e-05,1.0359176924488542e-05,5.42316813137858e-10,3.0439772985579183,0.24565119024011167,0.0001263285576992233,3.9606991154473955e-16,0.7529628449892775,1.816571715076257e-05,5.835735454147293e-08,7.741717974268693e-06,0.061744355123418956,2.2508864188397734e-11,3.858355463174021e-10,0.0,0.0,0.0,0.0
612,0.24674226243579966,2.4151006669582112e-05,1.031737091561728e-05,5.97946880001174e-10,3.0439772985579183,0.24541688339873502,0.00012597798980367662,3.925576771792472e-16,0.7531980403607873,1.819049089626955e-05,5.824155676999328e-08,7.712781998548324e-06,0.061685565608949916,2.11161954021358e-11,4.292562228545953e-10,0.0,0.0,0.0,0.0
613,0.24709975844478232,2.4021051357769124e-05,1.0440025005439939e-05,5.579074185507138e-10,3.0439772985579183,0.24577308566754705,0.00012723077685577433,3.894165898106424e-16,0.7528404915558682,1.8084020111871663e-05,5.822275494318075e-08,7.801450802007779e-06,0.06177493961119558,2.154201228448751e-11,3.984732829398973e-10,0.0,0.0,0.0,0.0
614,0.24660543847770747,2.436054574846334e-05,1.0291484702891773e-05,5.504560644245569e-10,3.0439772985579183,0.2452805550726079,0.0001257544281965522,4.011219577522053e-16,0.7533345965429615,1.8351641902984987e-05,5.838428865009014e-08,7.694547187830943e-06,0.06165135961942687,2.2281480065813896e-11,3.9239611714208617e-10,0.0,0.0,0.0,0.0
615,0.2468439233909365,2.4777310104065704e-05,1.0267766452660852e-05,5.598706781443111e-10,3.0439772985579183,0.2455181762688526,0.00012530361994116503,4.0989627883607793e-16,0.7530955564671141,1.865968214057961e-05,5.8865956683855046e-08,7.673743333657135e-06,0.061710980847734125,2.288945816562623e-11,3.987466617410843e-10,0.0,0.0,0.0,0.0
616,0.24686199029123856,2.4518244198524406e-05,1.0303361520678922e-05,5.216271080483485e-10,3.0439772985579183,0.24553617776948514,0.0001257258410247899,4.043278977625922e-16,0.7530778009712691,1.8464145424701335e-05,5.7997427039252864e-08,7.70123540956562e-06,0.06171549757280964,2.0948481479253223e-11,3.718773139767997e-10,0.0,0.0,0.0,0.0
617,0.24692794503420137,2.4343645863477216e-05,1.044438453544621e-05,5.482404533460057e-10,3.0439772985579183,0.24560189380481404,0.00012740145313774607,3.99031757634731e-16,0.7530117957383963,1.833105248647656e-05,5.8490779091485206e-08,7.806253975327202e-06,0.06173198625855034,2.1269547439348172e-11,3.9156198083116e-10,0.0,0.0,0.0,0.0
618,0.24710322503691065,2.4818387456045934e-05,1.0321749749543767e-05,5.517848064919487e-10,3.0439772985579183,0.2457765397233367,0.00012578687699944398,4.106025474742366e-16,0.7528360919440445,1.868417782076272e-05,5.732760384790993e-08,7.71325813962304e-06,0.06177580625922766,2.045342173235395e-11,3.9495009558114554e-10,0.0,0.0,0.0,0.0
619,0.2468012806650192,2.464817376011693e-05,1.0421358272655103e-05,5.529022308250956e-10,3.0439772985579183,0.24547568792207428,0.00012720714182482565,4.073806788121759e-16,0.7531380433028971,1.8563477356684276e-05,5.7771348351786316e-08,7.790950029674138e-06,0.0617003201662548,2.2158980470481117e-11,3.942527237909382e-10,0.0,0.0,0.0,0.0
620,0.24710799486320403,2.4415782892921264e-05,1.0372587943038586e-05,5.224822057648165e-10,3.0439772985579183,0.24578129230064671,0.00012640326269026172,4.0394038941658124e-16,0.7528318139862221,1.8380978125171685e-05,5.909726509673612e-08,7.749716931792619e-06,0.06177699871580101,2.081526713076338e-11,3.72525959610686e-10,0.0,0.0,0.0,0.0
621,0.24686577326488274,2.458765323041038e-05,1.042549502623701e-05,5.35449040998411e-10,3.0439772985579183,0.24553994704987742,0.00012721351139680662,4.0619855358312997e-16,0.7530736377908205,1.8516313462964363e-05,5.847577576352477e-08,7.792689689414885e-06,0.061716443316220684,2.291338140648321e-11,3.803191757497964e-10,0.0,0.0,0.0,0.0
622,0.24680385081534426,2.394842274645649e-05,1.0585060264523016e-05,5.740075951261221e-10,3.0439772985579183,0.2454782487669717,0.00012920368278679546,3.8858645514272e-16,0.7531361573391634,1.8036423081600053e-05,5.809217412019063e-08,7.913899438706142e-06,0.061700962703836064,2.1168289528546065e-11,4.1113758494823585e-10,0.0,0.0,0.0,0.0
623,0.24697528767562793,2.460383962964826e-05,1.0528577128194028e-05,5.769275211420854e-10,3.0439772985579183,0.2456490651388289,0.00012839565131918807,4.031295666561298e-16,0.7529638747656545,1.852580242165272e-05,5.815015921371472e-08,7.86948807100031e-06,0.06174382191890698,2.1508444853799093e-11,4.128971369242896e-10,0.0,0.0,0.0,0.0
624,0.24689824063112603,2.4258276201758554e-05,1.017932884070309e-05,5.392807051550189e-10,3.0439772985579183,0.24557229690216767,0.00012418823918479394,3.961285872491397e-16,0.7530422251219184,1.826750628859434e-05,5.827567239421736e-08,7.607188768056555e-06,0.06172456015778151,2.1180204487294092e-11,3.849209376879586e-10,0.0,0.0,0.0,0.0
625,0.24692094778192059,2.4403628502630677e-05,1.0409133817199068e-05,5.539220710530404e-10,3.0439772985579183,0.2455949218745061,0.00012697623811959517,3.9716444324135863e-16,0.7530187816989244,1.83763906040841e-05,5.847924739231511e-08,7.779794018176002e-06,0.061730236945480146,2.1943362762517202e-11,3.951703603379883e-10,0.0,0.0,0.0,0.0
626,0.24687620629698362,2.4403774150046602e-05,1.043028750590773e-05,5.6707522361019e-10,3.0439772985579183,0.24555034231852477,0.0001272648933819995,3.977361199043376e-16,0.7530634715280511,1.8377590879820608e-05,5.785101928739602e-08,7.796817498947136e-06,0.061719051574245905,2.130478347832834e-11,4.057388530311071e-10,0.0,0.0,0.0,0.0
627,0.2471033730613403,2.4286983207826472e-05,1.0429290924427987e-05,5.496624374263071e-10,3.0439772985579183,0.24577668721246515,0.0001270974295753961,3.9957514171135964e-16,0.7528365011360793,1.8284127461330793e-05,5.844569255719582e-08,7.793105196319435e-06,0.06177584326533508,2.0556914402705414e-11,3.932490317952447e-10,0.0,0.0,0.0,0.0
628,0.24697618112655867,2.426512712342202e-05,1.0397556092278464e-05,5.587649223113777e-10,3.0439772985579183,0.24564995535715023,0.00012679738069995406,3.9316261557546307e-16,0.7529637874562951,1.827076202196032e-05,5.8177037313795625e-08,7.770806178217472e-06,0.06174404528163967,2.1443254004823407e-11,3.99286498196474e-10,0.0,0.0,0.0,0.0
629,0.247009290001937,2.4384437779721842e-05,1.0253669453643016e-05,5.424397371655212e-10,3.0439772985579183,0.24568294444876343,0.00012502046085407486,4.056224635870395e-16,0.7529308266395363,1.8359794894626306e-05,5.942296879483872e-08,7.66088084902516e-06,0.06175232250048425,2.180924335455276e-11,3.8661035635161586e-10,0.0,0.0,0.0,0.0
630,0.24698428872767966,2.4983073640364285e-05,1.0200818633401754e-05,5.436876418879234e-10,3.0439772985579183,0.24565803362454533,0.00012439265479132186,4.140724745341897e-16,0.7529550438722228,1.881113130894346e-05,5.8318625383659375e-08,7.622439216261947e-06,0.061746072181919916,2.2097778412758583e-11,3.872745738377481e-10,0.0,0.0,0.0,0.0
631,0.24698442902746204,2.4537262683188006e-05,1.0520538777569369e-05,5.524821629395414e-10,3.0439772985579183,0.24565817341672402,0.00012829133814881518,3.995727924331483e-16,0.7529548526880389,1.8475451008987537e-05,5.736028791889148e-08,7.864130437544652e-06,0.06174610725686551,2.3289978934060482e-11,3.9270414667485106e-10,0.0,0.0,0.0,0.0
632,0.2468522605922937,2.40604468237453e-05,1.0485633880323543e-05,5.867281428810703e-10,3.0439772985579183,0.2455264832901226,0.00012795674639724436,3.9156022480129166e-16,0.7530878072489973,1.811962913992545e-05,5.816186578057587e-08,7.838441160768076e-06,0.061713065148073426,2.2238035880954996e-11,4.1961977469262653e-10,0.0,0.0,0.0,0.0
633,0.24702331840085018,2.4559394095380112e-05,1.0355770139995842e-05,5.376323900348593e-10,3.0439772985579183,0.24569692209938446,0.0001262557436811244,4.0675722736234795e-16,0.7529163053461477,1.849116826383359e-05,5.851498117888703e-08,7.738513211640741e-06,0.061755829600212545,2.106820516217167e-11,3.837239875772936e-10,0.0,0.0,0.0,0.0
634,0.24722672558915945,2.3618203258225836e-05,1.0449125420753005e-05,5.532600772323625e-10,3.0439772985579183,0.2458995937683351,0.00012725491924096613,3.8463594163348813e-16,0.752714120374435,1.7777755090340073e-05,5.811026609935331e-08,7.807093983664892e-06,0.06180668139728986,2.2744872619651296e-11,3.937017997525984e-10,0.0,0.0,0.0,0.0
635,0.24719972935942183,2.4275058744863128e-05,1.0591396276083292e-05,5.783033552795655e-10,3.0439772985579183,0.24587269512298848,0.00012900605645001573,3.9204077857866298e-16,0.7527398042924336,1.8272802968795598e-05,5.709089054512448e-08,7.915474669497423e-06,0.06179993233985546,2.1853645616867992e-11,4.134583088579298e-10,0.0,0.0,0.0,0.0
636,0.2466112176146579,2.4598287924393234e-05,1.0407612540412143e-05,5.463908257950004e-10,3.0439772985579183,0.2452863132697954,0.00012716936510898517,4.046851433486394e-16,0.7533281972939375,1.8530583898600386e-05,5.8789945722087195e-08,7.78155804748037e-06,0.061652804403664475,2.0958652775171178e-11,3.906529630389223e-10,0.0,0.0,0.0,0.0
637,0.24713182712053788,2.447464597441746e-05,1.0406610185804082e-05,5.448210526381954e-10,3.0439772985579183,0.24580503837892828,0.00012680159571089612,3.9956731341673244e-16,0.7528078180679024,1.842470483398558e-05,5.8357157588366765e-08,7.775820349870012e-06,0.06178295678013447,2.141887102783784e-11,3.8872667684617984e-10,0.0,0.0,0.0,0.0
638,0.24700098628794218,2.4513507313467054e-05,1.0518293143737818e-05,5.427165853675284e-10,3.0439772985579183,0.2456746707751025,0.00012825254301440574,3.9849588184782213e-16,0.7529383376559318,1.8457159446718408e-05,5.8278941008087245e-08,7.86134721361565e-06,0.061750246571985544,2.0188702631899223e-11,3.8844342097303115e-10,0.0,0.0,0.0,0.0
639,0.24706438096780126,2.4226417462431456e-05,1.0357550143687763e-05,5.404506928068128e-10,3.0439772985579183,0.24573783613693642,0.00012624965579326712,3.9070372051717764e-16,0.752875743376701,1.8239482056382373e-05,5.754478850182362e-08,7.740403475488558e-06,0.061766095241950314,2.0801768194322996e-11,3.860904489110593e-10,0.0,0.0,0.0,0.0
640,0.2468098200625213,2.4140651972715676e-05,1.036764552066256e-05,5.650988261856467e-10,3.0439772985579183,0.2454841964023908,0.00012654583865814243,3.9421726756189814e-16,0.753130390275945,1.818105864172712e-05,5.7801495933838186e-08,7.75038742128541e-06,0.06170245501563033,2.1623222360215234e-11,4.0396987714945923e-10,0.0,0.0,0.0,0.0
641,0.24696488435135736,2.445700642675674e-05,1.0152474756812446e-05,5.162347131334826e-10,3.0439772985579183,0.2456386994558312,0.0001238161973532031,4.034239290861109e-16,0.7529753481938044,1.841552292996527e-05,5.908293770394951e-08,7.585480277335711e-06,0.06174122108783934,2.1193421397652194e-11,3.6751859147376057e-10,0.0,0.0,0.0,0.0
642,0.24688116511349378,2.4471083213204624e-05,1.0112144317727635e-05,5.48263973536783e-10,3.0439772985579183,0.24555528318662098,0.00012337988771479852,4.0685790974337275e-16,0.7530591305249092,1.8428172647538576e-05,5.90966552798963e-08,7.555945952370478e-06,0.061720291278373446,2.1405357776812498e-11,3.9146983343292916e-10,0.0,0.0,0.0,0.0
643,0.24719501558992416,2.4486245528615535e-05,1.0202522146120376e-05,5.582623982092073e-10,3.0439772985579183,0.24586799839361095,0.00012427270525791666,4.0553292751044735e-16,0.7527450779735437,1.843190079971704e-05,5.944960831129814e-08,7.620448720096891e-06,0.06179875389748104,2.254887444678619e-11,3.9768039802290106e-10,0.0,0.0,0.0,0.0
644,0.24695871043228515,2.4099158358573017e-05,1.0477440227431965e-05,5.545689933148417e-10,3.0439772985579183,0.24563254787593944,0.00012778357684953715,3.919428619364118e-16,0.7529813262633432,1.8146216222668644e-05,5.783250727851958e-08,7.831484331018107e-06,0.06173967760807129,2.256174852167898e-11,3.950183475690576e-10,0.0,0.0,0.0,0.0
645,0.24688257981415787,2.4420989728162023e-05,1.0258556925189602e-05,5.463740155669532e-10,3.0439772985579183,0.2455566927668465,0.0001251652965348644,4.001689141151951e-16,0.7530574606418211,1.839040851104969e-05,5.764450329438753e-08,7.667638324638462e-06,0.06172064495353947,2.1596713523896134e-11,3.898543151996284e-10,0.0,0.0,0.0,0.0
646,0.24687707940684164,2.4787567727950648e-05,1.0135739457811652e-05,5.132679830179477e-10,3.0439772985579183,0.2455512122681403,0.00012367040635260688,4.1243113275842607e-16,0.7530626861629283,1.8666592336656026e-05,5.862614052643149e-08,7.574221041820793e-06,0.06171926985171041,2.088941432180169e-11,3.6563355169112227e-10,0.0,0.0,0.0,0.0
647,0.24692910378409857,2.3930231230498785e-05,1.0333611945995212e-05,5.63916833732047e-10,3.0439772985579183,0.24560304836144192,0.00012604960069406904,3.9042865717138915e-16,0.7530115097798056,1.8019739548257745e-05,5.858539557381384e-08,7.722743337358675e-06,0.061732275946024644,2.0653076833791617e-11,4.039827895250247e-10,0.0,0.0,0.0,0.0
648,0.2468393809734558,2.454758686374811e-05,1.0448332816918533e-05,5.55568882017981e-10,3.0439772985579183,0.24551365029502195,0.00012751028293505004,4.0121389926447236e-16,0.7531000366027911,1.8486788565598896e-05,5.826222195450979e-08,7.81037760490498e-06,0.06170984524336395,2.2162707176136605e-11,3.9623623820697665e-10,0.0,0.0,0.0,0.0
649,0.24699982673225912,2.491276593108378e-05,1.0315367924161942e-05,5.431786985043194e-10,3.0439772985579183,0.2456735154144203,0.00012577897833469264,4.1130899839949673e-16,0.7529393542633547,1.8757801893064324e-05,5.9545811028531516e-08,7.707300652778883e-06,0.06174995668306478,2.1743233884414017e-11,3.8723738461703764e-10,0.0,0.0,0.0,0.0
650,0.24690921878852454,2.43057100289935e-05,1.0324257476283214e-05,5.593274169352151e-10,3.0439772985579183,0.24558323532808213,0.00012594887157159153,3.9547505736996734e-16,0.7530308489127611,1.8302949456560386e-05,5.8977334260579006e-08,7.715507037498889e-06,0.061727304697131134,2.2763432911289482e-11,3.9842736668361745e-10,0.0,0.0,0.0,0.0
651,0.24697647164132994,2.4288679233048826e-05,1.038215719756644e-05,5.695688492687809e-10,3.0439772985579183,0.24565024482080766,0.00012660939448814058,4.020889657605955e-16,0.7529634962244584,1.828848883399084e-05,5.827597525816276e-08,7.759109406573388e-06,0.061744117910332484,2.204693007571633e-11,4.068176220102464e-10,0.0,0.0,0.0,0.0
652,0.24690265444564558,2.441359848590701e-05,1.0535832306185616e-05,5.583557014583715e-10,3.0439772985579183,0.2455766947422705,0.00012853436787026469,4.017363247737337e-16,0.753036772330494,1.838433740480005e-05,5.75481626857337e-08,7.876320990979628e-06,0.061725663611411394,2.12432310844878e-11,3.9921914415405325e-10,0.0,0.0,0.0,0.0
653,0.24700010497168937,2.4614999838340652e-05,1.0397554475376594e-05,5.325398915123387e-10,3.0439772985579183,0.24567379264724373,0.0001267809629976098,3.992693541505238e-16,0.7529393388363872,1.853360170373799e-05,5.859136048051112e-08,7.77013643172486e-06,0.06175002624292234,2.05101038628959e-11,3.8046012995640573e-10,0.0,0.0,0.0,0.0
654,0.24688740778485294,2.4473684124009522e-05,1.0382543742624463e-05,5.733605257524099e-10,3.0439772985579183,0.2455615032631563,0.00012667471767744738,3.9836179871367823e-16,0.7530522734729562,1.8429963469844365e-05,5.869238028388089e-08,7.759905789531886e-06,0.061721851946213234,2.2299666727892428e-11,4.0947078070960934e-10,0.0,0.0,0.0,0.0
655,0.2469250763846844,2.4402634236022382e-05,1.0376050805048415e-05,5.322246728152374e-10,3.0439772985579183,0.2455990355364115,0.00012656987629482575,4.026510944968819e-16,0.7530147297682318,1.8375543024871396e-05,5.933293744561515e-08,7.75398615557936e-06,0.0617312690961711,2.2015216210789656e-11,3.78757801965162e-10,0.0,0.0,0.0,0.0
656,0.24703843300079042,2.4378976117999075e-05,1.0275790624184113e-05,5.546517532844765e-10,3.0439772985579183,0.24571198202478678,0.00012527054291879114,4.0042621496191535e-16,0.7529016441562996,1.8354971202088665e-05,5.858935514943968e-08,7.678070300804666e-06,0.061759608250197606,2.2473550329434675e-11,3.951246666526219e-10,0.0,0.0,0.0,0.0
657,0.24693286656240282,2.498336230011908e-05,1.0202189861984419e-05,5.327495215184595e-10,3.0439772985579183,0.24560679752318362,0.00012444378041773493,4.1792043596918974e-16,0.7530064584202016,1.881263316504145e-05,5.988858300690694e-08,7.622426273096467e-06,0.061733216640600705,2.311301098841683e-11,3.780508194352553e-10,0.0,0.0,0.0,0.0
658,0.24706615208994628,2.4647266413038026e-05,1.0360059051927135e-05,5.58609028252868e-10,3.0439772985579183,0.24573960085320884,0.00012627892768700343,4.0860212817477854e-16,0.7528733329919814,1.8556269613525258e-05,5.9089637018639286e-08,7.74072255139949e-06,0.06176653802248657,2.3021017173767238e-11,3.975408237663814e-10,0.0,0.0,0.0,0.0
659,0.24697934245408168,2.438721050692042e-05,1.0285211592855124e-05,5.486433079409069e-10,3.0439772985579183,0.24565310524671344,0.00012542522797492277,3.982791936333095e-16,0.7529606963535627,1.836261100541172e-05,5.766722824676744e-08,7.686692854853162e-06,0.06174483561352042,2.2671611991879717e-11,3.9043523520502764e-10,0.0,0.0,0.0,0.0
660,0.24686174147591458,2.487875436263298e-05,1.0389824067808813e-05,5.367616495709373e-10,3.0439772985579183,0.24553592985480652,0.0001267809378377307,4.1015913010582303e-16,0.7530773114229549,1.8735625446963754e-05,5.901432769978184e-08,7.765326447443187e-06,0.061715435368978645,2.263078460608005e-11,3.815922353277517e-10,0.0,0.0,0.0,0.0
661,0.24708235778759058,2.468142787967277e-05,1.0376908896587198e-05,5.530645396056012e-10,3.0439772985579183,0.24575574793944158,0.00012647327761083663,4.0678370826890553e-16,0.7528570391392617,1.858158671521967e-05,5.897424302010022e-08,7.7533546642824e-06,0.061770589446897645,2.1311723831205306e-11,3.950668079091866e-10,0.0,0.0,0.0,0.0
662,0.24693373088720408,2.427250079138366e-05,1.0363278912770283e-05,5.595981351719366e-10,3.0439772985579183,0.2456076587202359,0.00012640823573939879,3.9578106857111854e-16,0.753006300629778,1.827734602795317e-05,5.8244935410674374e-08,7.745369381089063e-06,0.06173343272180102,2.2192260361638697e-11,3.991886612435038e-10,0.0,0.0,0.0,0.0
663,0.24716005612163489,2.4192791809761816e-05,1.046833790476469e-05,5.730485341571333e-10,3.0439772985579183,0.24583316531249275,0.00012753442825064586,3.9652238170582237e-16,0.7527798761043812,1.8211846821171588e-05,5.9074764446768476e-08,7.821279346520793e-06,0.06179001403040872,2.2020590572090658e-11,4.0935881397251343e-10,0.0,0.0,0.0,0.0
664,0.24703486639303748,2.4324961778511053e-05,1.0357001577825508e-05,5.476380414009098e-10,3.0439772985579183,0.24570842831834838,0.00012626297671742344,4.026823878955527e-16,0.7529051084282216,1.831438798536221e-05,5.914494591957718e-08,7.738694450024398e-06,0.06175871659825937,2.191347550347846e-11,3.904060034368924e-10,0.0,0.0,0.0,0.0
665,0.24706863456093733,2.400797218583774e-05,1.0371814940420836e-05,5.194650445523899e-10,3.0439772985579183,0.24574207434556444,0.0001264206905356331,3.9193044506417074e-16,0.7528717869126949,1.8074924919701934e-05,5.810475233137907e-08,7.750542095391043e-06,0.06176715864023433,1.9663865084393297e-11,3.714267112464472e-10,0.0,0.0,0.0,0.0
666,0.2468385655588073,2.4344700569753162e-05,1.0396925206504393e-05,5.644072364161502e-10,3.0439772985579183,0.24551283783222327,0.00012688353777886305,4.0413444741126667e-16,0.7531012736046091,1.833402500460396e-05,5.873698694358781e-08,7.771200627646734e-06,0.06170964138970182,2.1314711041693493e-11,4.0374109753496686e-10,0.0,0.0,0.0,0.0
667,0.24694712247805714,2.435278036256499e-05,1.0595799020900316e-05,5.560317324010379e-10,3.0439772985579183,0.24562100185203578,0.00012923502997349803,3.9713293676825245e-16,0.7529922640182608,1.8337455220347255e-05,5.845284883842181e-08,7.920101844991779e-06,0.061736780619514285,2.0722959092554463e-11,3.979646339540988e-10,0.0,0.0,0.0,0.0
668,0.24706503642321914,2.404974861816009e-05,1.0181571133164672e-05,5.295695286660278e-10,3.0439772985579183,0.24573848922166908,0.000124104294625954,3.9343777292413787e-16,0.7528757514683498,1.8106472563522187e-05,5.892949352342454e-08,7.606528524486387e-06,0.061766259105804786,2.079218042789714e-11,3.7790787642127836e-10,0.0,0.0,0.0,0.0
669,0.2470600928168245,2.3758769469716583e-05,1.0314323954717577e-05,5.451806733724148e-10,3.0439772985579183,0.2457335634957178,0.00012572579765933906,3.85711098184501e-16,0.7528808328969179,1.7887522146966086e-05,5.7731973758264495e-08,7.707724836038137e-06,0.061765023204206126,2.0905935984954007e-11,3.895501434629722e-10,0.0,0.0,0.0,0.0
670,0.24692480005765785,2.427206406458825e-05,1.056177748186536e-05,5.687996474238099e-10,3.0439772985579183,0.24559876020936772,0.00012883557385066148,3.958396770019336e-16,0.7530147829759434,1.8277223053974116e-05,5.748134724898226e-08,7.895693231098068e-06,0.06173120001441446,2.0761542259954403e-11,4.075530008016789e-10,0.0,0.0,0.0,0.0
671,0.24690466699844218,2.430205225281136e-05,1.0577955335834741e-05,5.539892331704627e-10,3.0439772985579183,0.24557870001135557,0.00012904687342601547,3.93515752256285e-16,0.753034832792809,1.830029185471791e-05,5.7128961273826474e-08,7.90843986633629e-06,0.061726166749610546,2.1552280431083745e-11,3.956209091384521e-10,0.0,0.0,0.0,0.0
672,0.24694153788325954,2.446575004176208e-05,1.038233739678544e-05,5.716116614364579e-10,3.0439772985579183,0.24561543746544426,0.00012663533279452864,4.014598223946256e-16,0.7529981601330328,1.8422664767721516e-05,5.856309934533468e-08,7.759317858314483e-06,0.061735384470814884,2.2274917346734654e-11,4.0814761202550417e-10,0.0,0.0,0.0,0.0
673,0.2470789762865636,2.4215815545173563e-05,1.0378594399148914e-05,5.288858052595725e-10,3.0439772985579183,0.24575237866803654,0.00012649623690516902,3.998096214511612e-16,0.7528611177153909,1.8231145957729107e-05,5.834097122457518e-08,7.75529920843337e-06,0.0617697440716409,2.267148041832475e-11,3.7550607807320156e-10,0.0,0.0,0.0,0.0
674,0.24704791381611135,2.4284543731113932e-05,1.0344849743533328e-05,5.582703786529621e-10,3.0439772985579183,0.24572142854650045,0.00012610600182820172,3.983825791915739e-16,0.7528921502901187,1.828364234853279e-05,5.879834962893996e-08,7.72975781820805e-06,0.06176197845402784,2.1671486095254565e-11,3.986458997320529e-10,0.0,0.0,0.0,0.0
675,0.24686223367982188,2.4430460191458045e-05,1.0398975994138047e-05,5.654839773195115e-10,3.0439772985579183,0.2455364202770672,0.00012689238775385559,4.0407419411711374e-16,0.7530774735786698,1.839802923934749e-05,5.831481376702111e-08,7.772919755703695e-06,0.06171555841995547,2.324690691622422e-11,4.0260633807277133e-10,0.0,0.0,0.0,0.0
676,0.24680674762987875,2.4401372952065405e-05,1.031430658193541e-05,5.301163768415354e-10,3.0439772985579183,0.24548113509347816,0.00012589682734577754,4.0106969998410074e-16,0.7531331904694376,1.837748386322366e-05,5.935038199543893e-08,7.708696241537496e-06,0.06170168690746969,2.1423366631039106e-11,3.778248715797251e-10,0.0,0.0,0.0,0.0
677,0.24689386559870602,2.454575662295997e-05,1.0409940101390169e-05,5.494152344065448e-10,3.0439772985579183,0.245567937704078,0.00012700453367969094,4.077494970909234e-16,0.753045645876303,1.8484075149659432e-05,5.927552960308339e-08,7.779884537581902e-06,0.061723466399676505,2.295945996462197e-11,3.907752900833349e-10,0.0,0.0,0.0,0.0
678,0.24713393505505823,2.4135897526098068e-05,1.0300296033156811e-05,5.532486079561704e-10,3.0439772985579183,0.24580713869140353,0.00012550489102649005,3.9531107528422576e-16,0.7528064603238127,1.8169659583360154e-05,5.797286437355723e-08,7.696156532634631e-06,0.06178348376376456,2.1568982117600355e-11,3.9492014411696106e-10,0.0,0.0,0.0,0.0
679,0.24690304588724454,2.432014155956723e-05,1.0402736124136976e-05,5.583762679165062e-10,3.0439772985579183,0.24557708476718276,0.0001269104368667413,3.989395741277503e-16,0.7530368223167547,1.831396211831015e-05,5.84728629477079e-08,7.775170491372113e-06,0.061725761471811136,2.1782935362096387e-11,3.986949550868383e-10,0.0,0.0,0.0,0.0
680,0.24705093469675257,2.4525253650420715e-05,1.0361924232664525e-05,5.509090609058247e-10,3.0439772985579183,0.24572443850040737,0.00012631202504030217,4.0346583281967985e-16,0.7528887286995223,1.846478704189857e-05,5.839535011624305e-08,7.742980612295324e-06,0.06176273367418814,2.218765913604642e-11,3.9258556335838757e-10,0.0,0.0,0.0,0.0
681,0.24705535797389508,2.4265134449104863e-05,1.0324476866050446e-05,5.718159412968732e-10,3.0439772985579183,0.2457288457784843,0.00012585262796418093,4.0008536620366093e-16,0.7528847818887213,1.8268850457214813e-05,5.86432468283393e-08,7.7144982665832e-06,0.06176383949347377,2.2092950341209038e-11,4.0841856990258124e-10,0.0,0.0,0.0,0.0
682,0.24698936608027613,2.4045445857178723e-05,1.0268164066616869e-05,5.502286338637157e-10,3.0439772985579183,0.2456630926074896,0.00012521068177227674,3.97448614070808e-16,0.7529512266452115,1.8105047953393738e-05,5.880541305784396e-08,7.672621316295612e-06,0.061747341520069034,2.0428319159081705e-11,3.9386700564392206e-10,0.0,0.0,0.0,0.0
683,0.24704116148234886,2.424357249085794e-05,1.0448340703917924e-05,6.038504309625602e-10,3.0439772985579183,0.24571470063686532,0.00012737217388861122,3.949373376431825e-16,0.752898729799628,1.8252954934172147e-05,5.7855880639156385e-08,7.8086865638544e-06,0.061760290370587216,2.1587543849077004e-11,4.3305067861159254e-10,0.0,0.0,0.0,0.0
684,0.24701107617555002,2.4134047441302937e-05,1.0479525956687095e-05,5.654214778792834e-10,3.0439772985579183,0.24568472416066686,0.0001277730237959877,3.8787121254516274e-16,0.7529289073880163,1.817122197083077e-05,5.8044832674488134e-08,7.832293195838283e-06,0.061752769043887504,2.2379601626375268e-11,4.0334257392699105e-10,0.0,0.0,0.0,0.0
685,0.2469512059828827,2.4363430372359634e-05,1.0265943905975826e-05,5.440735693492398e-10,3.0439772985579183,0.2456250705807238,0.00012520921905190792,4.0011114911824485e-16,0.7529889099395106,1.8345392878470247e-05,5.771822664634561e-08,7.672423684614553e-06,0.061737801495720675,2.0967340329484125e-11,3.8871402358169874e-10,0.0,0.0,0.0,0.0
686,0.24699825501343936,2.412361819610218e-05,1.03133719133417e-05,5.668379252864025e-10,3.0439772985579183,0.24567194938174156,0.00012575590215355194,3.9272192902722046e-16,0.7529421185079646,1.8163688190650458e-05,5.917786063815634e-08,7.706194236753882e-06,0.06174956375335984,2.2439749994817494e-11,4.0435639832098577e-10,0.0,0.0,0.0,0.0
687,0.24699907477414385,2.4481973331452134e-05,1.05133082018232e-05,5.447283768788672e-10,3.0439772985579183,0.2456727661767236,0.00012819308768920285,4.005408669294626e-16,0.7529403077468697,1.8433464534434226e-05,5.819438865184183e-08,7.857699124266608e-06,0.06174976869353596,2.155356721880982e-11,3.885943845068173e-10,0.0,0.0,0.0,0.0
688,0.24695515868196363,2.402932173572998e-05,1.0472772129892315e-05,5.646897083879806e-10,3.0439772985579183,0.24562900897721274,0.00012772910345407382,3.8876981435166105e-16,0.7529849933851775,1.8093718668228942e-05,5.780921809491814e-08,7.828031034856519e-06,0.06173878967049091,2.1619038718628304e-11,4.035838376165731e-10,0.0,0.0,0.0,0.0
689,0.24714024634413262,2.4354369327461755e-05,1.0354391595649815e-05,5.56257918680452e-10,3.0439772985579183,0.24581342715997107,0.00012615966822376003,3.997335277685136e-16,0.7527996984538754,1.833396188574752e-05,5.858118209166772e-08,7.736201688786855e-06,0.061785061586033155,2.0888338430597397e-11,3.978624550146272e-10,0.0,0.0,0.0,0.0
690,0.24691672554314037,2.4363662698449014e-05,1.0720309311143624e-05,5.723138307033731e-10,3.0439772985579183,0.245590714915691,0.00013077498266662004,3.958007017217443e-16,0.7530223607782746,1.8346382802391663e-05,5.844383709128733e-08,8.014188788659401e-06,0.06172918138578509,2.2962561327094604e-11,4.080025505752172e-10,0.0,0.0,0.0,0.0
691,0.24688415903266409,2.4723598940583002e-05,1.0294370016926787e-05,5.3804110345113e-10,3.0439772985579183,0.2455582662694836,0.00012560109801566723,4.059661225667887e-16,0.7530553449650145,1.86182383289774e-05,5.845791549683703e-08,7.693772448797467e-06,0.06172103975816602,2.3499076339782324e-11,3.816756524249655e-10,0.0,0.0,0.0,0.0
692,0.2469186937571159,2.4248180183831043e-05,1.0584445724802964e-05,5.584904062085653e-10,3.0439772985579183,0.2455926760068164,0.00012911632481156653,3.9337739887208606e-16,0.7530208736033033,1.825938582531876e-05,5.8332342988755356e-08,7.911976223309121e-06,0.06172967343927897,2.4075465696938348e-11,3.9647946788529925e-10,0.0,0.0,0.0,0.0
693,0.24706393883009847,2.4432593706905903e-05,1.0259652549958426e-05,5.506359284316629e-10,3.0439772985579183,0.24573739559838376,0.00012505665044759532,4.0100096820759377e-16,0.7528760960966192,1.8394715767570143e-05,5.798259993746811e-08,7.666264559182957e-06,0.06176598470752462,2.2481886952202276e-11,3.920787412159655e-10,0.0,0.0,0.0,0.0
694,0.24714005331162953,2.4561017010642505e-05,1.0387757672404962e-05,5.653950811198451e-10,3.0439772985579183,0.24581323482543108,0.0001265662725043937,4.0983758195719197e-16,0.752799504971227,1.8489521447201565e-05,5.812204602669931e-08,7.761776787520822e-06,0.06178501332790738,2.2378933786330627e-11,4.0325020339385556e-10,0.0,0.0,0.0,0.0
695,0.2469426626826149,2.466511831862552e-05,1.0346097799831615e-05,5.298546912587297e-10,3.0439772985579183,0.24561655819460704,0.00012619251173365503,4.0313975441391483e-16,0.7529968172788553,1.8572755591731406e-05,5.890826397401266e-08,7.731670450554962e-06,0.06173566567065372,2.0677843963220677e-11,3.7830105217487326e-10,0.0,0.0,0.0,0.0
696,0.24686578229309553,2.4530998432578768e-05,1.0348237400569304e-05,5.682147128377204e-10,3.0439772985579183,0.24553995604541098,0.0001262708392452473,4.049681828430929e-16,0.753073888442315,1.847365437699443e-05,5.92857319015997e-08,7.73370164586932e-06,0.06171644557327388,2.3044467585654445e-11,4.0486319568118106e-10,0.0,0.0,0.0,0.0
697,0.24702663604310837,2.4206824486452606e-05,1.0342966929265504e-05,5.513580554230029e-10,3.0439772985579183,0.2457002277403485,0.00012609749376012104,3.9176806702330605e-16,0.7529135476806943,1.8225646102178933e-05,5.87105034630805e-08,7.728649420794306e-06,0.06175665901077709,2.160739417844044e-11,3.935175553724215e-10,0.0,0.0,0.0,0.0
698,0.24701094875772775,2.4136281544185132e-05,1.0547845756434097e-05,5.64435564547216e-10,3.0439772985579183,0.2456845972037932,0.0001286060832763327,3.9197627139212635e-16,0.7529288771293564,1.817290336114132e-05,5.8115944796051594e-08,7.88366171672952e-06,0.06175273718943194,2.0684914517225816e-11,4.042949213091839e-10,0.0,0.0,0.0,0.0
699,0.24709250658493703,2.4350525521863557e-05,1.0338711971775654e-05,5.626936253612739e-10,3.0439772985579183,0.24576586003336726,0.00012600095917363554,4.0253747435780277e-16,0.7528474755683888,1.8332231667898603e-05,5.887748702687055e-08,7.724595721553109e-06,0.06177312664623426,2.2290198000890614e-11,4.013322773707691e-10,0.0,0.0,0.0,0.0
700,0.24713597516805275,2.3823463191874964e-05,1.065968812754184e-05,5.872514763223954e-10,3.0439772985579183,0.24580917142764777,0.00012988245353574745,3.8787848903696717e-16,0.7528040789683567,1.7934400265995978e-05,5.8208109820918246e-08,7.966448593123144e-06,0.061783993792013187,2.1708788331033203e-11,4.2037651842465537e-10,0.0,0.0,0.0,0.0
701,0.24712528328104139,2.4392454336492906e-05,1.0253491366790059e-05,5.64952693997532e-10,3.0439772985579183,0.2457985182015935,0.000124940358443485,4.058235269755969e-16,0.7528148307996051,1.8363001384114e-05,5.925471779095032e-08,7.65972565060432e-06,0.061781320820260346,2.3296440663262437e-11,4.0200832607827064e-10,0.0,0.0,0.0,0.0
702,0.24710504909905442,2.4152624315210388e-05,1.0689282489730125e-05,5.874061268308952e-10,3.0439772985579183,0.24577835718913968,0.00013026459845056804,3.9406534089258646e-16,0.7528344401722541,1.8182927405032184e-05,5.757721906986796e-08,7.98968277992919e-06,0.061776262274763606,2.0884326189453343e-11,4.213352364570357e-10,0.0,0.0,0.0,0.0
703,0.24697579344556442,2.439359747677206e-05,1.0393784025585443e-05,5.875395393541496e-10,3.0439772985579183,0.2456495690788295,0.00012675161370529614,4.043446971103311e-16,0.7529639900230638,1.8367500487126832e-05,5.7801452604644194e-08,7.768343638738153e-06,0.061743948361391104,2.3068078791400023e-11,4.193280370570134e-10,0.0,0.0,0.0,0.0
704,0.24712022942246786,2.4406001308936435e-05,1.0285116957103813e-05,5.729016084494971e-10,3.0439772985579183,0.24579348261790968,0.00012532911013474128,4.038782814636237e-16,0.7528197923996247,1.8373320838698496e-05,5.936991841487521e-08,7.683469694037877e-06,0.061780057355616966,2.20022046910012e-11,4.0928946524736033e-10,0.0,0.0,0.0,0.0
705,0.24701121388943623,2.4390009535346676e-05,1.0454171481771876e-05,5.593817982566674e-10,3.0439772985579183,0.2456848613763575,0.0001274637360425444,4.0136407733871234e-16,0.7529284415711344,1.836393186935368e-05,5.8444602233050544e-08,7.812798439454844e-06,0.06175280347235906,2.1142856748335797e-11,4.000316088563154e-10,0.0,0.0,0.0,0.0
706,0.2470299990089754,2.431764892202873e-05,1.0301452569435041e-05,5.622558453869612e-10,3.0439772985579183,0.24570357854112654,0.0001255890837074201,4.0202639005620383e-16,0.752910111818424,1.830900376904583e-05,5.883332271362077e-08,7.697234483231908e-06,0.06175749975224385,2.1659465937468362e-11,4.0166864548339115e-10,0.0,0.0,0.0,0.0
707,0.247122267357175,2.4371061501078533e-05,1.0555093838195969e-05,5.891585182723679e-10,3.0439772985579183,0.24579551318334594,0.00012861740461038012,3.9866321752352163e-16,0.7528171974628491,1.8346954218436678e-05,5.7873741455760853e-08,7.888182420772315e-06,0.06178056683929375,2.274573929421518e-11,4.2078292529295363e-10,0.0,0.0,0.0,0.0
708,0.24701738605722637,2.4315518687032707e-05,1.0406017356431278e-05,5.487973978366988e-10,3.0439772985579183,0.24569101121590886,0.00012687243814158474,4.052259670093394e-16,0.7529224908766945,1.8307700896799478e-05,5.861387048553408e-08,7.776310637624818e-06,0.06175434651430659,2.24906675779261e-11,3.9071123618792944e-10,0.0,0.0,0.0,0.0
709,0.24720002113155834,2.4233263849923013e-05,1.0561644209124806e-05,5.711228534333794e-10,3.0439772985579183,0.24587298584038877,0.00012864348881021722,3.9418846189219824e-16,0.752739642679136,1.8241338371340272e-05,5.8084531320106906e-08,7.892083756760665e-06,0.061800005282889585,2.152667847918483e-11,4.0838013414014567e-10,0.0,0.0,0.0,0.0
710,0.24692143794419683,2.3898331379667797e-05,1.0443249818426457e-05,5.682856307100086e-10,3.0439772985579183,0.2455954102629383,0.00012739218341347152,3.8685339932646227e-16,0.7530189753720955,1.799589700862024e-05,5.792314814114896e-08,7.806042129685163e-06,0.061730359486049206,2.026682802749497e-11,4.0766303532844074e-10,0.0,0.0,0.0,0.0
711,0.2470447050804252,2.4190569337153083e-05,1.042235847796727e-05,5.602712190347435e-10,3.0439772985579183,0.24571823141717536,0.0001270530363817279,3.9320566126909297e-16,0.7528953252003819,1.8212966567878257e-05,5.881451485501058e-08,7.788130460769114e-06,0.0617611762701063,2.129780134586181e-11,4.005277803097158e-10,0.0,0.0,0.0,0.0
712,0.24686854152779117,2.4684548436817813e-05,1.0304457872264287e-05,5.329582040941553e-10,3.0439772985579183,0.24554270529261726,0.00012573474640566984,4.113153965612126e-16,0.7530709972642579,1.858921750833227e-05,5.867127857778573e-08,7.701317087555814e-06,0.06171713538194779,2.2227129950090443e-11,3.79128236307263e-10,0.0,0.0,0.0,0.0
713,0.24705259989415232,2.4243706438983874e-05,1.0363825257096049e-05,5.792736586832371e-10,3.0439772985579183,0.24572609767472836,0.00012633413801761126,3.955960016836543e-16,0.7528874831054158,1.825278312199313e-05,5.689022890493865e-08,7.745904084254444e-06,0.06176314997353808,2.197177143278627e-11,4.1415611548250175e-10,0.0,0.0,0.0,0.0
714,0.24704397319297877,2.417667957986715e-05,1.039826382755189e-05,5.563087397030172e-10,3.0439772985579183,0.24571750217706936,0.00012675982365510465,3.984771819137603e-16,0.75289613238182,1.82025285495165e-05,5.764921425918474e-08,7.771163404990413e-06,0.06176099329824469,2.2300225127691264e-11,3.96542473404915e-10,0.0,0.0,0.0,0.0
715,0.24700582513423183,2.4992210762267167e-05,1.0108105516520453e-05,5.232170431177403e-10,3.0439772985579183,0.24567949211578594,0.0001232478356732632,4.1288218458601646e-16,0.7529337049540926,1.8817477844227365e-05,5.877814049142484e-08,7.551955196129222e-06,0.06175145628355796,2.152479481555762e-11,3.724229519542079e-10,0.0,0.0,0.0,0.0
716,0.2468458245727604,2.444256624778892e-05,1.026181902766619e-05,5.649182138487741e-10,3.0439772985579183,0.24552007056844402,0.00012522984542972599,4.0453435118032977e-16,0.753094172994063,1.8407554214231194e-05,5.766133818234515e-08,7.670454775872664e-06,0.0617114561431901,2.033443351821018e-11,4.0510218154951564e-10,0.0,0.0,0.0,0.0
717,0.24699165995050873,2.4451129775780647e-05,1.0320806941207252e-05,5.557663981739359e-10,3.0439772985579183,0.24566537817871453,0.0001258509383360031,4.059476860103402e-16,0.7529482031543197,1.841043422976712e-05,5.889158772840062e-08,7.71214145375623e-06,0.06174791498762718,2.122431196447285e-11,3.972389989141403e-10,0.0,0.0,0.0,0.0
718,0.24678184814011092,2.4198594605784892e-05,1.0339179796838708e-05,5.510555831541931e-10,3.0439772985579183,0.24545632575716023,0.0001262173781639675,3.9914598435015125e-16,0.7531583370913764,1.82253732732413e-05,5.83809515551992e-08,7.728658511120596e-06,0.06169546203502773,2.3015688484864344e-11,3.9201641816846644e-10,0.0,0.0,0.0,0.0
719,0.2470408568618319,2.382091667571935e-05,1.0389634854689457e-05,5.356510314404645e-10,3.0439772985579183,0.24571439711821833,0.00012665684765290138,3.883515765524951e-16,0.7528998037276665,1.7934763489762197e-05,5.871130576529134e-08,7.763642737132524e-06,0.06176021421545797,2.2171622878614466e-11,3.8111993355943337e-10,0.0,0.0,0.0,0.0
720,0.24684371817711456,2.3973402614353785e-05,1.0417592260922382e-05,5.851792312847123e-10,3.0439772985579183,0.24551797179790288,0.0001271323203515075,3.877731222840748e-16,0.7530966338010524,1.8054288809627184e-05,5.8188050562439877e-08,7.7872656134501e-06,0.06171092954427864,2.0493784985485335e-11,4.2020272426531906e-10,0.0,0.0,0.0,0.0
721,0.2468974995702359,2.4497360058087484e-05,1.0492784886624831e-05,5.521880287718331e-10,3.0439772985579183,0.24557155852334206,0.00012801274471038466,4.032661667095941e-16,0.7530418979237143,1.8447538512262792e-05,5.8731773497765836e-08,7.842774872031462e-06,0.06172437489255898,2.0935213851386247e-11,3.9488550734570953e-10,0.0,0.0,0.0,0.0
722,0.2469507397991427,2.4242639135166086e-05,1.012926040000309e-05,5.564618218753477e-10,3.0439772985579183,0.24562460608385492,0.0001235425404129543,3.9307138679630264e-16,0.7529898666549052,1.8254461609751696e-05,5.8745406387457816e-08,7.56848503152368e-06,0.061737684949785675,2.1865293269998804e-11,3.9714481978246484e-10,0.0,0.0,0.0,0.0
723,0.24694333862014295,2.4056288055995338e-05,1.046844048569013e-05,5.502838124153654e-10,3.0439772985579183,0.2456172316862001,0.00012768438362933666,3.912527919251601e-16,0.7529967817600116,1.8114307487256295e-05,5.769308258444894e-08,7.825008913186431e-06,0.06173583465503574,2.0640064547454548e-11,3.9372187525594554e-10,0.0,0.0,0.0,0.0
724,0.2471722131255796,2.4028142397314217e-05,1.0562765434714228e-05,5.989373865800865e-10,3.0439772985579183,0.24584527836387549,0.00012867642552211986,3.8979628334292423e-16,0.752767754570791,1.8087610798933446e-05,5.8218128741621265e-08,7.893091089606173e-06,0.0617930532813949,2.1762609544967466e-11,4.2909814207942213e-10,0.0,0.0,0.0,0.0
725,0.24691678451873053,2.4458792550158774e-05,1.0406633053137807e-05,5.559032041949725e-10,3.0439772985579183,0.24559077367785118,0.0001269485616344632,3.9914301791393446e-16,0.7530228671944998,1.841803009423603e-05,5.8678562683236096e-08,7.777754096831647e-06,0.06172919612968263,2.2690139697547007e-11,3.959176850079608e-10,0.0,0.0,0.0,0.0
726,0.2470331167590204,2.4142872508950265e-05,1.0357436931812763e-05,5.624754290283577e-10,3.0439772985579183,0.24570668501326232,0.00012626951766606687,3.964883602055601e-16,0.7529071310320622,1.817734087558659e-05,5.754590821757418e-08,7.740642216959097e-06,0.0617582791897551,2.36439726386518e-11,3.998477889071173e-10,0.0,0.0,0.0,0.0
727,0.24707355357694014,2.3777501845038276e-05,1.0482117782944534e-05,5.665602728133016e-10,3.0439772985579183,0.24574697557066072,0.00012776179558653732,3.843730616910348e-16,0.7528669659269234,1.790129567139579e-05,5.861737896867855e-08,7.833022832765422e-06,0.061768388394235034,2.0966651248332472e-11,4.055778623593478e-10,0.0,0.0,0.0,0.0
728,0.24693768684132344,2.38835278091437e-05,1.0490570216992559e-05,5.620491414044578e-10,3.0439772985579183,0.24561160035900284,0.00012795822627298528,3.873698935237289e-16,0.7530026431973135,1.7984359569161747e-05,5.6722414056589487e-08,7.842704687985821e-06,0.06173442171033086,1.973076498627062e-11,4.0349372409806673e-10,0.0,0.0,0.0,0.0
729,0.24703843119337834,2.4199180557029624e-05,1.0432523526761474e-05,5.457848097277815e-10,3.0439772985579183,0.24571198022391252,0.00012718123619357306,3.908165317591931e-16,0.7529015627403038,1.821960085842238e-05,5.964035810716008e-08,7.79502290851654e-06,0.061759607798344586,2.2030705810676382e-11,3.8889153035328965e-10,0.0,0.0,0.0,0.0
730,0.24708304958791877,2.4010982969752455e-05,1.0483091494818835e-05,5.624646080622857e-10,3.0439772985579183,0.24575643723780732,0.00012776708159926105,3.9251271876031125e-16,0.7528571169605976,1.8076839413997842e-05,5.822312658239413e-08,7.834046913041075e-06,0.06177076239697969,2.2778832295797233e-11,4.0067665092234766e-10,0.0,0.0,0.0,0.0
731,0.247118256529078,2.44951382530265e-05,1.0374460127017723e-05,5.681613602775927e-10,3.0439772985579183,0.2457915168586543,0.00012641908387840196,4.021921248890499e-16,0.7528214292008285,1.8440464988115296e-05,5.921818002587439e-08,7.750897719982617e-06,0.0617795641322695,2.2224407008879344e-11,4.054996402519848e-10,0.0,0.0,0.0,0.0
732,0.24695322171195483,2.4436185794248372e-05,1.0323120241039797e-05,5.648020483894149e-10,3.0439772985579183,0.24562707901597983,0.0001259051691051967,4.0077457102585693e-16,0.752986655553694,1.840012181569977e-05,5.813111137417927e-08,7.715040673805022e-06,0.06173830542798871,2.1546107492757967e-11,4.037422979738633e-10,0.0,0.0,0.0,0.0
733,0.2469806716477454,2.3824344807047024e-05,1.0235842236505944e-05,5.661496491849344e-10,3.0439772985579183,0.24565442963128048,0.00012482244960142718,3.91034487545653e-16,0.7529603262476836,1.7938786438551434e-05,5.89262932982566e-08,7.648256816521078e-06,0.06174516791193635,2.207623055494773e-11,4.0421199400035217e-10,0.0,0.0,0.0,0.0
734,0.24697264009690187,2.4333537123542765e-05,1.0259062573324658e-05,5.700912915939318e-10,3.0439772985579183,0.2456464271394174,0.00012511088004689397,3.9973794659739757e-16,0.7529675379495898,1.832236353751894e-05,5.895931516528378e-08,7.665781772341767e-06,0.06174316002422547,2.1744554414514182e-11,4.075156818234703e-10,0.0,0.0,0.0,0.0
735,0.24691366791848604,2.4203069714464004e-05,1.0424880979709216e-05,5.598100903439796e-10,3.0439772985579183,0.24558766835650886,0.0001271733542167526,3.912346182599657e-16,0.7530263274053974,1.822554869901963e-05,5.7701527553057366e-08,7.792508310235755e-06,0.06172841697962151,2.0612376104110414e-11,4.0093936027210024e-10,0.0,0.0,0.0,0.0
736,0.24696525396525346,2.4604771992481328e-05,1.0311174548121116e-05,5.643919493501125e-10,3.0439772985579183,0.2456390677323652,0.00012575130010443158,4.068182592617336e-16,0.7529743973835346,1.8526763363797895e-05,5.8035874989230976e-08,7.706014566698705e-06,0.061741313491313364,2.3228710694563707e-11,4.0174397725545557e-10,0.0,0.0,0.0,0.0
737,0.2472741416230193,2.4419287530912424e-05,1.0200348442356256e-05,5.673555916266585e-10,3.0439772985579183,0.24594683843056098,0.00012419343263232705,4.054080048259568e-16,0.7526660638830356,1.8379569028719944e-05,5.933366309322619e-08,7.618122449250511e-06,0.061818535405754826,2.2471467151898848e-11,4.045578328197692e-10,0.0,0.0,0.0,0.0
738,0.24702244130252254,2.4354751484944426e-05,1.0308089085383303e-05,5.365420106528409e-10,3.0439772985579183,0.24569604817391302,0.00012567508660863685,4.011762621720101e-16,0.7529175982043099,1.833712099290721e-05,5.856293007247358e-08,7.702578746170384e-06,0.061755610325630636,2.2143252924497608e-11,3.818286690719506e-10,0.0,0.0,0.0,0.0
739,0.24713156067184466,2.4520108428170785e-05,1.041118054492117e-05,5.692931133078035e-10,3.0439772985579183,0.24580477289368693,0.0001268574526163342,4.0311306107600036e-16,0.7528080056017947,1.8458933922951007e-05,5.7867657662727246e-08,7.779752404319585e-06,0.061782890167961166,2.085905535867045e-11,4.077093578734136e-10,0.0,0.0,0.0,0.0
740,0.24696795923881665,2.4145818904621038e-05,1.0638817000438318e-05,5.9827702336037e-10,3.0439772985579183,0.2456417632175829,0.00012974521137300144,3.9190613865957844e-16,0.7529716431930098,1.8181116936853342e-05,5.807393305845979e-08,7.952653585391308e-06,0.06174198980970416,2.310473478219915e-11,4.273808985820814e-10,0.0,0.0,0.0,0.0
741,0.24696261705467087,2.4510245387199944e-05,1.0348693665332334e-05,5.550107791584779e-10,3.0439772985579183,0.2456364403628741,0.00012621066867902852,4.036767242025807e-16,0.7529770917272558,1.84556532891752e-05,5.9389455934709565e-08,7.732939803363506e-06,0.06174065426366772,2.2404129436176018e-11,3.955062729318529e-10,0.0,0.0,0.0,0.0
742,0.24676033196081734,2.468943097486726e-05,1.0300610613984539e-05,5.394272165959178e-10,3.0439772985579183,0.24543488748847822,0.0001257609858832574,4.0832681790272335e-16,0.753179199448157,1.8595565856481054e-05,5.9435262963587156e-08,7.698770393104478e-06,0.061690082990204335,2.0886913189389267e-11,3.853984459668717e-10,0.0,0.0,0.0,0.0
743,0.24715924036522202,2.4060244693706737e-05,1.0454126465265074e-05,5.572322835430986e-10,3.0439772985579183,0.2458323525054495,0.0001273618896612956,3.9694786520787807e-16,0.7527809235127441,1.8112093220471156e-05,5.7970849220631885e-08,7.81169612582063e-06,0.061789810091305505,2.150237262712341e-11,3.9797146038956563e-10,0.0,0.0,0.0,0.0
744,0.2469546296034797,2.4765604119677586e-05,1.0304294461653657e-05,5.55283749129734e-10,3.0439772985579183,0.24562848181315305,0.00012567453475979072,4.087503506643162e-16,0.7529847942935493,1.8648123323610904e-05,5.980214092709704e-08,7.699174904621341e-06,0.06173865740086992,2.167198533339344e-11,3.9644823427961007e-10,0.0,0.0,0.0,0.0
745,0.2470463950151374,2.3870568603004524e-05,1.051757319701922e-05,5.444210641956426e-10,3.0439772985579183,0.2457199152391837,0.00012821262542336284,3.8666760120015323e-16,0.7528939022560068,1.7972005544585793e-05,5.893351972125584e-08,7.85968320684573e-06,0.06176159875378435,2.0563861910818212e-11,3.893274375818072e-10,0.0,0.0,0.0,0.0
746,0.2468945620669158,2.459074904387069e-05,1.027727381328818e-05,5.339253270583671e-10,3.0439772985579183,0.24556863165157788,0.00012538553233430348,4.0682333107344915e-16,0.7530451814755234,1.8517945076360658e-05,5.827213180045851e-08,7.680979392000782e-06,0.06172364051672895,2.2181461413707144e-11,3.79888433395339e-10,0.0,0.0,0.0,0.0
747,0.24704395215440386,2.4659878891304477e-05,1.0495527069805449e-05,5.565501763067129e-10,3.0439772985579183,0.2457174812145941,0.00012794536273533487,4.074365994477686e-16,0.752895206208825,1.8566304602953336e-05,5.866147991142473e-08,7.843370537580054e-06,0.061760988038600965,2.256394274635739e-11,3.964600170096431e-10,0.0,0.0,0.0,0.0
748,0.24699619377681462,2.485601009576548e-05,1.0361309203186619e-05,5.314121591085817e-10,3.0439772985579183,0.24566989560228136,0.00012634162157075293,4.106507137548748e-16,0.7529429686831781,1.8715158031124705e-05,5.899290935682356e-08,7.742482001534844e-06,0.061749048444203654,2.182769481373305e-11,3.7829535385981984e-10,0.0,0.0,0.0,0.0
749,0.24696292815121745,2.4159270383336245e-05,1.042687934940308e-05,5.702979284081134e-10,3.0439772985579183,0.24563675033377988,0.00012716405287279602,3.962030397628197e-16,0.7529771324830714,1.819137813612772e-05,5.801117065820074e-08,7.793190542602284e-06,0.06174073203780436,2.1709418097577894e-11,4.0771188069619933e-10,0.0,0.0,0.0,0.0
750,0.2469695289481194,2.4768374170771573e-05,1.0057154125776639e-05,5.412448540968866e-10,3.0439772985579183,0.24564332724733884,0.00012265059423012623,4.110454427364494e-16,0.7529704502734281,1.864985385190662e-05,5.937756914651528e-08,7.513362301408786e-06,0.06174238223702985,2.118413910530125e-11,3.8635724239220737e-10,0.0,0.0,0.0,0.0
751,0.24708152400997235,2.430043776698595e-05,1.0583545064252966e-05,5.72809633095222e-10,3.0439772985579183,0.24575491717726947,0.00012899234593977032,3.9652412278008006e-16,0.7528579796969397,1.8294778483004254e-05,5.78945513732685e-08,7.910011803731738e-06,0.06177038100249309,2.092846021230931e-11,4.103158429107048e-10,0.0,0.0,0.0,0.0
752,0.24692988530337923,2.426715308514241e-05,1.0323516175609365e-05,5.387152459592508e-10,3.0439772985579183,0.24560382705258135,0.00012592584204432168,3.9898791814727455e-16,0.7530102438886422,1.82734148631261e-05,5.897132329873705e-08,7.714742109885214e-06,0.06173247132584481,1.971779477109097e-11,3.859403039752144e-10,0.0,0.0,0.0,0.0
753,0.246814519347817,2.465471129325799e-05,1.0307314942456097e-05,5.574764813301569e-10,3.0439772985579183,0.2454888786742028,0.00012580616630819287,4.0531475893846494e-16,0.7531250534620115,1.8568080760825384e-05,5.918211521023473e-08,7.703515001876802e-06,0.06170362983695425,2.3070191661647042e-11,3.967793131439415e-10,0.0,0.0,0.0,0.0
754,0.247069844166817,2.4033694591614465e-05,1.0289953783095971e-05,5.660735686244625e-10,3.0439772985579183,0.2457432795765565,0.00012542210440285104,3.9452100031499967e-16,0.7528707233066696,1.8094265030920377e-05,5.916833786837922e-08,7.687836609603284e-06,0.06176746104170425,2.1020255965909617e-11,4.0515996108917715e-10,0.0,0.0,0.0,0.0
755,0.2470964856041232,2.447080683228398e-05,1.059411483012928e-05,5.559416662640361e-10,3.0439772985579183,0.24576982466271421,0.0001291107383697259,4.0459959724467504e-16,0.7528427390220052,1.842266924169507e-05,5.8201604907903984e-08,7.91750082132027e-06,0.0617741214010308,2.251124304362328e-11,3.960254037230512e-10,0.0,0.0,0.0,0.0
756,0.24698226604732063,2.4531846920463494e-05,1.0499406250882329e-05,5.805410673485442e-10,3.0439772985579183,0.24565601826226244,0.00012803513882785655,4.0059624413839195e-16,0.7529570712327155,1.8471427609161502e-05,5.777081044022873e-08,7.847831369906596e-06,0.061745566511830156,2.3203268228162405e-11,4.1391923357291203e-10,0.0,0.0,0.0,0.0
757,0.24699568973261044,2.4404316309879943e-05,1.0467671436214767e-05,5.484988265581766e-10,3.0439772985579183,0.24566939338162305,0.0001276389801709028,4.0112600940919663e-16,0.7529439125068533,1.8375081404415817e-05,5.8672821319225454e-08,7.822896664700554e-06,0.06174892243315261,2.228250482953863e-11,3.907063476445928e-10,0.0,0.0,0.0,0.0
758,0.2470590808899223,2.414274155619868e-05,1.0287816569447132e-05,5.877215878790492e-10,3.0439772985579183,0.24573255522887905,0.0001254032833803738,3.9473433659582056e-16,0.7528813262608208,1.8176619282403095e-05,5.8256517145022944e-08,7.687248465988382e-06,0.06176477022248057,2.1221286746213484e-11,4.2126332180828067e-10,0.0,0.0,0.0,0.0
759,0.24685282246088894,2.4235173907125138e-05,1.0369076415767686e-05,5.634722388879568e-10,3.0439772985579183,0.24552704312482823,0.000126534007116977,3.9742203493989026e-16,0.7530872457120242,1.8251200367068788e-05,5.8835530560236565e-08,7.749983667967758e-06,0.061713205615222234,2.1494024162927776e-11,4.0284973225639134e-10,0.0,0.0,0.0,0.0
760,0.24702032206036123,2.4165065452366762e-05,1.0509868877877035e-05,5.96461353717183e-10,3.0439772985579183,0.24569393659804178,0.00012813659454218121,3.943119382081131e-16,0.7529195468402746,1.8194350129761558e-05,5.871221260887475e-08,7.854373500273009e-06,0.06175508051509031,2.2630237296689673e-11,4.2645717485178854e-10,0.0,0.0,0.0,0.0
761,0.2470696556648954,2.434025001050104e-05,1.043448061803838e-05,5.561916205095014e-10,3.0439772985579183,0.24574309175640496,0.00012718370767856305,3.996862680216075e-16,0.7528701238853485,1.8325047040806273e-05,5.871692285522508e-08,7.797091792726596e-06,0.06176741391622385,2.158928040544594e-11,3.9715077383153507e-10,0.0,0.0,0.0,0.0
762,0.24685445537693299,2.4303590046446504e-05,1.059591628050051e-05,5.637796248546996e-10,3.0439772985579183,0.24552867012995885,0.00012930089631589504,3.952330972940798e-16,0.7530849974378488,1.8302669047858695e-05,5.85896592717102e-08,7.921035925680676e-06,0.061713613844233246,2.3319784018719118e-11,4.0125419332049373e-10,0.0,0.0,0.0,0.0
763,0.2469295325192007,2.4414713272316736e-05,1.0352401495612156e-05,5.430513465699186e-10,3.0439772985579183,0.24560347554504772,0.00012627837539338365,4.0299045554595864e-16,0.7530103091632586,1.838453078931954e-05,5.8852039184455896e-08,7.736613011608634e-06,0.06173238312980017,2.0250654202985182e-11,3.8867260816915313e-10,0.0,0.0,0.0,0.0
764,0.2468328893480092,2.4366619248855712e-05,1.0658448065695644e-05,5.854200698888193e-10,3.0439772985579183,0.2455071821699096,0.0001300790130306187,3.972442623703952e-16,0.7531063254233105,1.835065508549463e-05,5.772631195809947e-08,7.969218345513137e-06,0.0617082223370023,2.2428305019606233e-11,4.184552526434201e-10,0.0,0.0,0.0,0.0
765,0.24697380736888122,2.4472914491077545e-05,1.0181332162875247e-05,5.266142147873312e-10,3.0439772985579183,0.24564759018802923,0.00012416216056302607,4.0824786016687684e-16,0.7529663366944175,1.8427280772582384e-05,5.926696329606804e-08,7.606933418053156e-06,0.061743451842220305,2.2300070024442895e-11,3.74222706135181e-10,0.0,0.0,0.0,0.0
766,0.24686259248258438,2.4320780685041197e-05,1.0189460219548945e-05,5.387767540951656e-10,3.0439772985579183,0.24553677778106178,0.00012433565950468865,3.961661820102401e-16,0.753077753433686,1.8315438880044208e-05,5.8705423222047835e-08,7.6147503876177835e-06,0.061715648120646095,2.0993292250923197e-11,3.8474749532535764e-10,0.0,0.0,0.0,0.0
767,0.24694584296424382,2.4625156140061132e-05,1.0418210997263655e-05,5.21578851318662e-10,3.0439772985579183,0.24561972696818418,0.0001270698940093788,4.0313427555071e-16,0.7529935345848957,1.8542583361609578e-05,5.9493869575842284e-08,7.785351653304948e-06,0.061736460741060956,2.1495579341133234e-11,3.712499234780358e-10,0.0,0.0,0.0,0.0
768,0.2470705754613517,2.392296122999705e-05,1.061948717740543e-05,5.740035376304268e-10,3.0439772985579183,0.2457440082261643,0.00012943811020558115,3.9114877842746217e-16,0.7528694145223378,1.8010865814868465e-05,5.771589735552235e-08,7.937371196425177e-06,0.06176764386533792,2.0804227482755293e-11,4.113454798268148e-10,0.0,0.0,0.0,0.0
769,0.24701450071818742,2.4208028201852033e-05,1.0546182542050223e-05,5.859041296021944e-10,3.0439772985579183,0.24568813631471367,0.00012858333091828356,3.985436050015027e-16,0.7529252210650297,1.8226834985427915e-05,5.842105845516535e-08,7.882065763410156e-06,0.061753625179546856,2.1588412568971364e-11,4.1955358373467465e-10,0.0,0.0,0.0,0.0
770,0.24696109102784525,2.398737677461791e-05,1.0409126811164268e-05,5.4030497279853e-10,3.0439772985579183,0.24563491985769212,0.00012694885109242998,3.975576147031398e-16,0.7529792685610316,1.806199741844967e-05,5.894047894939121e-08,7.778916213680102e-06,0.06174027275696131,2.326946416259351e-11,3.835689790551316e-10,0.0,0.0,0.0,0.0
771,0.2471013098517937,2.4565950506632616e-05,1.0364789798190953e-05,5.606387556354481e-10,3.0439772985579183,0.24577463146413872,0.00012631273594386933,3.99361575253642e-16,0.7528382897871584,1.8494188166409276e-05,5.911963944029522e-08,7.743890986233168e-06,0.06177532746294843,2.154955148923011e-11,4.0052077049176125e-10,0.0,0.0,0.0,0.0
772,0.246973471889391,2.4641988013726605e-05,1.0232981603299401e-05,5.508241895640343e-10,3.0439772985579183,0.24564725592235284,0.0001247921931807008,4.0286147365726164e-16,0.7529663007649674,1.8554586558190388e-05,5.765173589315347e-08,7.647438567739162e-06,0.06174336797234775,2.323837524926301e-11,3.91513677138629e-10,0.0,0.0,0.0,0.0
773,0.2471701765090635,2.4359267986209397e-05,1.0542880246471345e-05,5.610282682336574e-10,3.0439772985579183,0.24584324911041805,0.00012843551098437874,4.0235864640058747e-16,0.7527693376453202,1.83369100275037e-05,5.955369433907425e-08,7.876803285671091e-06,0.061792544127265876,2.2827109913019654e-11,3.994977679655316e-10,0.0,0.0,0.0,0.0
774,0.2468273841639409,2.4049002371663056e-05,1.0207661618485556e-05,5.789815810891243e-10,3.0439772985579183,0.24550169691562818,0.00012458141187225832,3.924098490297267e-16,0.7531133269590653,1.8111624186169616e-05,5.915123977255225e-08,7.628374762197461e-06,0.061706846040985225,1.9949032366649002e-11,4.1608971241540126e-10,0.0,0.0,0.0,0.0
775,0.24707125178959283,2.433866875187189e-05,1.0353806515251653e-05,5.735380640239355e-10,3.0439772985579183,0.24574468210828593,0.0001261993359866338,4.007616961419205e-16,0.752868712374117,1.8323822204121946e-05,5.910425521673911e-08,7.735952724091516e-06,0.06176781294739821,2.333539599529042e-11,4.0846346776395374e-10,0.0,0.0,0.0,0.0
776,0.2469188405879328,2.434070620024475e-05,1.0360014022007133e-05,5.660067152772116e-10,3.0439772985579183,0.24559282230626345,0.00012637851494832166,3.9470983794211876e-16,0.7530210943724828,1.832906522070738e-05,5.895134895811158e-08,7.742357747607967e-06,0.0617297101469832,2.140432701832544e-11,4.0481066914189473e-10,0.0,0.0,0.0,0.0
777,0.24699338637223067,2.4162399144932e-05,1.0406435179352498e-05,5.396161587052711e-10,3.0439772985579183,0.24566709835445366,0.0001268939437240771,3.988366414303528e-16,0.7529467183133698,1.8192999142754322e-05,5.802854005101585e-08,7.777462677583251e-06,0.06174834659305767,2.108416478673086e-11,3.8521805105926954e-10,0.0,0.0,0.0,0.0
778,0.2469566901280267,2.4418728360529827e-05,1.0391368771138774e-05,5.445528326524186e-10,3.0439772985579183,0.24563053488189465,0.00012673517202074603,4.003531166130733e-16,0.752983059651814,1.8386888793718273e-05,5.878226595058255e-08,7.765742385311802e-06,0.06173917253200668,2.197365439210555e-11,3.8806540368057484e-10,0.0,0.0,0.0,0.0
779,0.24706442017519128,2.445351730842685e-05,1.0344975440429856e-05,5.024673986245727e-10,3.0439772985579183,0.24573787520251894,0.00012609630188685603,3.9894858852153884e-16,0.7528753908433024,1.8410451401075324e-05,5.8794863447887806e-08,7.729682564530104e-06,0.06176610504379782,2.1408301668577666e-11,3.568870374569149e-10,0.0,0.0,0.0,0.0
780,0.24712367611861213,2.411215894607066e-05,1.032625482736054e-05,5.628008860423023e-10,3.0439772985579183,0.24579691685066787,0.00012582812231140433,3.977345133316096e-16,0.7528166955144937,1.8152035819501152e-05,5.861714328055824e-08,7.715159892893593e-06,0.061780919029653034,2.1824817448723508e-11,4.018610858142717e-10,0.0,0.0,0.0,0.0
781,0.24692763957728206,2.4413124564523133e-05,1.0334947641765958e-05,5.38723602113561e-10,3.0439772985579183,0.24560158945328153,0.00012606676395647497,4.0307381454644774e-16,0.7530122437949669,1.838338170637759e-05,5.919511593719563e-08,7.72314699729249e-06,0.061731909894320515,2.1868870475621173e-11,3.8379659793721836e-10,0.0,0.0,0.0,0.0
782,0.24700211910676306,2.468309717105095e-05,1.0277133464385323e-05,5.466883850477483e-10,3.0439772985579183,0.2456757994956687,0.0001253112992973809,4.0638412560428496e-16,0.7529374942375082,1.858482933399203e-05,5.969494969147333e-08,7.678344168927255e-06,0.061750529776690766,2.3181682305230528e-11,3.8844050046137116e-10,0.0,0.0,0.0,0.0
783,0.24683665099273663,2.4344401105291745e-05,1.024840884485768e-05,5.54776749310492e-10,3.0439772985579183,0.24551093019703346,0.00012507239562352577,4.023776019880586e-16,0.7531035240373072,1.833385426297293e-05,5.9344335358818604e-08,7.658768481478609e-06,0.06170916274818416,2.1157005578123785e-11,3.966473193815695e-10,0.0,0.0,0.0,0.0
784,0.24734113538724745,2.439021860054228e-05,1.0197499845774345e-05,5.589759853997058e-10,3.0439772985579183,0.24601359011953286,0.00012411408164519908,4.047560352207589e-16,0.7525991256668164,1.835605719359064e-05,5.924688175365645e-08,7.6153825861636105e-06,0.06183528384681186,2.258245765034545e-11,3.9810238023022034e-10,0.0,0.0,0.0,0.0
785,0.24696086284087998,2.384870361239675e-05,1.0533664389947159e-05,5.833316080503041e-10,3.0439772985579183,0.24563469249638167,0.00012846784634529897,3.9160826944248353e-16,0.7529794240222556,1.7957583109739992e-05,5.716516437325519e-08,7.874467380812901e-06,0.061740215710219995,2.157173954881734e-11,4.176649586948768e-10,0.0,0.0,0.0,0.0
786,0.24692093064859735,2.446543467093758e-05,1.0279009373325007e-05,5.308956476166701e-10,3.0439772985579183,0.24559490480318658,0.00012538895486956762,4.0888907508075637e-16,0.7530189998122707,1.8422937145881866e-05,5.920286639793516e-08,7.681086490964218e-06,0.06173023266214934,2.2060087224837734e-11,3.777144223481549e-10,0.0,0.0,0.0,0.0
787,0.24703856382385544,2.429697603670339e-05,1.0571186604982613e-05,5.656315876870631e-10,3.0439772985579183,0.24571211237463544,0.00012887148502558257,3.972982365538862e-16,0.7529009695931805,1.8293216816216256e-05,5.834401143980814e-08,7.900712633202044e-06,0.06175964095596386,2.1052141942360255e-11,4.048124288597597e-10,0.0,0.0,0.0,0.0
788,0.2471214235702568,2.436370439821284e-05,1.0325315584842704e-05,5.49153820413818e-10,3.0439772985579183,0.2457946724475951,0.00012581813774358727,4.008042291966163e-16,0.7528185713712402,1.8341449138373794e-05,5.829281523595436e-08,7.714796512302532e-06,0.0617803558925642,2.1628745054662634e-11,3.917844494923264e-10,0.0,0.0,0.0,0.0
789,0.24699311659073817,2.4555706658087407e-05,1.0336759536369943e-05,5.460502996058651e-10,3.0439772985579183,0.24566682954899485,0.000126044443203947,4.0164610000967867e-16,0.7529465531811169,1.8489134689133516e-05,5.88500443669592e-08,7.72417741960483e-06,0.06174827914768454,2.2377973601175292e-11,3.8876871735057703e-10,0.0,0.0,0.0,0.0
790,0.24694696954580916,2.374898268696952e-05,1.0532597818852828e-05,5.496449348103191e-10,3.0439772985579183,0.2456208494731768,0.00012846446155559207,3.8403167630183388e-16,0.7529934689688649,1.7882828857942692e-05,5.778859067738753e-08,7.873188778194503e-06,0.06173674238645229,2.3095339566618368e-11,3.9078370659736944e-10,0.0,0.0,0.0,0.0
791,0.24707577245549361,2.437402658771145e-05,1.0363159957815489e-05,5.379742144630104e-10,3.0439772985579183,0.2457491864241727,0.0001263102602530222,3.979040377672681e-16,0.7528641178971162,1.835033002655824e-05,5.856953106672423e-08,7.74348174920075e-06,0.061768943113873404,2.1686024778245603e-11,3.833354576448427e-10,0.0,0.0,0.0,0.0
792,0.24688196113628086,2.4239836472439484e-05,1.0193799274710802e-05,5.364435707105263e-10,3.0439772985579183,0.24555607632823973,0.00012437566746054067,3.9996053243224197e-16,0.7530584984263222,1.8254014856034878e-05,5.888283963748085e-08,7.617644335435568e-06,0.061720490284070215,2.0815278014419532e-11,3.83158111835304e-10,0.0,0.0,0.0,0.0
793,0.24695468734424608,2.40580358169457e-05,1.0549805977701463e-05,5.765135752181958e-10,3.0439772985579183,0.24562853934498932,0.00012866892059231513,3.922887241946503e-16,0.752985247381769,1.8115346051142316e-05,5.6811587980520036e-08,7.887036675968681e-06,0.06173867183606152,2.1977343371917476e-11,4.121288736827037e-10,0.0,0.0,0.0,0.0
794,0.2469160437823678,2.396427214987914e-05,1.0594171945717075e-05,5.727443705680105e-10,3.0439772985579183,0.24559003562218326,0.00012923688326485903,3.90786280529143e-16,0.7530239288645696,1.8045670366681776e-05,5.8079346889940736e-08,7.919585634740733e-06,0.06172901094559195,2.2295463975793136e-11,4.0899475218439505e-10,0.0,0.0,0.0,0.0
795,0.24703639700146018,2.461492131882975e-05,1.041145042590611e-05,5.614854869960813e-10,3.0439772985579183,0.2457099533901545,0.00012692562789550486,4.0501428000667033e-16,0.7529030183065175,1.8532648556324363e-05,5.8624762504467976e-08,7.780187688108919e-06,0.061759099250365046,2.1720753338253916e-11,4.010233645564006e-10,0.0,0.0,0.0,0.0
796,0.24711439878476854,2.439990606005987e-05,1.0264545519273573e-05,5.267823404475595e-10,3.0439772985579183,0.2457876730644053,0.00012508236642651735,4.00856283198113e-16,0.7528256784488507,1.8368875833752797e-05,5.900255075259004e-08,7.668410893763648e-06,0.061778599696192135,2.1793594465387474e-11,3.7478167837692e-10,0.0,0.0,0.0,0.0
797,0.24696249092693268,2.428959256615845e-05,1.0581905144202506e-05,5.473767426856605e-10,3.0439772985579183,0.2456363146915044,0.00012905492501826132,3.956288307039066e-16,0.7529770233850531,1.8289505109701702e-05,5.8085119154001405e-08,7.909846318070583e-06,0.06174062273173317,2.0615681662650156e-11,3.9154642871500467e-10,0.0,0.0,0.0,0.0
798,0.24693743275451185,2.3930602361805617e-05,1.0506424754856263e-05,5.951297068686176e-10,3.0439772985579183,0.24561134719164474,0.0001281517681488724,3.9170292620199096e-16,0.753002790388016,1.8019810354105675e-05,5.816449992541082e-08,7.853202657483083e-06,0.061734358188627964,2.2424234440349858e-11,4.257100954745212e-10,0.0,0.0,0.0,0.0
799,0.24703170873888874,2.4369736731164847e-05,1.048368397954415e-05,5.44818619316202e-10,3.0439772985579183,0.2457052820863773,0.000127809480955382,3.972578919393578e-16,0.752907912310309,1.8348167605813178e-05,5.958478303153931e-08,7.833663835328078e-06,0.061757927184722186,2.367996893694997e-11,3.865182803201966e-10,0.0,0.0,0.0,0.0
800,0.2469214890293783,2.4526844234831744e-05,1.0262132486257002e-05,5.457396071071658e-10,3.0439772985579183,0.24559546116324824,0.00012518269645623496,4.012146491661837e-16,0.7530183870428766,1.8469164684964876e-05,5.748287051888679e-08,7.670091581902666e-06,0.061730372257344575,2.1025298456482278e-11,3.899266602327689e-10,0.0,0.0,0.0,0.0
801,0.2470697993681514,2.380946884802237e-05,1.0456477531368375e-05,5.511141650315422e-10,3.0439772985579183,0.24574323493991784,0.00012745185189343654,3.831874489335213e-16,0.7528707296971037,1.7925452185311058e-05,5.729655723277354e-08,7.815079311869904e-06,0.06176744984203785,2.0808559465882428e-11,3.9410916410782476e-10,0.0,0.0,0.0,0.0
802,0.24691311999959165,2.4062809025442943e-05,1.0766058088657307e-05,5.954099807584138e-10,3.0439772985579183,0.24558712242053418,0.00013133567072320866,3.9098426090582133e-16,0.7530263156315278,1.8119928424174373e-05,5.767939290358061e-08,8.04944566347304e-06,0.06172827999989791,2.1610160631392786e-11,4.267492234693544e-10,0.0,0.0,0.0,0.0
803,0.24686069715505699,2.443418661386305e-05,1.0409728949099868e-05,5.541643907212198e-10,3.0439772985579183,0.24553488931412276,0.00012702464427637788,3.995799757629762e-16,0.7530789801364435,1.8400872335631525e-05,5.915930933931233e-08,7.780188751145627e-06,0.061715174288764246,2.137021753804722e-11,3.9595933665422255e-10,0.0,0.0,0.0,0.0
804,0.24698257056735515,2.4308631583999403e-05,1.044019785308047e-05,5.643787423150557e-10,3.0439772985579183,0.24565632168053694,0.00012731299229262473,3.9831730501668685e-16,0.75295723667192,1.8303360064763948e-05,5.883136141522908e-08,7.802191164348353e-06,0.06174564264183879,2.163024967616917e-11,4.033228085737488e-10,0.0,0.0,0.0,0.0
805,0.24688138406537585,2.4330472695188475e-05,1.0370514707957591e-05,5.717928795727308e-10,3.0439772985579183,0.24555550134601575,0.000126532094594408,3.994485781653082e-16,0.753058539567674,1.8322270234829802e-05,5.806333215441937e-08,7.751541328385206e-06,0.06172034601634396,2.153749639247214e-11,4.090560144337634e-10,0.0,0.0,0.0,0.0
806,0.24709209527059153,2.4274236068760075e-05,1.0549816151921597e-05,5.452337614722155e-10,3.0439772985579183,0.24576545020652357,0.0001285739711102733,3.9569587599748587e-16,0.7528475250516866,1.8274798546886407e-05,5.901241425868345e-08,7.8833905654658e-06,0.06177302381764788,2.2333795202127223e-11,3.8814409269685187e-10,0.0,0.0,0.0,0.0
807,0.2470633916769106,2.4115256549879843e-05,1.0491004754332924e-05,5.946745572820116e-10,3.0439772985579183,0.24573685042417612,0.0001278770103214215,3.9185159699890915e-16,0.7528765982701769,1.815581231768614e-05,5.747358000801273e-08,7.840958391870411e-06,0.06176584791922765,2.19316654954171e-11,4.2578489226888727e-10,0.0,0.0,0.0,0.0
808,0.2469234991845287,2.4528701311674135e-05,1.0318961166682663e-05,5.356378128423947e-10,3.0439772985579183,0.2455974640439025,0.00012587453888123634,4.086637256257234e-16,0.7530162459363612,1.8470510579411156e-05,5.881173317294813e-08,7.711533666525524e-06,0.06173087479613217,2.1860292926337887e-11,3.8148368208180537e-10,0.0,0.0,0.0,0.0
809,0.24690804781836573,2.3929407129895197e-05,1.058051035485545e-05,5.869827685633781e-10,3.0439772985579183,0.24558206859574616,0.00012907579194915492,3.8693202003981316e-16,0.7530320074813341,1.801960948886313e-05,5.833519613987831e-08,7.909127756553963e-06,0.06172701195459143,2.2640973128182417e-11,4.1937583944004947e-10,0.0,0.0,0.0,0.0
810,0.24707465951117755,2.430670549081467e-05,1.0326469512595544e-05,5.091835688315417e-10,3.0439772985579183,0.24574807750504538,0.0001258638465274716,4.000971219722195e-16,0.7528654151259332,1.8299677919685986e-05,5.838816291728556e-08,7.716053593468253e-06,0.06176866487779439,2.0123387992033267e-11,3.6322331093162956e-10,0.0,0.0,0.0,0.0
811,0.24703112271351693,2.4306352625481123e-05,1.0421926486980436e-05,5.709500221089204e-10,3.0439772985579183,0.24570469818084978,0.00012705701826185018,3.9460472046513224e-16,0.7529087330702929,1.830046516081078e-05,5.781998794158109e-08,7.788939479522588e-06,0.06175778067837923,2.116329362785076e-11,4.0870996416463224e-10,0.0,0.0,0.0,0.0
812,0.24704909055954574,2.4375438579073713e-05,1.0412593221554444e-05,5.439262083580047e-10,3.0439772985579183,0.24572260103355703,0.00012693095794987321,4.00686632461301e-16,0.7528906838609511,1.835204062120942e-05,5.8049746342241094e-08,7.781494684999788e-06,0.061762272639886436,2.2394114736909794e-11,3.871228602436426e-10,0.0,0.0,0.0,0.0
813,0.2469292440279541,2.40496398732553e-05,1.0326837322786542e-05,5.589710229243839e-10,3.0439772985579183,0.24560318809778603,0.0001259668411893696,3.96954108532817e-16,0.7530112050580651,1.8109648302172463e-05,5.9142358459032105e-08,7.717081858411065e-06,0.061732311006988526,2.115573221693453e-11,3.997557113478951e-10,0.0,0.0,0.0,0.0
814,0.2469987564392284,2.402382164214362e-05,1.0385555703542079e-05,5.497270036483235e-10,3.0439772985579183,0.245672448993476,0.00012663573027172818,3.868871032885386e-16,0.7529416044444905,1.808853481212389e-05,5.7907395809640017e-08,7.761809578662962e-06,0.0617496891098071,2.1856319254512214e-11,3.920560128789188e-10,0.0,0.0,0.0,0.0
815,0.24709704101669805,2.4297528733329378e-05,1.0352214554033794e-05,5.547880314509497e-10,3.0439772985579183,0.245770378066697,0.00012616245236399902,3.9491157269532325e-16,0.7528429908363671,1.8292224201532255e-05,5.8520235426297894e-08,7.735071931212271e-06,0.06177426025417451,2.2047186461639288e-11,3.956210944161142e-10,0.0,0.0,0.0,0.0
816,0.2470269080455171,2.4224576427034784e-05,1.0512912544886722e-05,5.634555086900489e-10,3.0439772985579183,0.24570049875881808,0.0001281691483260116,3.9531065355712917e-16,0.7529128650747058,1.8238995242899937e-05,5.8334032962985605e-08,7.856973071487493e-06,0.06175672701137928,2.105224052073345e-11,4.0318066086921704e-10,0.0,0.0,0.0,0.0
817,0.24723583261521603,2.4267652327665202e-05,1.0454468353126088e-05,5.645688166839317e-10,3.0439772985579183,0.24590866787718307,0.00012731359072680305,3.976641458348325e-16,0.7527040243314219,1.8266359568109395e-05,5.907996061347533e-08,7.810040441030024e-06,0.06180895815380401,2.1956573911803445e-11,4.029966464182208e-10,0.0,0.0,0.0,0.0
818,0.24699539869235942,2.4396524560691066e-05,1.0293410019304556e-05,5.475271678823205e-10,3.0439772985579183,0.2456691033943076,0.0001255143637788673,4.065857464032688e-16,0.752944608857466,1.8369231642831096e-05,5.837510102070065e-08,7.69199247977409e-06,0.061748849673089856,2.269536247008957e-11,3.8956226678990036e-10,0.0,0.0,0.0,0.0
819,0.24707144675797413,2.4445637223279108e-05,1.018667575101241e-05,5.517422968109077e-10,3.0439772985579183,0.24574487637151382,0.00012416213652051934,4.11056800183149e-16,0.7528687339350366,1.8404355946525345e-05,5.925627463379607e-08,7.609973401037656e-06,0.06176786168949353,2.1379411658443307e-11,3.9401011279999396e-10,0.0,0.0,0.0,0.0
820,0.247032392607494,2.474933221905832e-05,1.0353693535732455e-05,5.811398397444129e-10,3.0439772985579183,0.24570596348121365,0.00012622422092025665,4.0902610012315694e-16,0.7529069503393896,1.8633944243987598e-05,5.9183419886240904e-08,7.736184404850734e-06,0.0617580981518735,2.2573420462754076e-11,4.149708039999334e-10,0.0,0.0,0.0,0.0
821,0.24695861498838428,2.4417059103064203e-05,1.0334490009861869e-05,5.593968980800901e-10,3.0439772985579183,0.24563245277738882,0.00012604018482972464,3.9971887577363394e-16,0.7529812658565045,1.838558807191837e-05,5.939349513926648e-08,7.722283874467923e-06,0.06173965374709607,2.1063172409769096e-11,4.001522120227791e-10,0.0,0.0,0.0,0.0
822,0.2470599827400715,2.4103498416347324e-05,1.0404014854972081e-05,6.1422947209252e-10,3.0439772985579183,0.24573345381710335,0.0001268190326319228,3.957036127773603e-16,0.752880220999057,1.8147047214549996e-05,5.8728128917248414e-08,7.774248874371604e-06,0.06176499568501787,2.289185876369179e-11,4.395493619294588e-10,0.0,0.0,0.0,0.0
823,0.2471168940383739,2.4700223964797016e-05,1.0171550782530308e-05,5.423720409917429e-10,3.0439772985579183,0.24579015929485382,0.00012394744287002197,4.0748858825058503e-16,0.7528229411842725,1.8594895253088742e-05,5.885397588558304e-08,7.5985228006240726e-06,0.06177922350959347,2.3129616514955442e-11,3.8518049860056525e-10,0.0,0.0,0.0,0.0
824,0.2470390669835872,2.4372827761805636e-05,1.0494014839398251e-05,5.661239437484309e-10,3.0439772985579183,0.24571261371432776,0.00012793036169947823,4.0291570839267035e-16,0.752900526556816,1.8350314855542048e-05,5.857748995448574e-08,7.8423718083235e-06,0.0617597667458968,2.1932804399965684e-11,4.043022109446492e-10,0.0,0.0,0.0,0.0
825,0.2469966520449159,2.3853828681214124e-05,1.0515663586504819e-05,5.608246159973087e-10,3.0439772985579183,0.24567035221245004,0.00012822363826031145,3.8517872279038277e-16,0.7529436707151738,1.7960589327844253e-05,5.854178089756043e-08,7.859160559931267e-06,0.06174916301122897,2.275958378832443e-11,3.9950976120811695e-10,0.0,0.0,0.0,0.0
826,0.24691578698618263,2.4598945423861723e-05,1.0292346916473385e-05,5.422849871288258e-10,3.0439772985579183,0.24558977975533483,0.00012555508793404607,4.01097628545459e-16,0.7530239118187646,1.8523594109692654e-05,5.9135441432601674e-08,7.691247895405986e-06,0.06172894674654566,2.3094942473087806e-11,3.8525861985524905e-10,0.0,0.0,0.0,0.0
827,0.24724941117889093,2.4705243637151125e-05,1.0139368176596313e-05,5.451127953160269e-10,3.0439772985579183,0.24592219736353277,0.00012346732901615066,4.1164480469079196e-16,0.7526904997279953,1.8595402179149156e-05,5.8826905160342464e-08,7.572979194608068e-06,0.06181235279472273,2.2623768559037447e-11,3.8767745375550727e-10,0.0,0.0,0.0,0.0
828,0.24703269486588414,2.4394486079209395e-05,1.0537181053750801e-05,5.482257452834533e-10,3.0439772985579183,0.24570626464624173,0.00012846097051150563,3.995719921082765e-16,0.7529067681542801,1.8366773674682123e-05,5.786482439306283e-08,7.875650108242965e-06,0.061758173716471035,2.2013600817875646e-11,3.9074927328246084e-10,0.0,0.0,0.0,0.0
829,0.24708168226159002,2.3997895317841692e-05,1.0421071798102859e-05,5.638934160331763e-10,3.0439772985579183,0.2457550748565524,0.00012701215096990335,3.8991517192698304e-16,0.7528586439405368,1.8067022926417253e-05,5.7361951003213056e-08,7.788232031323477e-06,0.061770420565397506,2.2781975307455302e-11,4.017500572142788e-10,0.0,0.0,0.0,0.0
830,0.24712107336599703,2.4054316907445707e-05,1.0226152572680073e-05,5.373869804492165e-10,3.0439772985579183,0.24579432350969085,0.00012461014514658408,3.941342500483354e-16,0.7528196113361454,1.810856150521975e-05,5.857881700163125e-08,7.639869388227505e-06,0.06178026834149926,2.1281607210673406e-11,3.832738505482105e-10,0.0,0.0,0.0,0.0
831,0.24699707576439092,2.4760378206412826e-05,1.0276616149829239e-05,5.584157240095547e-10,3.0439772985579183,0.2456707743989859,0.00012530837021446637,4.064442410086588e-16,0.7529424219150481,1.8643139134269048e-05,5.874739500288064e-08,7.678952857940844e-06,0.06174926894109773,2.197701997851369e-11,3.984778676926855e-10,0.0,0.0,0.0,0.0
832,0.24708985266369388,2.4180779236075617e-05,1.037200908152791e-05,5.549015316243765e-10,3.0439772985579183,0.24576321570996612,0.00012640859452451263,3.9193207177040544e-16,0.7528503096886341,1.820450713639202e-05,5.7291346822272994e-08,7.75127890229934e-06,0.06177246316592347,2.306740962203997e-11,3.9469038030806925e-10,0.0,0.0,0.0,0.0
833,0.24675044137113142,2.5089406786161227e-05,1.0117047752966801e-05,5.307571980246992e-10,3.0439772985579183,0.24542503271506663,0.00012352639438891125,4.1873055438982285e-16,0.7531889015624655,1.8897062738122642e-05,5.901497650221223e-08,7.561033107609863e-06,0.061687610342782855,2.243658006410357e-11,3.773238509124916e-10,0.0,0.0,0.0,0.0
834,0.24715366023786686,2.4515660734759066e-05,1.0257623865812831e-05,5.555567483453341e-10,3.0439772985579183,0.24582679255331435,0.00012497161988547483,4.01796147740671e-16,0.7527862613361418,1.8455052588704528e-05,5.866389457406863e-08,7.663134425563553e-06,0.061788415059466716,2.321790793350965e-11,3.9499757961343814e-10,0.0,0.0,0.0,0.0
835,0.24698832306375496,2.4286195228542233e-05,1.038631568180245e-05,5.61222327758295e-10,3.0439772985579183,0.2456620533645293,0.00012665203489140042,4.0041884337962775e-16,0.7529516401385399,1.8286330530055654e-05,5.929146648909521e-08,7.761101961120698e-06,0.06174708076593874,2.096145745474433e-11,4.016118147132331e-10,0.0,0.0,0.0,0.0
836,0.24713235898534708,2.415795054234061e-05,1.0362554516802406e-05,5.542417080952487e-10,3.0439772985579183,0.24580556832057046,0.00012626452557697347,3.9266536913083954e-16,0.7528078624678697,1.818629510938395e-05,5.701209739049861e-08,7.744000418110288e-06,0.06178308974633677,2.0058944511126033e-11,3.9717857105059916e-10,0.0,0.0,0.0,0.0
837,0.2468536256711202,2.455986492961782e-05,1.0429558331830447e-05,5.76709408516141e-10,3.0439772985579183,0.2455278434275531,0.00012727141332396407,3.9893009064676274e-16,0.7530858168611037,1.8495685942519607e-05,5.7783169503062224e-08,7.796569286323998e-06,0.06171340641778005,2.0786673859584475e-11,4.135250021442775e-10,0.0,0.0,0.0,0.0
838,0.24687109943340782,2.4240883433960712e-05,1.0543278364070178e-05,5.811103266604594e-10,3.0439772985579183,0.24554525393958385,0.00012864708032038892,3.954427039811843e-16,0.7530685679755648,1.8255047374075383e-05,5.73828361478819e-08,7.882428703250201e-06,0.061717774858351955,2.18614753074243e-11,4.157544462265805e-10,0.0,0.0,0.0,0.0
839,0.24689633782535447,2.404719396664842e-05,1.0780787891362835e-05,5.701683880368238e-10,3.0439772985579183,0.24557040098309,0.0001315272290174718,3.868026459985892e-16,0.7530430868310449,1.8108573174269806e-05,5.7225046193393477e-08,8.061172745989227e-06,0.06172408445633862,2.2297555754512308e-11,4.070638071862185e-10,0.0,0.0,0.0,0.0
840,0.24691256769402498,2.476957294604324e-05,1.0076145801504165e-05,5.183516009705107e-10,3.0439772985579183,0.24558657211376692,0.00012291984271115098,4.087259544869249e-16,0.7530273624024292,1.8652166183393507e-05,5.960614933602118e-08,7.5280073467529716e-06,0.061728141923506244,2.0746025877569168e-11,3.69586912998331e-10,0.0,0.0,0.0,0.0
841,0.2468427164934515,2.4457867815422065e-05,1.0473462162546829e-05,5.591605976920271e-10,3.0439772985579183,0.24551697374033415,0.00012781467873665287,4.0138182482850474e-16,0.7530967796856287,1.841914148977114e-05,5.87477552051173e-08,7.82878287156818e-06,0.06171067912336287,2.269645477350098e-11,3.9840559067545596e-10,0.0,0.0,0.0,0.0
842,0.24703430050859954,2.46106075923115e-05,1.0318908601645169e-05,5.75262117527329e-10,3.0439772985579183,0.24570786448087292,0.00012579890761091938,4.0291019013295707e-16,0.7529053300621052,1.8529457632318242e-05,5.94156885560537e-08,7.7097455980463e-06,0.061758575127149884,2.2448705957885547e-11,4.1066920851125366e-10,0.0,0.0,0.0,0.0
843,0.24717450856971224,2.4331716912725055e-05,1.0361680969915007e-05,5.55057725855393e-10,3.0439772985579183,0.24584756550927064,0.00012622524145690768,4.0080389461632425e-16,0.752765456608638,1.8316075991879597e-05,5.921997305230295e-08,7.740695533498803e-06,0.06179362714242806,2.207248519875883e-11,3.957557972489283e-10,0.0,0.0,0.0,0.0
844,0.24694837799316133,2.425711601369515e-05,1.0294079290248051e-05,5.791927258397196e-10,3.0439772985579183,0.24562225282404096,0.00012555429936793257,4.0019601017386786e-16,0.7529918340621122,1.8265410276209743e-05,5.8326755060412886e-08,7.693030889684274e-06,0.06173709449829033,2.2750749659467108e-11,4.133766432460175e-10,0.0,0.0,0.0,0.0
845,0.24683353373764805,2.455412094686809e-05,1.0368866032049325e-05,5.353903045438721e-10,3.0439772985579183,0.24550782422676665,0.00012654448777517152,4.0246448864655176e-16,0.7531060531600088,1.8491857115109325e-05,5.8313331419453856e-08,7.750542441722095e-06,0.06170838343441201,2.2325868737414576e-11,3.80879810417756e-10,0.0,0.0,0.0,0.0
846,0.24714687679014238,2.4409989781198587e-05,1.0320941130743015e-05,5.544217052003898e-10,3.0439772985579183,0.24582003363206864,0.00012574761955979545,3.994491065209895e-16,0.7527930603495535,1.8375670910489812e-05,5.8957556846533563e-08,7.710575302653082e-06,0.061786719197535596,2.268235824725496e-11,3.946824539347644e-10,0.0,0.0,0.0,0.0
847,0.24698786550947982,2.389667954907086e-05,1.0361583697352913e-05,5.608088178646973e-10,3.0439772985579183,0.24566159746565844,0.00012635086861544946,3.91278834396312e-16,0.7529527400471394,1.7993070344501344e-05,5.8244663996034015e-08,7.743538172153612e-06,0.061746966377369955,2.2018915298735256e-11,4.002436207550857e-10,0.0,0.0,0.0,0.0
848,0.24692832324415623,2.4100237078452762e-05,1.0296575109890608e-05,5.613332357987226e-10,3.0439772985579183,0.24560227064610546,0.0001255983230915975,3.9465233750148635e-16,0.7530121179200394,1.8147770564820777e-05,5.9137765533310067e-08,7.69430806528818e-06,0.06173208081103906,2.0773623768185895e-11,4.0191710497951913e-10,0.0,0.0,0.0,0.0
849,0.2469511757699128,2.4639347044490102e-05,1.0368180192287897e-05,5.367440472258056e-10,3.0439772985579183,0.24562504047707853,0.0001264560622257227,4.041906753223877e-16,0.7529882937678873,1.855313989058544e-05,5.883090305924916e-08,7.74828740940962e-06,0.0617377939424782,2.1267242736571302e-11,3.828947415740584e-10,0.0,0.0,0.0,0.0
850,0.2470656873068789,2.4222917525312535e-05,1.035871259640244e-05,5.642510026640637e-10,3.0439772985579183,0.245739137751185,0.00012626293884237128,3.933038292983423e-16,0.7528744396603619,1.8236815458808836e-05,5.8153336964490635e-08,7.740656604654728e-06,0.06176642182671972,2.1598492493437806e-11,4.032116649650666e-10,0.0,0.0,0.0,0.0
851,0.247086890541052,2.442035656340348e-05,1.0141293055055237e-05,5.474419420680875e-10,3.0439772985579183,0.2457602642998874,0.00012359874316672907,4.024692986054348e-16,0.7528534319552519,1.8384949248329272e-05,5.954921790951978e-08,7.5753580630527765e-06,0.061771722635263,2.3175028343206258e-11,3.889685165390016e-10,0.0,0.0,0.0,0.0
852,0.2469842835741856,2.3867078133114277e-05,1.0566354402486884e-05,5.810398346046323e-10,3.0439772985579183,0.2456580284896966,0.00012885028654152896,3.9024688345997913e-16,0.7529559036534399,1.7970857383286315e-05,5.747477750925153e-08,7.898524149937762e-06,0.0617460708935464,2.1899150777992815e-11,4.1559822294538334e-10,0.0,0.0,0.0,0.0
853,0.24700845220801837,2.4451657513145723e-05,1.0476773990779696e-05,5.831295539111614e-10,3.0439772985579183,0.24568210968568616,0.00012774119210222118,4.0062239174624834e-16,0.7529310590298552,1.8410412386408125e-05,5.801358903885368e-08,7.830274947055345e-06,0.06175211305200459,2.306099442880207e-11,4.1599535814913573e-10,0.0,0.0,0.0,0.0
854,0.24695925185699616,2.3993169704951716e-05,1.027483146869409e-05,5.566942111621417e-10,3.0439772985579183,0.24563308734158396,0.00012531228447850914,3.8808067886924e-16,0.752981402118243,1.8066410565695495e-05,5.7522144256853546e-08,7.679234861569068e-06,0.06173981296424904,2.191354213842862e-11,3.9726684553355013e-10,0.0,0.0,0.0,0.0
855,0.24703667579781913,2.4008341027575785e-05,1.0463460823875386e-05,5.734460294365032e-10,3.0439772985579183,0.24571023117803661,0.00012755962847308224,3.951391505615157e-16,0.7529035353219755,1.8075964836877438e-05,5.818477321850595e-08,7.819791872780263e-06,0.06175916894945478,2.343126949021872e-11,4.0831827338887417e-10,0.0,0.0,0.0,0.0
856,0.24696910597846095,2.431420078293344e-05,1.046327227385518e-05,5.811854244486888e-10,3.0439772985579183,0.24564290580807235,0.00012760360102602575,3.9618411275026667e-16,0.7529706395908029,1.8307879314664592e-05,5.8548935634278295e-08,7.819987880623171e-06,0.061742276494615236,2.26779512542541e-11,4.1493760951372737e-10,0.0,0.0,0.0,0.0
857,0.24734834985058166,2.4002182633744162e-05,1.0478359976794218e-05,5.91849945295537e-10,3.0439772985579183,0.24602077851793053,0.0001275274881877906,3.9340560486235745e-16,0.7525918615531791,1.8063847309668906e-05,5.755569910067484e-08,7.828372741859212e-06,0.061837087462645414,2.264410302892948e-11,4.2277734906118593e-10,0.0,0.0,0.0,0.0
858,0.24695509292444548,2.5178450147756122e-05,1.0139924055885948e-05,5.084478453163111e-10,3.0439772985579183,0.24562894345763225,0.00012366947050463867,4.211453917230584e-16,0.7529840808487591,1.8958972141704447e-05,5.862132562824015e-08,7.576580069469262e-06,0.06173877323111137,2.0092955584432566e-11,3.62760177880602e-10,0.0,0.0,0.0,0.0
859,0.2470333157907967,2.4316244097894572e-05,1.0461564701515799e-05,5.854962641642623e-10,3.0439772985579183,0.24570688332508103,0.00012753873890689445,3.9928269287985355e-16,0.7529064356735711,1.8307856672714313e-05,5.829859925853364e-08,7.818280791728172e-06,0.06175832894769918,2.1789271436394696e-11,4.1903463391571166e-10,0.0,0.0,0.0,0.0
860,0.24708081001258314,2.4374893597630334e-05,1.0260647157510876e-05,5.422351447436469e-10,3.0439772985579183,0.24575420576213614,0.00012505744575301017,4.0117466006785966e-16,0.7528593109290358,1.835086559788054e-05,5.9120941135739566e-08,7.665702807553867e-06,0.061770202503145785,2.3373280297396293e-11,3.848534971358117e-10,0.0,0.0,0.0,0.0
861,0.24704012121052624,2.4044265069949692e-05,1.026423323302609e-05,5.409768826964434e-10,3.0439772985579183,0.24571366412790768,0.0001251286010384246,3.9745205824135945e-16,0.7529004862237191,1.810293886205711e-05,5.885573878749996e-08,7.669090453071498e-06,0.06176003030263156,2.1956354932218504e-11,3.853454030857256e-10,0.0,0.0,0.0,0.0
862,0.24705880478431297,2.4422363790681584e-05,1.008083625013669e-05,5.4535998545731e-10,3.0439772985579183,0.2457322801219255,0.00012288048792386807,4.0152401160205874e-16,0.7528816490142969,1.8387149523555404e-05,5.970111854287835e-08,7.529975500903134e-06,0.06176470119607824,2.1543560941148993e-11,3.890479642163635e-10,0.0,0.0,0.0,0.0
863,0.24708064083121598,2.4467571243459244e-05,1.0372908720377126e-05,5.233071756553861e-10,3.0439772985579183,0.24575403719263444,0.00012642574608573876,4.0469358426803235e-16,0.7528590871301245,1.8420633350642012e-05,5.862315352977497e-08,7.750715436577457e-06,0.061770160207803994,2.1737775847060495e-11,3.722387867054972e-10,0.0,0.0,0.0,0.0
864,0.24694835321715203,2.4284255164568985e-05,1.048361541062584e-05,5.424052020127726e-10,3.0439772985579183,0.24562222813768372,0.00012786596124801403,3.976344826012232e-16,0.7529913900389882,1.828583505243028e-05,5.871323349814007e-08,7.83535890718317e-06,0.06173708830428801,2.1563228381338596e-11,3.868632186466372e-10,0.0,0.0,0.0,0.0
865,0.24704245827662424,2.4703157529231698e-05,1.0451183770393461e-05,5.723115830004723e-10,3.0439772985579183,0.24571599274040576,0.0001274058263690888,4.071714157926193e-16,0.7528967348690948,1.8598926644715442e-05,5.876994154298257e-08,7.80989219470313e-06,0.06176061456915606,2.3998358525477082e-11,4.0689316364334145e-10,0.0,0.0,0.0,0.0
866,0.24697654628260549,2.3844258442618354e-05,1.0700410407947092e-05,5.941357884881775e-10,3.0439772985579183,0.24565031919202315,0.00013049040035583803,3.884813037603162e-16,0.7529633718297355,1.7953853235733554e-05,5.772869431949146e-08,7.999288406410347e-06,0.06174413657065137,2.2495055625762965e-11,4.248674309990137e-10,0.0,0.0,0.0,0.0
867,0.24684891811209922,2.487625798018609e-05,1.0004035287943131e-05,5.185646978171361e-10,3.0439772985579183,0.24552315290935456,0.00012208194531379275,4.1286419018785505e-16,0.7530910091363303,1.8734086225834033e-05,5.962907037008164e-08,7.47431996006247e-06,0.061712229528024805,2.115198812350061e-11,3.6937442345808256e-10,0.0,0.0,0.0,0.0
868,0.24686657845474416,2.4323548001096467e-05,1.0335359122156219e-05,5.803872598233416e-10,3.0439772985579183,0.24554074932521464,0.000126113213580927,3.9807421801857173e-16,0.7530734337986084,1.8317417815350993e-05,5.848762688475773e-08,7.724796756779196e-06,0.06171664461368604,2.2915558933036167e-11,4.141586677550928e-10,0.0,0.0,0.0,0.0
869,0.24688180616225805,2.4399558855197882e-05,1.0387129870366286e-05,5.878061699322205e-10,3.0439772985579183,0.24555592191513767,0.00012673450695440566,3.9530929241782065e-16,0.7530579758430319,1.837428240295824e-05,5.8827465328129255e-08,7.7632835296686e-06,0.06172045154056451,2.3256715772274276e-11,4.1939540874492893e-10,0.0,0.0,0.0,0.0
870,0.24679478133892646,2.4889909385133533e-05,1.0311181901298718e-05,5.581830241671312e-10,3.0439772985579183,0.24546921212771208,0.00012586666770791476,4.1059431836227925e-16,0.7531444268993462,1.8745696539443054e-05,5.910229150902948e-08,7.706706892199505e-06,0.061698695334731615,2.1991696413755464e-11,3.984007374275425e-10,0.0,0.0,0.0,0.0
871,0.24704774433985904,2.3945280132704413e-05,1.040642344872905e-05,5.591475704557486e-10,3.0439772985579183,0.24572125968325934,0.0001268567771004004,3.861347428145873e-16,0.7528926915016552,1.8028226407872936e-05,5.735285203469182e-08,7.77756730718486e-06,0.06176193608496476,2.1374950139647924e-11,3.9960316912739203e-10,0.0,0.0,0.0,0.0
872,0.24726499159849338,2.385910366811578e-05,1.0325755347438987e-05,5.718514913869446e-10,3.0439772985579183,0.2459377214736825,0.00012572658733302295,3.8729705956974376e-16,0.752675773213957,1.7958169301591e-05,5.755717803236835e-08,7.714388712119422e-06,0.061816247899623346,2.3087279549922413e-11,4.073314838933005e-10,0.0,0.0,0.0,0.0
873,0.24710129106694184,2.3985436033143167e-05,1.0291361407099577e-05,5.464229781485473e-10,3.0439772985579183,0.24577461274721912,0.00012541807099643545,3.956160707555547e-16,0.7528393484696109,1.805718003595103e-05,5.879630988835783e-08,7.688945506697786e-06,0.06177532276673546,2.1125111663305946e-11,3.902436071948708e-10,0.0,0.0,0.0,0.0
874,0.24713639499449883,2.436124375976719e-05,1.0461502831755458e-05,5.515238505967355e-10,3.0439772985579183,0.24580958973607014,0.00012746732550712194,4.013273593271921e-16,0.7528032972900889,1.833922462844034e-05,5.928234862119837e-08,7.816171477733911e-06,0.061784098748624706,2.2968591623335257e-11,3.922203816400136e-10,0.0,0.0,0.0,0.0
875,0.246886928909573,2.4551343814861014e-05,1.0352634686619909e-05,5.221642483153338e-10,3.0439772985579183,0.2455610261211055,0.00012631012213280628,4.057481146619378e-16,0.7530527031892974,1.8488455826710924e-05,5.942682192692512e-08,7.736652713963482e-06,0.06172173222739325,2.192426815504732e-11,3.712929305476223e-10,0.0,0.0,0.0,0.0
876,0.2469449893394768,2.4220121022744206e-05,1.0240321642706633e-05,5.469890986609757e-10,3.0439772985579183,0.24561887643229868,0.00012490093618967835,3.943008924120604e-16,0.7529953997543202,1.8237639711619287e-05,5.8277934314264615e-08,7.652637154648434e-06,0.0617362473348692,2.1847868896183917e-11,3.900324061112927e-10,0.0,0.0,0.0,0.0
877,0.2469945662997683,2.4480187613327356e-05,1.0332042637577061e-05,5.451680736898471e-10,3.0439772985579183,0.24566827401318203,0.00012598596504526986,4.011428569383658e-16,0.7529452279610307,1.8432240443045566e-05,5.934148985169764e-08,7.720120709201851e-06,0.06174864157494207,2.174235263020761e-11,3.887393468912703e-10,0.0,0.0,0.0,0.0
878,0.2468987635960139,2.397923767686963e-05,1.0520593438651334e-05,5.843142164507878e-10,3.0439772985579183,0.24557281797433378,0.00012835126079971282,3.863050713773586e-16,0.7530413512847671,1.8057357542968506e-05,5.730297176654788e-08,7.865138927593108e-06,0.061724690899003475,2.174285701162985e-11,4.1826991011937127e-10,0.0,0.0,0.0,0.0
879,0.2469837979621237,2.4448132898758676e-05,1.0543735364326568e-05,5.543269060862278e-10,3.0439772985579183,0.2456575446345783,0.00012857465614078358,3.9907618479673896e-16,0.7529555655097068,1.8408357732441306e-05,5.7925739558949324e-08,7.881038484272257e-06,0.06174594949053092,2.168115865938161e-11,3.9570237039002016e-10,0.0,0.0,0.0,0.0
880,0.2470341191487312,2.4568168857280706e-05,1.0467546582289703e-05,5.305049075962874e-10,3.0439772985579183,0.24570768377703497,0.0001276110473682081,4.0424672054531865e-16,0.7529052398388415,1.8497503065892087e-05,5.767465536789678e-08,7.823396014695177e-06,0.0617585297871828,2.172387447622271e-11,3.7769605021324254e-10,0.0,0.0,0.0,0.0
881,0.24695597047529028,2.443257104877501e-05,1.031738753160859e-05,5.522420177001261e-10,3.0439772985579183,0.24562981783314403,0.00012583339368835636,4.054435372745713e-16,0.7529839254681544,1.839733325758619e-05,5.90152571962857e-08,7.709811706930542e-06,0.06173899261882257,2.233646322348951e-11,3.934928990728055e-10,0.0,0.0,0.0,0.0
882,0.2469604166289327,2.4739499842276708e-05,1.0364777604697817e-05,5.788545935877465e-10,3.0439772985579183,0.24563424789897687,0.00012640825688320422,4.078420068463325e-16,0.7529789103015543,1.862832163264299e-05,5.831829052177765e-08,7.746140655781539e-06,0.061740104157233175,2.2676867832896638e-11,4.131884332698538e-10,0.0,0.0,0.0,0.0
883,0.2471178010379275,2.4723087573223396e-05,1.0167706380020562e-05,5.350298394547701e-10,3.0439772985579183,0.2457910630146027,0.00012389998789669274,4.1486893760831703e-16,0.7528220085559411,1.8612084444578463e-05,5.919336468391963e-08,7.5952797747302166e-06,0.06177945025948187,2.2355898853935015e-11,3.804263395217677e-10,0.0,0.0,0.0,0.0
884,0.24703673106961685,2.4146058284543725e-05,1.0445890275943243e-05,5.453851582288282e-10,3.0439772985579183,0.2457102862499025,0.00012734536045709915,3.9139292828878266e-16,0.7529033125269722,1.817964726690231e-05,5.8059378883510175e-08,7.806686012167445e-06,0.06175918276740421,2.253693320668647e-11,3.8808535902684513e-10,0.0,0.0,0.0,0.0
885,0.24701654439049955,2.4619415039302845e-05,1.0128319854753188e-05,5.40497948918882e-10,3.0439772985579183,0.24569017259393705,0.00012348727611991294,4.074734623295353e-16,0.7529235021399231,1.853653619202819e-05,6.02383191305996e-08,7.565611736703488e-06,0.06175413609762489,2.097635614584719e-11,3.859772524536027e-10,0.0,0.0,0.0,0.0
886,0.2469446625568306,2.4572505981562815e-05,1.0483324262003607e-05,5.643312795565307e-10,3.0439772985579183,0.24561855083213363,0.000127864874163217,4.0402286273682707e-16,0.7529946468781747,1.850296546449873e-05,5.8381194216918667e-08,7.83550585655989e-06,0.06173616563920765,2.130011978417126e-11,4.0363831278780704e-10,0.0,0.0,0.0,0.0
887,0.24700534140861935,2.4539721662515174e-05,1.0476589874803717e-05,5.609830151205391e-10,3.0439772985579183,0.24567901014014384,0.0001277410612869082,4.045944867487263e-16,0.752934037509588,1.847679171071905e-05,5.8132801737489076e-08,7.830048312030543e-06,0.06175133535215484,2.2288033157454747e-11,4.00095173391555e-10,0.0,0.0,0.0,0.0
888,0.24696166512365558,2.4195848878679797e-05,1.0297598611625858e-05,5.448939827181018e-10,3.0439772985579183,0.2456354918762399,0.00012558826434038358,3.9551163071488877e-16,0.7529786324763829,1.8218957200273536e-05,5.9050453684081276e-08,7.694821266688656e-06,0.061740416280913896,2.0792827094399422e-11,3.8950069885728665e-10,0.0,0.0,0.0,0.0
889,0.2470134355986169,2.4187221980800167e-05,1.0279371014291508e-05,5.645421995934843e-10,3.0439772985579183,0.24568707504829101,0.00012533107991031882,4.0029829441246673e-16,0.7529269201610391,1.8211210553255257e-05,5.7689139426645786e-08,7.681926019556516e-06,0.06175335889965423,2.1639029518493262e-11,4.0341999012236756e-10,0.0,0.0,0.0,0.0
890,0.24687339826499027,2.4842649054579102e-05,1.0267832735736344e-05,5.401453883226348e-10,3.0439772985579183,0.24554754445034552,0.00012528454880240128,4.1110317228641836e-16,0.7530659855145848,1.870815399307958e-05,6.0037277291147e-08,7.672318300945058e-06,0.06171834956624757,2.2108546698921692e-11,3.846565724794214e-10,0.0,0.0,0.0,0.0
891,0.24707836643400008,2.391258685679321e-05,1.0627932413195866e-05,5.800124545027639e-10,3.0439772985579183,0.24575177102109846,0.00012953562121394927,3.908245084974785e-16,0.7528616206859141,1.8002868895798026e-05,5.867955182821466e-08,7.942682869310783e-06,0.06176959160850002,2.0997152743143084e-11,4.1567196377182274e-10,0.0,0.0,0.0,0.0
892,0.24689771446105044,2.45835513001273e-05,1.0367820310535732e-05,5.584971618048482e-10,3.0439772985579183,0.24557177263641808,0.0001264880471472193,4.0351629614291556e-16,0.7530418355040993,1.851244259425705e-05,5.862581569352038e-08,7.748776621128988e-06,0.06172442861526261,2.2493870309954957e-11,3.9807785753939784e-10,0.0,0.0,0.0,0.0
893,0.24718578444287675,2.4431233533354496e-05,1.034931465896479e-05,5.389026130495195e-10,3.0439772985579183,0.24585880061776808,0.0001260669361481559,4.0259147720829016e-16,0.7527540598328133,1.8390710228956164e-05,5.964636306001771e-08,7.730842262962975e-06,0.06179644611071919,2.1877329244254624e-11,3.837838005832828e-10,0.0,0.0,0.0,0.0
894,0.24697521108360573,2.4341863088355484e-05,1.0332942650665845e-05,5.467641064414892e-10,3.0439772985579183,0.2456489888239261,0.000126010087198392,4.027309534911302e-16,0.7529647878787219,1.8328565776896478e-05,5.890703874740903e-08,7.721434932374198e-06,0.06174380277090143,2.2062525781211814e-11,3.89631593645203e-10,0.0,0.0,0.0,0.0
895,0.24698546087803344,2.4526121942779257e-05,1.0157025140820975e-05,5.36821685833599e-10,3.0439772985579183,0.24565920153407497,0.00012385796917037636,4.0007170177808873e-16,0.7529546588404435,1.8467057780104473e-05,5.762141267058369e-08,7.590157987070083e-06,0.06174636521950836,2.0514261746665165e-11,3.8368812756832417e-10,0.0,0.0,0.0,0.0
896,0.24723121222234531,2.4523328945540242e-05,1.0331239813286847e-05,5.888474004681616e-10,3.0439772985579183,0.2459040641845055,0.00012581603012930267,4.0231363137114356e-16,0.752708537601318,1.8458919067713666e-05,5.832808131209283e-08,7.718084330155563e-06,0.06180780305558633,2.2413950787092583e-11,4.208165148896349e-10,0.0,0.0,0.0,0.0
897,0.2470410742965688,2.4062580672529938e-05,1.0539049556993214e-05,5.747513748260281e-10,3.0439772985579183,0.24571461376645257,0.00012847804650610388,3.9753121806459224e-16,0.7528988847796929,1.8116690153269184e-05,5.695495002082894e-08,7.877883708077278e-06,0.0617602685741422,2.1582222186353525e-11,4.111474469457583e-10,0.0,0.0,0.0,0.0
898,0.24692360307719136,2.434153344131058e-05,1.0386244741857543e-05,5.778701732747592e-10,3.0439772985579183,0.2455975675605924,0.00012669524006684717,3.992886686091519e-16,0.7530162717030439,1.8329570759510655e-05,5.942803482188918e-08,7.761583257687022e-06,0.06173090076929784,2.377132646190479e-11,4.1137431694584627e-10,0.0,0.0,0.0,0.0
899,0.24683438724184167,2.3832984848511538e-05,1.0604787419328883e-05,5.677480997040675e-10,3.0439772985579183,0.24550867464116324,0.00012942323799529156,3.875401521891072e-16,0.7531057526715731,1.7948757992748478e-05,5.7096479693700735e-08,7.929429931662008e-06,0.06170859681046042,2.2318662784464457e-11,4.0525569717102264e-10,0.0,0.0,0.0,0.0
900,0.24682986411913213,2.3850179837031602e-05,1.0477110577079726e-05,5.637791111473565e-10,3.0439772985579183,0.24550416789286858,0.00012786819636344618,3.853927975655806e-16,0.7531105379997116,1.7961821768456745e-05,5.9252859766361774e-08,7.83116952362062e-06,0.06170746602978303,2.1099689330852756e-11,4.0348830037833214e-10,0.0,0.0,0.0,0.0
901,0.24691760923756376,2.4267387863396426e-05,1.062465373417917e-05,5.681513885985396e-10,3.0439772985579183,0.24559159541206968,0.00012960754496562334,3.933088254449241e-16,0.7530218382343867,1.8273873018041623e-05,5.743131300294414e-08,7.943164972512496e-06,0.06172940230939094,2.1148968577360695e-11,4.0668143446053097e-10,0.0,0.0,0.0,0.0
902,0.24706708838115035,2.4559095025437734e-05,1.0390648013826959e-05,5.609357166077292e-10,3.0439772985579183,0.2457405337580116,0.00012665115029161873,4.054053697934963e-16,0.7528724604335065,1.8489866297821596e-05,5.8554928459128625e-08,7.764277807209302e-06,0.06176677209528759,2.171460331817188e-11,4.005984497893213e-10,0.0,0.0,0.0,0.0
903,0.24700053361575333,2.4228020034360878e-05,1.0585295911085802e-05,5.497473164119129e-10,3.0439772985579183,0.24567421974057338,0.00012906988870886506,3.983018221264066e-16,0.75293906879419,1.824222284339866e-05,5.826189298789555e-08,7.911820953215995e-06,0.06175013340393833,2.2415457297637016e-11,3.915107751936536e-10,0.0,0.0,0.0,0.0
904,0.24686286184366385,2.400658541861906e-05,1.064140618761457e-05,5.829629853966404e-10,3.0439772985579183,0.24553704616712896,0.00012985019305873448,3.909723123066061e-16,0.7530769360805947,1.807880579281072e-05,5.846521360302943e-08,7.955332353754832e-06,0.06171571546091596,2.2824726709775103e-11,4.161912521811233e-10,0.0,0.0,0.0,0.0
905,0.2470580826930146,2.4456744428353065e-05,1.0394921114709706e-05,5.720376108470157e-10,3.0439772985579183,0.24573156064238874,0.00012670939330872624,3.992406912353394e-16,0.7528816097928421,1.841303311551058e-05,5.778417529585777e-08,7.768360767216391e-06,0.06176452067325365,1.9010235906922634e-11,4.1166636140962997e-10,0.0,0.0,0.0,0.0
906,0.24686216488211088,2.4751681505399803e-05,1.0364544457181394e-05,5.464598946290049e-10,3.0439772985579183,0.2455363517283853,0.0001264722192564212,4.0986789608345754e-16,0.7530771364836144,1.8639925431240922e-05,5.9281270189877834e-08,7.746020190581405e-06,0.06171554122052772,2.3288459717652723e-11,3.8823799293269595e-10,0.0,0.0,0.0,0.0
907,0.24689977712261768,2.4661119464599823e-05,1.0199716678118398e-05,5.544839602840389e-10,3.0439772985579183,0.24557382783277906,0.00012443583551979433,4.052133916163086e-16,0.7530400359505774,1.8570810288203735e-05,5.865685747057646e-08,7.622138156505407e-06,0.06172494428065442,2.1327223255396404e-11,3.962213981309148e-10,0.0,0.0,0.0,0.0
908,0.24684120206533539,2.435977808423631e-05,1.025735252186893e-05,5.37245906137063e-10,3.0439772985579183,0.2455154647944742,0.00012517847336313714,3.985863033143688e-16,0.7530989300548672,1.8345322811612366e-05,5.793879982078792e-08,7.666862409594297e-06,0.061710300516333846,2.1484895968444632e-11,3.8311442111973504e-10,0.0,0.0,0.0,0.0
909,0.24700128822182574,2.3878514250851738e-05,1.0353067406005073e-05,5.764639520131955e-10,3.0439772985579183,0.24567497161666313,0.00012623791646675965,3.8846302749198887e-16,0.7529393648988278,1.797907335476392e-05,5.7415557909836474e-08,7.737816439522379e-06,0.061750322055456434,2.1017113429196913e-11,4.130252884866869e-10,0.0,0.0,0.0,0.0
910,0.24692176735403204,2.4635096294386812e-05,1.0639951134016305e-05,5.842086564387999e-10,3.0439772985579183,0.24559573848067695,0.0001297911504299011,4.0478841145777744e-16,0.7530170920758456,1.8550648574607595e-05,5.887427671175395e-08,7.9531907860543e-06,0.06173044183850801,2.3025221602129898e-11,4.168938820349519e-10,0.0,0.0,0.0,0.0
911,0.24715151680867029,2.4521915058173895e-05,1.0447535936003836e-05,5.608067075244913e-10,3.0439772985579183,0.2458246568739072,0.00012728676613614785,4.05601253575463e-16,0.7527879662946746,1.8459802566293483e-05,5.912184561911156e-08,7.805657484435745e-06,0.06178787920216757,2.2942624254371955e-11,3.992259165874023e-10,0.0,0.0,0.0,0.0
912,0.24703664955085608,2.4303561928298076e-05,1.0383616014355093e-05,5.334621847037883e-10,3.0439772985579183,0.24571020502601545,0.00012658621710464273,4.0079981458430655e-16,0.7529032975992233,1.829823191922256e-05,5.824400518237311e-08,7.75961473302968e-06,0.06175916238771402,2.2191167873143105e-11,3.7945427013482503e-10,0.0,0.0,0.0,0.0
913,0.24691950059351503,2.4258174657357913e-05,1.0362555611288096e-05,5.557212994336525e-10,3.0439772985579183,0.24559347992333816,0.00012640909022319606,4.001144041201587e-16,0.7530205530185884,1.8266904095705162e-05,5.864843490902231e-08,7.744568922189016e-06,0.06172987514837876,2.2006906724968758e-11,3.964626534987688e-10,0.0,0.0,0.0,0.0
914,0.246933624831655,2.4160399191756452e-05,1.0619994042583885e-05,5.565775617865825e-10,3.0439772985579183,0.24560755304847157,0.00012953957474279082,3.908557934326963e-16,0.7530059956277931,1.8192925448153496e-05,5.7054997608882957e-08,7.939864189988226e-06,0.06173340620791375,2.0646148515208637e-11,3.984600925419865e-10,0.0,0.0,0.0,0.0
915,0.24712527759936007,2.4361977974050276e-05,1.0198104689041606e-05,5.556529225502908e-10,3.0439772985579183,0.24579851254045718,0.00012426549533815778,4.0601986160608423e-16,0.7528150074901369,1.834006263100921e-05,5.953068195892048e-08,7.617755575907136e-06,0.061781319399840016,2.2261273635587773e-11,3.9604258541602583e-10,0.0,0.0,0.0,0.0
916,0.24723265427575397,2.3962065258093222e-05,1.0564897151556306e-05,5.856099247634803e-10,3.0439772985579183,0.24590550102564726,0.00012866061607374451,3.942694462579085e-16,0.7527074129628375,1.8036424149666037e-05,5.804747380709843e-08,7.8942289293593e-06,0.06180816356893849,2.274491190379037e-11,4.180480195702908e-10,0.0,0.0,0.0,0.0
917,0.2471213023164466,2.4469740270255457e-05,1.0329413052292149e-05,5.683870338088789e-10,3.0439772985579183,0.2457945516322443,0.00012586812081381713,4.018855349310079e-16,0.7528185236220184,1.8421273743667964e-05,5.874510032962302e-08,7.71742838357896e-06,0.06178032557911165,2.283761997998219e-11,4.050546676579163e-10,0.0,0.0,0.0,0.0
918,0.24696010414791839,2.4264756143938773e-05,1.0494155909469085e-05,5.411582672034413e-10,3.0439772985579183,0.24563393654862392,0.0001279864344881359,3.993716800357456e-16,0.7529796456090065,1.827086748205198e-05,5.867758719409561e-08,7.843208210483598e-06,0.061740026036979596,2.3044347746889193e-11,3.8443681251034207e-10,0.0,0.0,0.0,0.0
919,0.24706794142007332,2.392381107025094e-05,1.0380146180428889e-05,5.483685474392115e-10,3.0439772985579183,0.24574138371165308,0.0001265227284628361,3.8927178834810297e-16,0.7528725877459713,1.801158154920554e-05,5.884676151012874e-08,7.75608075453083e-06,0.06176698535501833,2.1129219086570106e-11,3.917224282624885e-10,0.0,0.0,0.0,0.0
920,0.24701207904089958,2.4262971751131696e-05,1.0277611686106999e-05,5.347826922851651e-10,3.0439772985579183,0.24568572339804368,0.00012531052497095384,3.9446113201359763e-16,0.7529281666825279,1.8268274838849553e-05,5.75045181642341e-08,7.680798806531234e-06,0.061753019760224896,2.09204803124761e-11,3.817324717633397e-10,0.0,0.0,0.0,0.0
921,0.24704705371870342,2.432360430627693e-05,1.0429066120638156e-05,5.287413991584746e-10,3.0439772985579183,0.24572057156014807,0.00012713316387017001,4.004449172783993e-16,0.7528927614599485,1.8313065614811933e-05,5.887054417531351e-08,7.79309784684034e-06,0.061761763429675855,2.138657211701095e-11,3.766989999936099e-10,0.0,0.0,0.0,0.0
922,0.24697362293001404,2.487578807555611e-05,1.0241386901389042e-05,5.453079226108375e-10,3.0439772985579183,0.2456474064164886,0.0001248945336252146,4.115015368512707e-16,0.7529657787215837,1.873061713962419e-05,5.97070353748538e-08,7.651706828018573e-06,0.06174340573250351,2.2701727433821142e-11,3.878964771578972e-10,0.0,0.0,0.0,0.0
923,0.24702770421913778,2.4805761176080947e-05,1.0161052064531734e-05,5.241531220489648e-10,3.0439772985579183,0.24570129205237343,0.0001238788652009591,4.166071418384572e-16,0.7529119887763122,1.8676554980193338e-05,5.937553054495321e-08,7.591002387421287e-06,0.061756926054784445,2.222180164880431e-11,3.7241936789639484e-10,0.0,0.0,0.0,0.0
924,0.24727180142595107,2.3858266718661328e-05,1.0377465841232052e-05,5.701646266256662e-10,3.0439772985579183,0.24594450669071333,0.00012635157295539629,3.8827552100844274e-16,0.7526688484376165,1.7957374136852332e-05,5.8279643427658e-08,7.752515620993171e-06,0.061817950356487766,2.1015959374672605e-11,4.0812919356753116e-10,0.0,0.0,0.0,0.0
925,0.24677804802509004,2.4770832979120005e-05,1.0328842562300015e-05,5.633846467109878e-10,3.0439772985579183,0.24545253940197045,0.0001260936219616691,4.084613603246627e-16,0.753161298287453,1.8656432726215682e-05,5.938376170863407e-08,7.719900712319949e-06,0.06169451200627251,2.2329280952090688e-11,4.0199023099997494e-10,0.0,0.0,0.0,0.0
926,0.24693889823644155,2.4458969140858526e-05,1.0259644469850807e-05,5.321380420004781e-10,3.0439772985579183,0.24561280737050786,0.0001251406480636432,4.0387295064858527e-16,0.753001087129282,1.8417630353128032e-05,5.8310627652864106e-08,7.66721281170472e-06,0.06173472455911039,2.144168574618606e-11,3.792588383830215e-10,0.0,0.0,0.0,0.0
927,0.24709599438961793,2.436814375380797e-05,1.0351038107857374e-05,5.395613181823507e-10,3.0439772985579183,0.24576933522463904,0.00012614880734586944,4.026563623085717e-16,0.7528439338014427,1.8345409203055848e-05,5.9162518615637294e-08,7.73355372943235e-06,0.061773998597404484,2.1108379114897158e-11,3.850970861925956e-10,0.0,0.0,0.0,0.0
928,0.24694638204795544,2.420680883816917e-05,1.0480609603149912e-05,5.611576956528328e-10,3.0439772985579183,0.2456202641012013,0.00012783067608274936,3.976134148062763e-16,0.752993484364965,1.8227569332409634e-05,5.813083056427383e-08,7.833699912780491e-06,0.06173659551198886,2.3044985159275246e-11,3.995031033685659e-10,0.0,0.0,0.0,0.0
929,0.24697695583352974,2.4898680817350627e-05,1.0489471867890386e-05,5.648986818453754e-10,3.0439772985579183,0.24565072726115045,0.00012791755617342138,4.1098262250708983e-16,0.7529618511606245,1.874775679968986e-05,5.839349211080647e-08,7.839778663233232e-06,0.061744238958382436,2.2333937407291016e-11,4.0301321979319953e-10,0.0,0.0,0.0,0.0
930,0.24698713150700172,2.463593949736501e-05,1.0304526021777565e-05,5.362292126310515e-10,3.0439772985579183,0.24566086611876403,0.00012565542953209798,4.022099678980191e-16,0.7529524898288186,1.8549691983813117e-05,5.927129440557126e-08,7.699547230197697e-06,0.06174678287675043,2.2212923929439763e-11,3.815421968400575e-10,0.0,0.0,0.0,0.0
931,0.24706618236637087,2.4281179812951875e-05,1.045369045026011e-05,5.707081280449653e-10,3.0439772985579183,0.2457396310201287,0.0001274202390671318,4.022844578242819e-16,0.7528736423829931,1.8280660287133483e-05,5.876323603624612e-08,7.811544769595394e-06,0.06176654559159272,2.131669967866211e-11,4.083544074201305e-10,0.0,0.0,0.0,0.0
932,0.24699301772064405,2.451796978730884e-05,1.0554675611136349e-05,5.765297269743578e-10,3.0439772985579183,0.24566673103659986,0.00012870166357273024,4.035816262248151e-16,0.7529462165079579,1.8460712587810613e-05,5.936683065119135e-08,7.887736237222742e-06,0.06174825443016101,2.289301274057225e-11,4.1120286388913643e-10,0.0,0.0,0.0,0.0
933,0.24716404599264233,2.438941946009613e-05,1.0550781682560508e-05,5.96428328128373e-10,3.0439772985579183,0.24583714075824634,0.00012853599178369796,3.9892961160945244e-16,0.7527754042491444,1.8359755093475812e-05,5.8427259830478996e-08,7.883941686403476e-06,0.06179101149816058,2.2255058867191115e-11,4.2672151694528626e-10,0.0,0.0,0.0,0.0
934,0.24710633453078812,2.4392960853355946e-05,1.0643468433967415e-05,5.917750892343187e-10,3.0439772985579183,0.24577963797240568,0.0001297053462363194,4.0080522647642775e-16,0.752832896446061,1.8363823372127335e-05,5.809582921100662e-08,7.954657340164904e-06,0.06177658363269703,2.0508620399472938e-11,4.2499913407342537e-10,0.0,0.0,0.0,0.0
935,0.2470234193082865,2.413368711320179e-05,1.0419586991390649e-05,5.762231146679015e-10,3.0439772985579183,0.24569702264179424,0.00012703380248498154,3.938779816277429e-16,0.7529167011010643,1.817065608667716e-05,5.7110665284240716e-08,7.78797039910917e-06,0.061755854827071625,2.0787998832509812e-11,4.130600077614269e-10,0.0,0.0,0.0,0.0
936,0.2469187163078516,2.453926958115072e-05,1.0250360110604886e-05,5.689507591022717e-10,3.0439772985579183,0.24559269847594267,0.0001250409568163333,4.0557474487832623e-16,0.7530211673015201,1.84785894247248e-05,5.814881966560739e-08,7.660589316083023e-06,0.0617296790769629,2.2135070188454263e-11,4.062968945678243e-10,0.0,0.0,0.0,0.0
937,0.246838100459366,2.4323220369765226e-05,1.038206911935071e-05,5.443596862464848e-10,3.0439772985579183,0.245512374416474,0.00012670256294469533,4.013248897835692e-16,0.7531018046852923,1.8317861156228254e-05,5.96602888316508e-08,7.759094701318811e-06,0.0617095251148415,2.2406180006264108e-11,3.875520821038831e-10,0.0,0.0,0.0,0.0
938,0.24719024874651996,2.396628320260128e-05,1.0339045455044519e-05,5.631384443883602e-10,3.0439772985579183,0.24586324878250837,0.000125938944640443,3.8892209150975014e-16,0.7527503188738826,1.804062732297989e-05,5.890981935664356e-08,7.723809943779683e-06,0.06179756218662999,2.330750912855859e-11,4.005951344549217e-10,0.0,0.0,0.0,0.0
939,0.24694007558610995,2.4054162706989812e-05,1.060502858275706e-05,5.901363111517947e-10,3.0439772985579183,0.24561398045978175,0.00012935257650537355,3.878160639559087e-16,0.7529997389971852,1.8112778240159154e-05,5.9126714683026245e-08,7.926457040190728e-06,0.06173501889652749,2.2644496531426517e-11,4.2172799173863655e-10,0.0,0.0,0.0,0.0
940,0.24701953918147057,2.444523236516638e-05,1.0376932521914795e-05,5.47579628891713e-10,3.0439772985579183,0.24569315655120638,0.00012651634315074807,4.0187416148230544e-16,0.7529202083087227,1.8405309444536202e-05,5.790943144589613e-08,7.75509276455975e-06,0.06175488479536764,2.1989859099699038e-11,3.902939091510626e-10,0.0,0.0,0.0,0.0
941,0.2471269800549691,2.3787379896577125e-05,1.0639417199594452e-05,5.694184976429007e-10,3.0439772985579183,0.24580020884002213,0.00012964174814214676,3.8699556249563887e-16,0.7528131735598459,1.7907452950615905e-05,5.7551531362872625e-08,7.951941895491036e-06,0.06178174501374228,2.0498374421951873e-11,4.081673718722798e-10,0.0,0.0,0.0,0.0
942,0.2468908853814324,2.4445250307120914e-05,1.0412194198548106e-05,5.594230152870923e-10,3.0439772985579183,0.24556496827310756,0.000127034095141326,3.995902305075516e-16,0.7530487720696872,1.840846572671355e-05,5.734809041556394e-08,7.783541965352208e-06,0.0617227213453581,2.1329196112404527e-11,3.999436186170622e-10,0.0,0.0,0.0,0.0
943,0.2468982349873899,2.4028011742612658e-05,1.0382565389513773e-05,5.538759882255792e-10,3.0439772985579183,0.24557229127885744,0.00012666771854901303,3.931879107504558e-16,0.7530421183577872,1.8094104862582823e-05,5.835606918391374e-08,7.760152965723782e-06,0.06172455874684747,2.017877852372094e-11,3.96913168957182e-10,0.0,0.0,0.0,0.0
944,0.24701603767839705,2.4675977081633725e-05,1.03424843535233e-05,5.44883059979929e-10,3.0439772985579183,0.24568966771488587,0.00012609867715271137,4.0838938886219616e-16,0.7529234399116853,1.8579121547485574e-05,5.967240612569466e-08,7.72742649056185e-06,0.061754009419599264,2.2146057737533968e-11,3.881091701321594e-10,0.0,0.0,0.0,0.0
945,0.24706804835466717,2.4219168753926265e-05,1.0562873820158446e-05,5.699688430558368e-10,3.0439772985579183,0.2457414902594853,0.00012874975963855483,3.9230965658345374e-16,0.7528716233295184,1.8233924895460017e-05,5.982865412852459e-08,7.892659305879036e-06,0.06176701208866679,2.2384348272631738e-11,4.067290198460637e-10,0.0,0.0,0.0,0.0
946,0.24696230488143403,2.3921524295902944e-05,1.0568625101116787e-05,5.690995055631197e-10,3.0439772985579183,0.24563612931917522,0.00012889319304480975,3.903779467038829e-16,0.7529777935473881,1.8012376582619237e-05,5.7277553343338834e-08,7.900662456125121e-06,0.06174057622035851,2.333032505504843e-11,4.05188964952779e-10,0.0,0.0,0.0,0.0
947,0.24712286741833556,2.4307544081171436e-05,1.0413285837086083e-05,5.597666974048383e-10,3.0439772985579183,0.2457961110746675,0.00012688908681255545,3.9694904371898134e-16,0.7528170134717871,1.8299132740021295e-05,5.8985260953020226e-08,7.780313483350183e-06,0.06178071685458389,2.180778392531417e-11,3.9959410945596173e-10,0.0,0.0,0.0,0.0
948,0.24698061976289076,2.4455505530166606e-05,1.0252371240474713e-05,5.584507112119614e-10,3.0439772985579183,0.24565437793414766,0.0001250238857952206,4.0245639597325886e-16,0.7529593904326541,1.841400253671665e-05,6.004801478818984e-08,7.659571184928925e-06,0.06174515494072269,2.2543453548311814e-11,3.979472535525288e-10,0.0,0.0,0.0,0.0
949,0.24708802736649255,2.4509750474151382e-05,1.024538459142651e-05,5.496650212884437e-10,3.0439772985579183,0.24576139701396613,0.00012486655221241987,4.066446917783692e-16,0.7528519255402146,1.8452212838975057e-05,5.929661408822859e-08,7.653960903467265e-06,0.06177200684162314,2.180796020918507e-11,3.920084094699228e-10,0.0,0.0,0.0,0.0
950,0.24699539017038807,2.4438580363020366e-05,1.0384573572691407e-05,5.647320400400166e-10,3.0439772985579183,0.24566909490316735,0.00012662594185461787,3.9802875893606873e-16,0.7529443480549268,1.8400890958822307e-05,5.726345451103007e-08,7.761742524007524e-06,0.06174884754259702,2.1637801514704896e-11,4.0357399619895425e-10,0.0,0.0,0.0,0.0
951,0.246946058609436,2.451876725353375e-05,1.0329703263318642e-05,5.566350204817847e-10,3.0439772985579183,0.2456199418330557,0.0001259902880167514,4.046336100556406e-16,0.7529936789009163,1.8462476756353692e-05,5.9257182694310516e-08,7.718944079506794e-06,0.061736514652359,2.200073932822887e-11,3.9714191254943715e-10,0.0,0.0,0.0,0.0
952,0.2470331830209871,2.4873236032624825e-05,1.0319314423515774e-05,5.385866172768001e-10,3.0439772985579183,0.24570675103553954,0.0001258045446318316,4.119372009327189e-16,0.7529060512994575,1.8727209924362943e-05,5.961502836833612e-08,7.709859246358464e-06,0.06175829575524677,2.133616910948155e-11,3.8416895418712623e-10,0.0,0.0,0.0,0.0
953,0.24690047470346058,2.4062080419525895e-05,1.0307816797938815e-05,5.691175041893896e-10,3.0439772985579183,0.2455745228889438,0.0001257542875533565,3.935467003396098e-16,0.7530399962853391,1.8119708949737312e-05,5.8790901050151006e-08,7.703407422179651e-06,0.061725118675865144,2.0930296134594615e-11,4.076379471061048e-10,0.0,0.0,0.0,0.0
954,0.24708137851180534,2.418858872193512e-05,1.0594515756117998e-05,5.436229899549733e-10,3.0439772985579183,0.24575477220531317,0.00012912618248557642,3.945363560206941e-16,0.7528582689605047,1.821057903379366e-05,5.7305218115292e-08,7.918863574510496e-06,0.061770344627951335,2.119666263460434e-11,3.8807440055003064e-10,0.0,0.0,0.0,0.0
955,0.24693841837132027,2.410322176583813e-05,1.0587172243829428e-05,5.77794650929159e-10,3.0439772985579183,0.24561232924184728,0.0001291359226852269,3.933750312954245e-16,0.7530013626017285,1.8149758832767752e-05,5.7139148114845955e-08,7.915015977587911e-06,0.06173460459283007,2.1629877537478953e-11,4.1345028191616783e-10,0.0,0.0,0.0,0.0
956,0.2469227582302541,2.4350253677547487e-05,1.034795552558366e-05,5.807846251749466e-10,3.0439772985579183,0.24559672577104064,0.0001262287598950214,4.0110375992008273e-16,0.7530171898256478,1.8336159595808454e-05,5.787415663122854e-08,7.734314233684562e-06,0.06173068955756353,2.2151389896455218e-11,4.1518941644672526e-10,0.0,0.0,0.0,0.0
957,0.24707215417077463,2.394982019944809e-05,1.0478979176482965e-05,5.844133922047332e-10,3.0439772985579183,0.2457455812257782,0.00012772445851449833,3.881756609455859e-16,0.7528681127712741,1.8031055934769824e-05,5.769099850180723e-08,7.831598277866403e-06,0.06176803854269366,2.2313013938422497e-11,4.1767319372901345e-10,0.0,0.0,0.0,0.0
958,0.2468940404420933,2.4562532428225077e-05,1.0349195736534628e-05,5.391288987420332e-10,3.0439772985579183,0.24556811191465835,0.0001262633334304147,4.0598060001556934e-16,0.7530455830561151,1.849670655374749e-05,5.8827730787034906e-08,7.734588406793544e-06,0.06172351011052332,2.3354700693580886e-11,3.826339352020147e-10,0.0,0.0,0.0,0.0
959,0.2469923313393392,2.4368025077962298e-05,1.019490276661696e-05,5.357388508321775e-10,3.0439772985579183,0.24566604713853726,0.00012431529367163606,3.982957668422251e-16,0.7529479414368412,1.8347854319333032e-05,5.820696757410283e-08,7.618024083698895e-06,0.0617480828348348,2.0935383479251562e-11,3.824480814025754e-10,0.0,0.0,0.0,0.0
960,0.246977019808524,2.5021830284474088e-05,1.0195087670784796e-05,5.423282754210943e-10,3.0439772985579183,0.24565079100467688,0.0001243276209057136,4.141621881932595e-16,0.752962266797589,1.884049405042217e-05,5.976822350167435e-08,7.616748099292597e-06,0.061744254952131,2.2025088409650544e-11,3.863276391998438e-10,0.0,0.0,0.0,0.0
961,0.24693162738663366,2.4075430851281477e-05,1.0564101785315642e-05,5.978827985422146e-10,3.0439772985579183,0.24560556283166238,0.00012885924495984285,3.909976813418388e-16,0.7530082469002862,1.812899797869253e-05,5.733846709287842e-08,7.897517298343837e-06,0.061732906846658414,2.2354274887280432e-11,4.278564030948296e-10,0.0,0.0,0.0,0.0
962,0.24693518073847426,2.494465332654628e-05,1.0132971103457226e-05,5.393754344095149e-10,3.0439772985579183,0.24560910332492503,0.00012359796426116777,4.1151204780222487e-16,0.753004359040502,1.8783432689643507e-05,5.92123456908633e-08,7.5709590652438736e-06,0.061733795184618565,2.1333613964958003e-11,3.8481843930477114e-10,0.0,0.0,0.0,0.0
963,0.246938812851456,2.4158196689767505e-05,1.0489856507627496e-05,5.790429113129226e-10,3.0439772985579183,0.2456127222944999,0.0001279486760661262,3.9291790688749745e-16,0.7530011051798147,1.819114880654627e-05,5.796004459351676e-08,7.840913498827659e-06,0.061734703212864,2.2429908427601036e-11,4.1359004373756704e-10,0.0,0.0,0.0,0.0
964,0.2470072662167204,2.4260847288245077e-05,1.0527192989139376e-05,5.578149345811323e-10,3.0439772985579183,0.24568092798490135,0.00012835678882913414,3.9684823646704694e-16,0.7529324184934807,1.826677842343937e-05,5.803888528936201e-08,7.868225991970963e-06,0.0617518165541801,2.2103205972199393e-11,3.978937417937553e-10,0.0,0.0,0.0,0.0
965,0.24696119521319645,2.439785305652574e-05,1.0609383291537044e-05,5.235974687148067e-10,3.0439772985579183,0.24563502366606701,0.00012939090617555428,4.0088416484463913e-16,0.752978094031232,1.837104889295682e-05,5.845628260251295e-08,7.930176927105848e-06,0.061740298803299114,2.029573614254404e-11,3.739616878899087e-10,0.0,0.0,0.0,0.0
966,0.2471292554730684,2.4341528380098392e-05,1.0394262090746765e-05,5.664195577071126e-10,3.0439772985579183,0.24580247603032127,0.00012665292662301307,4.012497388108994e-16,0.7528106176891122,1.8324561015318924e-05,5.8419077401971314e-08,7.766491787555623e-06,0.0617823138682671,2.1576863451932945e-11,4.048297936567522e-10,0.0,0.0,0.0,0.0
967,0.2469664609013095,2.425843201028155e-05,1.0768328195230093e-05,5.532324181908839e-10,3.0439772985579183,0.24564027030141672,0.0001313256367806727,3.9540251714430954e-16,0.7529726795404512,1.8265936552231552e-05,5.6797845744461615e-08,8.051459089588932e-06,0.061741615225327375,2.132453444859227e-11,3.952443618852411e-10,0.0,0.0,0.0,0.0
968,0.24695338761132923,2.454969725899733e-05,1.034140977401019e-05,5.287047913100186e-10,3.0439772985579183,0.24562724431505817,0.00012612808799807533,4.021266199285398e-16,0.7529862776143061,1.8485585155610534e-05,5.9063512427793654e-08,7.727876138588341e-06,0.06173834690283231,2.19985140803253e-11,3.7610893868505413e-10,0.0,0.0,0.0,0.0
969,0.24698103156594658,2.4678074561254276e-05,1.044356084839547e-05,5.429115542110009e-10,3.0439772985579183,0.2456547882472819,0.000127354960840102,4.0785720857287804e-16,0.7529582117616929,1.858155889136374e-05,5.9149033102478734e-08,7.804415867729801e-06,0.061745257891486646,2.227156779799572e-11,3.865181452054809e-10,0.0,0.0,0.0,0.0
970,0.24698909314289497,2.4278808683695383e-05,1.019151823428576e-05,5.373152069995686e-10,3.0439772985579183,0.24566282065757536,0.0001242762103128394,4.00425259463685e-16,0.7529513213532273,1.828076107927065e-05,6.015683086830248e-08,7.613560290232671e-06,0.06174727328572374,2.295689920298475e-11,3.816152958905233e-10,0.0,0.0,0.0,0.0
971,0.24677179523100623,2.4481833580008494e-05,1.0523109861532798e-05,5.617628631632372e-10,3.0439772985579183,0.24544630924906652,0.00012846954139925256,4.0215097158590443e-16,0.7531675469693285,1.8438922542766333e-05,5.9036878943801083e-08,7.866627961955607e-06,0.06169294880775156,2.186931444667149e-11,4.0123224318045044e-10,0.0,0.0,0.0,0.0
972,0.2469333275186637,2.4358100580608827e-05,1.0576104897125555e-05,5.53069198252587e-10,3.0439772985579183,0.2456072568113718,0.0001290044000479105,4.0064373537100267e-16,0.7530060943570372,1.8341798184160134e-05,5.785135546951594e-08,7.906020086625334e-06,0.061733331879665926,2.226256814842688e-11,3.942019087369316e-10,0.0,0.0,0.0,0.0
973,0.24711848289788962,2.4182927412410624e-05,1.024927961604289e-05,5.528059883231406e-10,3.0439772985579183,0.24579174240889604,0.0001248936564230249,3.9382437769126875e-16,0.7528219556650212,1.8205438708316216e-05,5.768653942033382e-08,7.658196185286712e-06,0.061779620724472406,2.257721389782397e-11,3.9358727133493765e-10,0.0,0.0,0.0,0.0
974,0.24687407689786836,2.409536779063498e-05,1.0473835097052812e-05,5.639066808634709e-10,3.0439772985579183,0.24554822062686724,0.00012779776399736773,3.8982159969611037e-16,0.7530659668620212,1.8145401442150535e-05,5.835760677708802e-08,7.82913114733836e-06,0.06171851922446709,2.1279714762254757e-11,4.033792150821481e-10,0.0,0.0,0.0,0.0
975,0.247090613825713,2.4389797482649937e-05,1.0398140417140324e-05,5.382123583958559e-10,3.0439772985579183,0.24576397411925102,0.0001267264881176199,4.0293794731465025e-16,0.7528491749674614,1.8361838912436472e-05,5.7908052072917766e-08,7.77032338216699e-06,0.06177265345642825,2.1211764640742676e-11,3.839809653348691e-10,0.0,0.0,0.0,0.0
976,0.24700556048161593,2.4650934541505616e-05,1.0418152092127893e-05,5.48894984962016e-10,3.0439772985579183,0.24567922842060136,0.0001270283738034608,4.0298558452783763e-16,0.7529337830482613,1.856052140001088e-05,5.93710971548864e-08,7.784807569943127e-06,0.06175139012040398,2.136777815753372e-11,3.9191379936613555e-10,0.0,0.0,0.0,0.0
977,0.2467503540962118,2.4093279660843174e-05,1.0461645157970277e-05,5.524206842736784e-10,3.0439772985579183,0.24542494575619728,0.0001277340171185183,3.919889739796343e-16,0.7531897105617622,1.8146810334234062e-05,5.698317073071573e-08,7.822620317800778e-06,0.06168758852405295,2.0244736285863865e-11,3.958328390105586e-10,0.0,0.0,0.0,0.0
978,0.2470574342340935,2.4587685875467725e-05,1.023358782181028e-05,5.289057114300493e-10,3.0439772985579183,0.2457309145289116,0.0001247432759299442,4.08909657349434e-16,0.7528824256417005,1.851163658283832e-05,5.769593833004647e-08,7.646992483971844e-06,0.06176435855852337,2.179020970364199e-11,3.764136052535628e-10,0.0,0.0,0.0,0.0
979,0.24686514326114148,2.468396843023942e-05,1.0241517308904068e-05,5.172570201727132e-10,3.0439772985579183,0.2455393193265503,0.0001249690550562234,4.092081615738255e-16,0.7530745383997534,1.8588868131476637e-05,5.922994194827599e-08,7.653395977967739e-06,0.06171628581528537,2.115891463019081e-11,3.6837417707040715e-10,0.0,0.0,0.0,0.0
980,0.24705305476283676,2.4229425042433024e-05,1.0423357692396549e-05,5.560333015915008e-10,3.0439772985579183,0.2457265508981433,0.00012705950354098146,3.9908133333659525e-16,0.7528869154453727,1.824201708321227e-05,5.7594083013522394e-08,7.790015538598713e-06,0.06176326369070919,2.1756747891769745e-11,3.9687344942836196e-10,0.0,0.0,0.0,0.0
981,0.24658636554540064,2.4504673916422556e-05,1.0382304558675607e-05,5.625653888817863e-10,3.0439772985579183,0.24526155125133753,0.0001268771339867058,4.0555188413667537e-16,0.7533532455098186,1.846067562509673e-05,5.7718586313000666e-08,7.763824248836653e-06,0.06164659138635016,2.2034374446238484e-11,4.017760870793485e-10,0.0,0.0,0.0,0.0
982,0.24706470656869106,2.4360918106846625e-05,1.0344783622119255e-05,5.685255744376465e-10,3.0439772985579183,0.24573816056017528,0.0001260937930240032,3.9942130242285503e-16,0.7528752439779518,1.8340732163219057e-05,5.921038037614045e-08,7.729121113026014e-06,0.061766176642172765,2.2143309257386807e-11,4.0588552130506144e-10,0.0,0.0,0.0,0.0
983,0.24706198802812646,2.4352117793412106e-05,1.0394624865244763e-05,5.526478147866897e-10,3.0439772985579183,0.24573545185222212,0.00012670314876738506,3.97206562788397e-16,0.7528778630713122,1.8334170405564985e-05,5.859583163648824e-08,7.767287124336915e-06,0.061765497007031614,1.994755902421158e-11,3.961287468034217e-10,0.0,0.0,0.0,0.0
984,0.2468736920292682,2.4462354563000424e-05,1.034949929328845e-05,5.596449413826397e-10,3.0439772985579183,0.24554783715132353,0.00012628088149518044,3.979491228012564e-16,0.7530660799127417,1.84217694561943e-05,5.8796709849427844e-08,7.735060152006995e-06,0.06171842300731705,2.3617987798786368e-11,3.9783163435123413e-10,0.0,0.0,0.0,0.0
985,0.2469913337376663,2.430283145102038e-05,1.04948067874349e-05,5.521235099936921e-10,3.0439772985579183,0.24566505314607504,0.00012797287153257683,3.963921667032169e-16,0.7529483596571226,1.8298777076069324e-05,5.7274997462338506e-08,7.844772558055206e-06,0.061747833434416574,2.0030619847399155e-11,3.956898713304843e-10,0.0,0.0,0.0,0.0
986,0.24709226740929674,2.4555813035693516e-05,1.0594908667449371e-05,5.700333775985439e-10,3.0439772985579183,0.24576562172269578,0.00012912331829001701,4.037886895425261e-16,0.7528468270263425,1.8486765928973964e-05,5.9243273636911616e-08,7.917100099286243e-06,0.061773066852324185,2.1806251087761576e-11,4.073415685364112e-10,0.0,0.0,0.0,0.0
987,0.2471120943376938,2.407147759820619e-05,1.0645872445526527e-05,5.732782720863001e-10,3.0439772985579183,0.24578537695058503,0.00012973070852733223,3.9169349393368303e-16,0.7528276157764081,1.8121673088472784e-05,5.7311113920705334e-08,7.95719565710479e-06,0.06177802358442345,2.1703053953786607e-11,4.098766607973617e-10,0.0,0.0,0.0,0.0
988,0.24717977736394112,2.4177061179257524e-05,1.051886909140957e-05,5.699228246191377e-10,3.0439772985579183,0.24585281525546882,0.0001281364466986469,3.9729734468626386e-16,0.7527600660284901,1.819952616967274e-05,5.817610915223569e-08,7.860008482642276e-06,0.06179494434098528,2.1764873001693927e-11,4.0725027008975176e-10,0.0,0.0,0.0,0.0
989,0.24700997272055697,2.4428894121563037e-05,1.0348617241755386e-05,5.719256227266255e-10,3.0439772985579183,0.24568362469755683,0.00012617762546764244,4.001759661761716e-16,0.7529298624301106,1.8393243890268195e-05,5.8179666833488766e-08,7.733603289343265e-06,0.06175249318013924,2.153805206540893e-11,4.090818283744045e-10,0.0,0.0,0.0,0.0
990,0.24707754917409736,2.4110020023308323e-05,1.043744327705122e-05,5.568719698470673e-10,3.0439772985579183,0.24575095671695,0.0001272144783037579,3.894514456482055e-16,0.7528625709483614,1.8151531660364377e-05,5.743771098756888e-08,7.800522668700903e-06,0.06176938729352434,2.1811623057183115e-11,3.974364398509584e-10,0.0,0.0,0.0,0.0
991,0.24708430117530578,2.4432939924366047e-05,1.0510768824444268e-05,5.500234712891063e-10,3.0439772985579183,0.24575768429872527,0.00012810343010444334,4.0289559443965746e-16,0.7528551677376835,1.8394465085083344e-05,5.816289069075999e-08,7.854923735688243e-06,0.061771075293826444,2.2124529202978636e-11,3.919634835340444e-10,0.0,0.0,0.0,0.0
992,0.24706330903266388,2.4366925577734092e-05,1.0437834380986316e-05,5.493619277184338e-10,3.0439772985579183,0.24573676807884298,0.00012722891854997513,4.0370979736640014e-16,0.7528764223080591,1.8345283751611178e-05,5.7896208090398054e-08,7.800503197310634e-06,0.06176582725816597,2.2787576700784606e-11,3.908140659921284e-10,0.0,0.0,0.0,0.0
993,0.24717167165884038,2.3881343276537127e-05,1.0462177630356309e-05,5.65977431888492e-10,3.0439772985579183,0.24584473885471622,0.0001274515038816807,3.8738662140672643e-16,0.7527687443019291,1.797712879052217e-05,5.853379581963236e-08,7.817066521647418e-06,0.061792917914710095,2.083263575429277e-11,4.0521748495163794e-10,0.0,0.0,0.0,0.0
994,0.24701633533545245,2.4069036642076437e-05,1.0419950215930094e-05,5.460669887438174e-10,3.0439772985579183,0.24568996429515455,0.00012704308559648736,3.9417096782662626e-16,0.7529238811951308,1.8122152485180007e-05,5.797317321741326e-08,7.787456185220714e-06,0.06175408383386311,2.2219686959233672e-11,3.8892718959829903e-10,0.0,0.0,0.0,0.0
995,0.24726638021725994,2.472031520270958e-05,1.0278887604021077e-05,5.503787914374436e-10,3.0439772985579183,0.2459391050739864,0.00012515479314503306,4.0543051528701833e-16,0.752673194317886,1.860631860816842e-05,5.984812982932875e-08,7.676795037123737e-06,0.061816595054314985,2.329791440701074e-11,3.909574486290275e-10,0.0,0.0,0.0,0.0
996,0.24681761990831338,2.4405344876069635e-05,1.0534367233514844e-05,5.581614623814813e-10,3.0439772985579183,0.24549196800947554,0.00012857529023805697,4.012926278430913e-16,0.7531218157701676,1.8380197647562718e-05,5.9210603469023645e-08,7.874451175425433e-06,0.061704404977078346,2.2022069089038313e-11,3.9834150495263494e-10,0.0,0.0,0.0,0.0
997,0.24701816678881636,2.3544078016756697e-05,1.0553532238719972e-05,5.786749361113518e-10,3.0439772985579183,0.2456917891231876,0.00012867057327984794,3.81476948899586e-16,0.7529225384521386,1.7726866985891647e-05,5.7875620482154155e-08,7.888116662331369e-06,0.06175454169720409,2.1437719501089042e-11,4.142596823344991e-10,0.0,0.0,0.0,0.0
998,0.24704800591190246,2.4439777045127266e-05,1.025213346236925e-05,5.3783286920305e-10,3.0439772985579183,0.24572152030917283,0.0001249757039992454,4.019162852555553e-16,0.7528920339794959,1.840051344951126e-05,5.784261985645272e-08,7.660906995255984e-06,0.061762001477975614,2.1459077523498182e-11,3.8347100531181437e-10,0.0,0.0,0.0,0.0
999,0.24698832425322131,2.402370185741366e-05,1.0416059344589139e-05,5.929935076047276e-10,3.0439772985579183,0.24566205454969228,0.00012701478734492415,3.8961221432815737e-16,0.7529519668587179,1.808869356476705e-05,5.751585741638945e-08,7.78527651300913e-06,0.06174708106330533,2.1263004339186216e-11,4.252326235462435e-10,0.0,0.0,0.0,0.0
1000,0.24712430482017414,2.4032014179969383e-05,1.0542276427589552e-05,5.509313492616992e-10,3.0439772985579183,0.245797543278839,0.00012845990541583002,3.9547771977447116e-16,0.7528156997494612,1.8091677571282624e-05,5.85977954678632e-08,7.877793410320216e-06,0.061781076205043535,2.0153856002392923e-11,3.9459591320596795e-10,0.0,0.0,0.0,0.0
